{"type":"FeatureCollection","name":"parcelles","crs":{"type":"name","properties":{"name":"urn:ogc:def:crs:EPSG::2154"}},"features":[{"type":"Feature","properties":{"idu":"49353000AM0002","section":"AM","numero":"0002","libelle":"AM 0002","code_insee":"49353","commune":"Trélazé","contenance":287},"geometry":{"type":"MultiPolygon","coordinates":[[[[438235.63,6711236.39],[438234.24,6711238.71],[438232.31,6711237.99],[438231.84,6711238.32],[438231.44,6711238.67],[438230.98,6711239.11],[438230.64,6711239.57],[438230.18,6711240.14],[438229.65,6711240.88],[438229.05,6711241.73],[438228.48,6711242.54],[438227.98,6711243.17],[438227.43,6711243.8],[438227.14,6711244.08],[438226.8,6711244.38],[438226.32,6711244.74],[438225.81,6711245.2],[438225.13,6711245.74],[438224.55,6711246.15],[438223.78,6711246.77],[438222.83,6711247.47],[438221.49,6711248.55],[438220.62,6711249.27],[438219.95,6711249.82],[438219.18,6711250.47],[438218.66,6711250.99],[438218.18,6711251.54],[438217.31,6711252.47],[438216.68,6711253.22],[438216.31,6711253.79],[438215.85,6711254.39],[438215.58,6711255.05],[438230.04,6711261.97],[438230.98,6711259.34],[438231.27,6711258.53],[438231.64,6711257.53],[438232.17,6711256.3],[438232.94,6711254.46],[438233.4,6711253.46],[438233.94,6711252.21],[438234.25,6711251.45],[438234.66,6711250.62],[438235.17,6711249.69],[438235.75,6711248.5],[438236.25,6711247.62],[438237.06,6711246.08],[438237.95,6711244.35],[438238.7,6711243.03],[438239.03,6711242.38],[438239.29,6711241.75],[438239.58,6711241.12],[438239.86,6711240.29],[438240.22,6711239.41],[438240.48,6711238.61],[438235.63,6711236.39]]]]}},{"type":"Feature","properties":{"idu":"49353000AM0013","section":"AM","numero":"0013","libelle":"AM 0013","code_insee":"49353","commune":"Trélazé","contenance":317472},"geometry":{"type":"MultiPolygon","coordinates":[[[[437911.53,6711108.26],[437910.89,6711107.3],[437910.1,6711105.97],[437909.53,6711104.95],[437909.08,6711103.93],[437908.76,6711103.19],[437908.51,6711102.32],[437908.23,6711101.24],[437908.08,6711100.24],[437908.0,6711099.73],[437907.92,6711099.0],[437907.88,6711098.2],[437907.9,6711097.34],[437907.95,6711096.41],[437908.01,6711095.83],[437908.18,6711094.91],[437908.41,6711093.88],[437908.72,6711092.91],[437909.08,6711092.06],[437909.4,6711091.39],[437909.81,6711090.57],[437910.33,6711089.66],[437910.9,6711088.73],[437911.69,6711087.68],[437901.49,6711072.39],[437893.19,6711060.03],[437886.84,6711050.56],[437880.75,6711041.47],[437874.74,6711045.31],[437868.36,6711049.34],[437865.15,6711051.36],[437860.52,6711054.32],[437857.56,6711056.23],[437853.05,6711059.17],[437849.18,6711061.64],[437847.1,6711062.98],[437845.1,6711064.27],[437841.61,6711066.49],[437837.12,6711069.23],[437834.73,6711070.69],[437832.5,6711072.17],[437829.83,6711073.73],[437826.11,6711076.04],[437822.56,6711078.2],[437819.27,6711080.19],[437816.52,6711081.82],[437812.75,6711084.0],[437810.83,6711085.17],[437807.25,6711087.3],[437805.54,6711088.28],[437803.08,6711089.7],[437800.59,6711091.11],[437799.17,6711091.74],[437797.99,6711092.16],[437796.98,6711092.43],[437796.17,6711092.64],[437794.88,6711092.87],[437793.57,6711093.06],[437792.24,6711093.26],[437791.05,6711093.39],[437790.18,6711093.39],[437789.29,6711093.37],[437788.33,6711093.33],[437788.02,6711093.31],[437786.97,6711093.15],[437785.89,6711092.99],[437785.11,6711092.81],[437784.03,6711092.57],[437782.53,6711092.14],[437780.81,6711091.61],[437778.7,6711090.92],[437776.46,6711090.16],[437773.35,6711089.01],[437771.0,6711088.12],[437769.69,6711087.64],[437768.15,6711087.0],[437766.83,6711086.48],[437765.39,6711085.76],[437764.23,6711085.16],[437763.22,6711084.6],[437761.68,6711083.72],[437760.32,6711082.95],[437758.84,6711081.97],[437757.28,6711080.9],[437755.4,6711079.6],[437753.0,6711077.86],[437751.56,6711076.78],[437750.65,6711076.04],[437749.25,6711074.7],[437748.91,6711074.36],[437747.78,6711073.27],[437746.99,6711072.33],[437746.05,6711071.15],[437745.26,6711070.04],[437744.52,6711068.97],[437743.9,6711067.89],[437743.18,6711066.34],[437742.47,6711064.72],[437741.48,6711062.14],[437740.52,6711059.55],[437739.83,6711057.4],[437739.12,6711055.14],[437738.37,6711052.38],[437737.71,6711050.35],[437737.26,6711049.15],[437736.73,6711048.29],[437736.13,6711047.35],[437735.69,6711046.78],[437735.17,6711046.26],[437734.73,6711045.88],[437733.81,6711045.12],[437732.27,6711044.01],[437731.43,6711043.44],[437729.21,6711041.9],[437726.76,6711040.23],[437723.52,6711038.04],[437722.73,6711037.48],[437721.13,6711036.5],[437718.11,6711034.75],[437714.66,6711032.81],[437711.81,6711031.17],[437707.18,6711028.55],[437704.95,6711027.32],[437701.24,6711025.2],[437697.19,6711022.96],[437694.23,6711021.36],[437690.43,6711019.35],[437685.88,6711016.9],[437681.49,6711014.59],[437678.69,6711013.15],[437676.34,6711011.99],[437675.43,6711011.58],[437674.47,6711011.21],[437672.72,6711010.66],[437671.45,6711010.42],[437669.86,6711010.13],[437668.18,6711009.94],[437666.4,6711009.82],[437664.63,6711009.76],[437661.75,6711009.63],[437654.14,6711009.26],[437646.32,6711008.96],[437636.58,6711008.64],[437628.93,6711008.44],[437621.88,6711008.17],[437609.52,6711007.81],[437595.58,6711007.49],[437582.57,6711007.12],[437577.01,6711006.97],[437571.03,6711006.77],[437566.14,6711006.63],[437556.59,6711001.99],[437554.32,6711003.6],[437550.39,6711006.79],[437545.75,6711010.47],[437547.17,6711010.89],[437548.25,6711011.4],[437548.78,6711011.74],[437549.2,6711012.19],[437549.67,6711012.56],[437550.2,6711013.11],[437550.54,6711013.56],[437550.74,6711014.03],[437550.83,6711014.54],[437550.84,6711015.11],[437550.65,6711016.04],[437550.02,6711018.55],[437549.07,6711022.67],[437548.04,6711027.2],[437543.93,6711032.97],[437540.52,6711037.79],[437538.93,6711038.7],[437537.03,6711039.87],[437534.07,6711041.57],[437532.2,6711042.61],[437527.47,6711045.48],[437522.42,6711048.59],[437519.16,6711050.61],[437515.35,6711047.3],[437512.28,6711044.78],[437511.59,6711044.39],[437512.2,6711044.11],[437511.34,6711041.99],[437509.66,6711042.83],[437509.25,6711043.04],[437503.85,6711037.81],[437501.89,6711039.11],[437498.3,6711042.06],[437495.89,6711043.96],[437491.85,6711047.22],[437487.67,6711050.64],[437484.04,6711053.6],[437480.24,6711058.45],[437478.04,6711061.23],[437475.21,6711064.79],[437471.89,6711069.05],[437469.83,6711071.64],[437466.15,6711074.26],[437462.91,6711076.56],[437456.17,6711077.44],[437449.42,6711078.32],[437444.89,6711078.91],[437443.44,6711080.05],[437441.98,6711081.14],[437438.38,6711084.03],[437436.94,6711086.19],[437435.98,6711087.65],[437433.99,6711090.7],[437433.24,6711091.87],[437430.57,6711095.32],[437428.73,6711097.72],[437427.94,6711100.22],[437427.16,6711102.59],[437426.43,6711104.81],[437425.71,6711107.05],[437425.09,6711109.16],[437424.24,6711111.83],[437423.51,6711114.05],[437422.81,6711116.31],[437422.18,6711118.21],[437421.42,6711120.64],[437420.72,6711122.91],[437420.01,6711125.37],[437419.54,6711127.33],[437419.0,6711129.63],[437418.48,6711132.11],[437418.01,6711134.03],[437417.72,6711135.72],[437417.33,6711137.58],[437416.94,6711139.65],[437416.64,6711141.48],[437416.23,6711143.6],[437415.85,6711145.7],[437415.64,6711147.42],[437415.38,6711149.48],[437415.12,6711151.44],[437414.92,6711153.17],[437414.76,6711154.9],[437414.63,6711156.45],[437414.51,6711158.2],[437414.4,6711160.22],[437414.32,6711161.67],[437414.29,6711163.34],[437414.31,6711164.87],[437414.35,6711167.05],[437414.4,6711169.03],[437414.5,6711170.99],[437414.69,6711173.01],[437414.87,6711175.27],[437415.11,6711177.18],[437415.37,6711178.89],[437415.75,6711180.67],[437416.11,6711182.78],[437416.54,6711185.23],[437417.05,6711187.74],[437417.63,6711190.51],[437418.0,6711192.42],[437418.54,6711194.41],[437419.1,6711196.66],[437419.74,6711199.01],[437420.34,6711201.28],[437421.05,6711203.67],[437421.89,6711206.35],[437422.51,6711208.21],[437423.04,6711209.67],[437423.87,6711211.26],[437424.86,6711213.27],[437426.17,6711215.74],[437428.01,6711219.24],[437429.92,6711222.95],[437431.96,6711226.82],[437434.13,6711231.07],[437435.79,6711234.32],[437437.43,6711237.55],[437439.24,6711241.14],[437441.06,6711244.64],[437446.53,6711250.1],[437451.01,6711254.8],[437452.97,6711255.61],[437454.5,6711256.28],[437455.85,6711256.95],[437456.73,6711257.37],[437462.33,6711254.14],[437466.28,6711259.8],[437467.5,6711260.74],[437472.95,6711254.32],[437478.37,6711257.93],[437482.15,6711262.63],[437482.11,6711265.13],[437482.18,6711266.24],[437482.23,6711268.85],[437482.25,6711270.88],[437482.19,6711273.27],[437482.03,6711277.98],[437482.01,6711281.15],[437482.01,6711283.28],[437481.93,6711284.57],[437481.82,6711285.36],[437481.58,6711286.23],[437480.8,6711288.8],[437479.89,6711292.1],[437479.28,6711293.79],[437478.15,6711296.98],[437476.47,6711295.67],[437473.77,6711293.55],[437471.69,6711291.89],[437470.51,6711290.91],[437469.27,6711289.73],[437466.44,6711287.19],[437463.75,6711284.7],[437462.62,6711283.76],[437460.54,6711282.3],[437462.45,6711285.96],[437464.02,6711289.03],[437465.46,6711291.9],[437467.36,6711295.52],[437469.09,6711298.87],[437470.58,6711301.79],[437471.89,6711304.34],[437474.02,6711308.36],[437476.27,6711312.67],[437478.04,6711316.01],[437479.95,6711319.69],[437481.8,6711323.15],[437483.64,6711326.47],[437480.33,6711328.3],[437476.61,6711330.44],[437478.36,6711333.55],[437482.1,6711331.48],[437485.47,6711329.54],[437487.19,6711332.8],[437488.91,6711336.02],[437490.96,6711339.89],[437493.04,6711343.78],[437495.78,6711348.97],[437500.59,6711358.02],[437502.22,6711359.3],[437502.35,6711360.82],[437508.35,6711371.22],[437511.61,6711376.85],[437514.54,6711381.9],[437517.05,6711386.28],[437520.24,6711391.78],[437523.3,6711397.08],[437525.67,6711401.2],[437528.13,6711405.43],[437530.65,6711409.82],[437532.88,6711413.67],[437534.94,6711417.22],[437537.24,6711421.21],[437539.31,6711424.83],[437540.76,6711427.42],[437542.55,6711430.45],[437543.33,6711431.88],[437544.92,6711434.56],[437546.56,6711437.38],[437548.44,6711440.54],[437550.62,6711444.03],[437553.17,6711448.3],[437555.21,6711451.6],[437557.25,6711454.9],[437559.07,6711458.07],[437560.71,6711460.71],[437563.61,6711465.35],[437565.45,6711468.37],[437567.11,6711471.1],[437568.25,6711473.18],[437569.62,6711475.6],[437570.85,6711477.95],[437572.22,6711480.46],[437573.35,6711482.66],[437574.68,6711485.17],[437576.34,6711488.34],[437578.14,6711491.75],[437580.0,6711495.29],[437581.16,6711497.51],[437582.51,6711500.01],[437584.04,6711503.0],[437585.67,6711506.31],[437587.37,6711509.71],[437589.2,6711513.34],[437591.4,6711517.77],[437593.03,6711521.22],[437594.7,6711524.63],[437596.07,6711527.5],[437597.49,6711530.58],[437598.83,6711533.6],[437599.97,6711536.14],[437601.69,6711540.12],[437602.88,6711542.92],[437604.0,6711545.53],[437605.39,6711548.87],[437606.49,6711551.57],[437607.89,6711554.88],[437609.12,6711557.99],[437610.46,6711561.15],[437611.51,6711563.81],[437612.06,6711565.51],[437612.76,6711567.71],[437613.67,6711570.81],[437614.27,6711572.9],[437630.48,6711567.98],[437645.66,6711563.43],[437661.55,6711558.68],[437666.78,6711557.11],[437674.15,6711554.89],[437676.74,6711562.96],[437677.92,6711562.5],[437680.91,6711561.5],[437681.07,6711560.42],[437684.99,6711560.44],[437688.78,6711560.51],[437697.45,6711560.55],[437707.08,6711560.64],[437717.94,6711560.59],[437729.46,6711560.6],[437741.5,6711560.64],[437753.66,6711560.64],[437765.79,6711560.63],[437779.39,6711560.64],[437788.7,6711560.72],[437798.22,6711560.76],[437808.74,6711560.73],[437817.23,6711560.68],[437825.08,6711560.66],[437833.72,6711560.48],[437842.36,6711560.38],[437849.59,6711560.29],[437852.91,6711560.22],[437854.85,6711560.0],[437857.92,6711559.6],[437863.16,6711558.91],[437868.97,6711558.17],[437875.12,6711557.44],[437879.72,6711556.81],[437888.59,6711555.59],[437895.44,6711554.67],[437904.08,6711553.5],[437909.84,6711552.78],[437913.71,6711552.19],[437920.88,6711551.21],[437927.14,6711550.33],[437934.89,6711549.29],[437944.43,6711548.03],[437956.48,6711546.36],[437967.05,6711544.92],[437976.51,6711543.66],[437984.32,6711542.57],[437993.04,6711541.39],[437997.56,6711540.79],[438004.88,6711539.74],[438009.7,6711539.07],[438016.22,6711538.17],[438019.95,6711537.6],[438021.69,6711537.37],[438023.02,6711537.13],[438027.32,6711536.3],[438029.18,6711535.94],[438033.33,6711535.11],[438037.17,6711534.29],[438041.87,6711533.37],[438046.75,6711532.49],[438050.65,6711531.76],[438056.37,6711530.7],[438058.34,6711531.12],[438077.01,6711525.75],[438094.09,6711518.42],[438115.68,6711507.23],[438118.12,6711506.1],[438124.73,6711500.73],[438129.01,6711496.33],[438131.62,6711492.69],[438139.35,6711475.36],[438156.66,6711436.67],[438148.47,6711428.67],[438133.48,6711410.49],[438128.49,6711403.62],[438125.1,6711396.72],[438123.46,6711389.84],[438124.29,6711383.4],[438129.79,6711368.51],[438150.27,6711323.92],[438163.38,6711297.19],[438164.42,6711291.58],[438171.03,6711273.88],[438176.97,6711265.97],[438238.46,6711210.48],[438243.37,6711208.54],[438249.02,6711210.81],[438254.73,6711208.69],[438265.33,6711201.58],[438262.3,6711201.52],[438261.29,6711197.14],[438260.35,6711192.92],[438259.3,6711188.35],[438258.66,6711185.41],[438257.95,6711182.11],[438257.21,6711178.86],[438256.48,6711175.62],[438255.81,6711172.58],[438255.17,6711169.78],[438254.55,6711166.97],[438253.93,6711164.54],[438253.59,6711163.11],[438253.16,6711161.1],[438252.7,6711158.81],[438252.27,6711156.54],[438251.83,6711154.07],[438251.52,6711152.12],[438251.27,6711150.49],[438250.91,6711148.01],[438250.65,6711145.86],[438250.43,6711143.89],[438250.19,6711141.45],[438250.06,6711139.89],[438249.95,6711137.87],[438249.82,6711134.93],[438249.7,6711132.12],[438249.55,6711128.25],[438249.4,6711124.32],[438249.26,6711120.68],[438249.13,6711117.14],[438249.0,6711113.92],[438248.89,6711111.07],[438248.73,6711107.46],[438248.6,6711104.38],[438248.49,6711102.05],[438248.41,6711099.91],[438248.14,6711096.21],[438247.94,6711093.74],[438247.71,6711090.71],[438247.47,6711087.44],[438247.31,6711084.0],[438247.17,6711081.8],[438246.9,6711078.57],[438246.54,6711074.36],[438246.05,6711069.02],[438245.68,6711064.88],[438245.46,6711062.57],[438245.34,6711060.59],[438245.18,6711058.43],[438245.01,6711055.01],[438244.89,6711052.38],[438244.78,6711049.1],[438220.75,6711064.35],[438210.14,6711071.02],[438193.05,6711081.78],[438165.23,6711099.32],[438146.82,6711110.94],[438139.53,6711115.52],[438131.74,6711120.42],[438123.8,6711125.46],[438111.79,6711133.07],[438094.92,6711143.7],[438078.64,6711154.07],[438067.48,6711161.11],[438063.9,6711163.4],[438060.31,6711165.67],[438057.23,6711167.56],[438054.48,6711169.31],[438052.13,6711170.9],[438049.69,6711172.43],[438044.67,6711175.61],[438040.67,6711178.16],[438038.28,6711179.72],[438036.81,6711180.66],[438032.99,6711183.02],[438028.28,6711185.93],[438026.7,6711186.92],[438023.46,6711188.91],[438019.49,6711191.33],[438016.82,6711192.98],[438010.87,6711196.6],[438006.78,6711199.11],[438002.46,6711201.78],[437998.08,6711204.44],[437994.73,6711206.48],[437990.5,6711209.09],[437987.67,6711210.8],[437986.23,6711211.71],[437985.18,6711212.34],[437984.21,6711212.89],[437983.33,6711213.31],[437982.25,6711213.78],[437981.4,6711214.13],[437980.75,6711214.27],[437980.17,6711214.34],[437979.56,6711214.36],[437978.87,6711214.27],[437978.42,6711214.16],[437978.09,6711214.09],[437977.6,6711213.93],[437977.09,6711213.72],[437976.39,6711213.39],[437975.81,6711213.05],[437975.24,6711212.57],[437974.65,6711211.83],[437974.25,6711211.25],[437973.65,6711210.24],[437972.49,6711208.23],[437970.78,6711205.2],[437970.03,6711203.82],[437966.66,6711197.74],[437963.41,6711191.81],[437961.92,6711189.13],[437959.65,6711184.84],[437957.45,6711180.67],[437955.23,6711176.36],[437953.45,6711172.8],[437951.23,6711168.26],[437948.0,6711161.56],[437946.71,6711158.95],[437946.45,6711158.51],[437892.39,6711190.89],[437879.95,6711161.5],[437875.62,6711150.21],[437869.42,6711135.87],[437868.15,6711132.18],[437866.21,6711108.08],[437892.7,6711108.26],[437900.73,6711108.09],[437911.02,6711108.26],[437911.53,6711108.26]]]]}},{"type":"Feature","properties":{"idu":"49353000AM0020","section":"AM","numero":"0020","libelle":"AM 0020","code_insee":"49353","commune":"Trélazé","contenance":2599},"geometry":{"type":"MultiPolygon","coordinates":[[[[438161.92,6711427.7],[438164.51,6711421.88],[438143.36,6711393.44],[438141.06,6711384.3],[438164.77,6711334.19],[438190.36,6711284.39],[438205.77,6711303.42],[438222.59,6711288.82],[438224.94,6711283.17],[438235.9,6711257.27],[438248.62,6711227.06],[438250.74,6711222.12],[438248.96,6711222.43],[438192.22,6711271.18],[438186.42,6711277.36],[438158.71,6711331.08],[438132.94,6711385.29],[438133.54,6711391.43],[438161.92,6711427.7]],[[438235.63,6711236.39],[438240.48,6711238.61],[438240.22,6711239.41],[438239.86,6711240.29],[438239.58,6711241.12],[438239.29,6711241.75],[438239.03,6711242.38],[438238.7,6711243.03],[438237.95,6711244.35],[438237.06,6711246.08],[438236.25,6711247.62],[438235.75,6711248.5],[438235.17,6711249.69],[438234.66,6711250.62],[438234.25,6711251.45],[438233.94,6711252.21],[438233.4,6711253.46],[438232.94,6711254.46],[438232.17,6711256.3],[438231.64,6711257.53],[438231.27,6711258.53],[438230.98,6711259.34],[438230.04,6711261.97],[438215.58,6711255.05],[438215.85,6711254.39],[438216.31,6711253.79],[438216.68,6711253.22],[438217.31,6711252.47],[438218.18,6711251.54],[438218.66,6711250.99],[438219.18,6711250.47],[438219.95,6711249.82],[438220.62,6711249.27],[438221.49,6711248.55],[438222.83,6711247.47],[438223.78,6711246.77],[438224.55,6711246.15],[438225.13,6711245.74],[438225.81,6711245.2],[438226.32,6711244.74],[438226.8,6711244.38],[438227.14,6711244.08],[438227.43,6711243.8],[438227.98,6711243.17],[438228.48,6711242.54],[438229.05,6711241.73],[438229.65,6711240.88],[438230.18,6711240.14],[438230.64,6711239.57],[438230.98,6711239.11],[438231.44,6711238.67],[438231.84,6711238.32],[438232.31,6711237.99],[438234.24,6711238.71],[438235.63,6711236.39]]]]}},{"type":"Feature","properties":{"idu":"49353000AM0021","section":"AM","numero":"0021","libelle":"AM 0021","code_insee":"49353","commune":"Trélazé","contenance":3548},"geometry":{"type":"MultiPolygon","coordinates":[[[[438156.66,6711436.67],[438159.01,6711431.43],[438159.54,6711430.25],[438160.34,6711431.23],[438161.92,6711427.7],[438133.54,6711391.43],[438132.94,6711385.29],[438158.71,6711331.08],[438186.42,6711277.36],[438192.22,6711271.18],[438248.96,6711222.43],[438250.74,6711222.12],[438252.56,6711217.87],[438253.6,6711218.14],[438261.74,6711220.24],[438270.78,6711218.69],[438270.46,6711217.6],[438268.6,6711210.84],[438266.06,6711201.52],[438265.33,6711201.58],[438254.73,6711208.69],[438249.02,6711210.81],[438243.37,6711208.54],[438238.46,6711210.48],[438176.97,6711265.97],[438171.03,6711273.88],[438164.42,6711291.58],[438163.38,6711297.19],[438150.27,6711323.92],[438129.79,6711368.51],[438124.29,6711383.4],[438123.46,6711389.84],[438125.1,6711396.72],[438128.49,6711403.62],[438133.48,6711410.49],[438148.47,6711428.67],[438156.66,6711436.67]]]]}},{"type":"Feature","properties":{"idu":"49353000AM0023","section":"AM","numero":"0023","libelle":"AM 0023","code_insee":"49353","commune":"Trélazé","contenance":4079},"geometry":{"type":"MultiPolygon","coordinates":[[[[438164.51,6711421.88],[438174.59,6711399.24],[438168.72,6711393.01],[438183.9,6711378.74],[438191.75,6711360.95],[438202.84,6711335.79],[438204.67,6711331.69],[438209.4,6711320.57],[438222.59,6711288.82],[438205.77,6711303.42],[438190.36,6711284.39],[438164.77,6711334.19],[438141.06,6711384.3],[438143.36,6711393.44],[438164.51,6711421.88]]]]}},{"type":"Feature","properties":{"idu":"49353000AM0028","section":"AM","numero":"0028","libelle":"AM 0028","code_insee":"49353","commune":"Trélazé","contenance":17},"geometry":{"type":"MultiPolygon","coordinates":[[[[438250.74,6711222.12],[438261.74,6711220.24],[438253.6,6711218.14],[438252.56,6711217.87],[438250.74,6711222.12]]]]}},{"type":"Feature","properties":{"idu":"49353000AN0097","section":"AN","numero":"0097","libelle":"AN 0097","code_insee":"49353","commune":"Trélazé","contenance":204},"geometry":{"type":"MultiPolygon","coordinates":[[[[439119.81,6711179.72],[439129.19,6711178.22],[439131.68,6711177.82],[439131.01,6711172.84],[439130.83,6711171.52],[439129.96,6711165.12],[439129.46,6711161.41],[439117.67,6711163.05],[439118.15,6711166.8],[439119.01,6711173.37],[439119.81,6711179.72]]]]}},{"type":"Feature","properties":{"idu":"49353000AN0098","section":"AN","numero":"0098","libelle":"AN 0098","code_insee":"49353","commune":"Trélazé","contenance":204},"geometry":{"type":"MultiPolygon","coordinates":[[[[439117.67,6711163.05],[439105.74,6711164.81],[439108.11,6711181.55],[439119.81,6711179.72],[439119.01,6711173.37],[439118.15,6711166.8],[439117.67,6711163.05]]]]}},{"type":"Feature","properties":{"idu":"49353000AN0142","section":"AN","numero":"0142","libelle":"AN 0142","code_insee":"49353","commune":"Trélazé","contenance":423},"geometry":{"type":"MultiPolygon","coordinates":[[[[439131.68,6711177.82],[439139.9,6711176.57],[439147.27,6711175.42],[439158.85,6711173.9],[439154.57,6711162.04],[439148.34,6711158.39],[439129.46,6711161.41],[439129.96,6711165.12],[439130.83,6711171.52],[439131.01,6711172.84],[439131.68,6711177.82]]]]}},{"type":"Feature","properties":{"idu":"49353000AN0145","section":"AN","numero":"0145","libelle":"AN 0145","code_insee":"49353","commune":"Trélazé","contenance":118},"geometry":{"type":"MultiPolygon","coordinates":[[[[439108.11,6711181.55],[439108.32,6711183.02],[439109.43,6711190.66],[439113.17,6711190.08],[439121.09,6711188.83],[439119.81,6711179.72],[439108.11,6711181.55]]]]}},{"type":"Feature","properties":{"idu":"49353000AN0146","section":"AN","numero":"0146","libelle":"AN 0146","code_insee":"49353","commune":"Trélazé","contenance":115},"geometry":{"type":"MultiPolygon","coordinates":[[[[439119.81,6711179.72],[439121.09,6711188.83],[439132.86,6711187.05],[439131.84,6711179.07],[439131.68,6711177.82],[439129.19,6711178.22],[439119.81,6711179.72]]]]}},{"type":"Feature","properties":{"idu":"49353000AN0147","section":"AN","numero":"0147","libelle":"AN 0147","code_insee":"49353","commune":"Trélazé","contenance":257},"geometry":{"type":"MultiPolygon","coordinates":[[[[439132.86,6711187.05],[439139.61,6711185.96],[439140.12,6711185.88],[439144.89,6711185.11],[439152.66,6711183.92],[439162.07,6711182.55],[439161.18,6711180.16],[439159.7,6711176.18],[439158.85,6711173.9],[439147.27,6711175.42],[439139.9,6711176.57],[439131.68,6711177.82],[439131.84,6711179.07],[439132.86,6711187.05]]]]}},{"type":"Feature","properties":{"idu":"49353000AN0207","section":"AN","numero":"0207","libelle":"AN 0207","code_insee":"49353","commune":"Trélazé","contenance":2},"geometry":{"type":"MultiPolygon","coordinates":[[[[439101.23,6711165.51],[439099.94,6711165.68],[439099.94,6711167.42],[439101.44,6711167.28],[439101.23,6711165.51]]]]}},{"type":"Feature","properties":{"idu":"49353000AN0326","section":"AN","numero":"0326","libelle":"AN 0326","code_insee":"49353","commune":"Trélazé","contenance":639},"geometry":{"type":"MultiPolygon","coordinates":[[[[438922.36,6711329.2],[438935.66,6711329.79],[438936.05,6711318.84],[438936.22,6711314.67],[438936.34,6711311.0],[438936.63,6711303.09],[438936.83,6711297.53],[438932.61,6711297.53],[438932.23,6711295.83],[438925.48,6711295.84],[438915.94,6711313.82],[438908.13,6711328.69],[438922.36,6711329.2]]]]}},{"type":"Feature","properties":{"idu":"49353000AN0327","section":"AN","numero":"0327","libelle":"AN 0327","code_insee":"49353","commune":"Trélazé","contenance":588},"geometry":{"type":"MultiPolygon","coordinates":[[[[438935.66,6711329.79],[438939.38,6711329.98],[438952.15,6711330.54],[438952.95,6711330.26],[438954.12,6711296.6],[438940.89,6711296.19],[438940.81,6711297.61],[438936.83,6711297.53],[438936.63,6711303.09],[438936.34,6711311.0],[438936.22,6711314.67],[438936.05,6711318.84],[438935.66,6711329.79]]]]}},{"type":"Feature","properties":{"idu":"49353000AN0328","section":"AN","numero":"0328","libelle":"AN 0328","code_insee":"49353","commune":"Trélazé","contenance":533},"geometry":{"type":"MultiPolygon","coordinates":[[[[438952.95,6711330.26],[438971.51,6711322.52],[438971.6,6711313.93],[438971.67,6711304.95],[438971.74,6711298.54],[438968.27,6711298.43],[438967.41,6711296.9],[438954.12,6711296.6],[438952.95,6711330.26]]]]}},{"type":"Feature","properties":{"idu":"49353000AN0329","section":"AN","numero":"0329","libelle":"AN 0329","code_insee":"49353","commune":"Trélazé","contenance":507},"geometry":{"type":"MultiPolygon","coordinates":[[[[438990.91,6711322.74],[438991.74,6711297.88],[438976.19,6711297.44],[438975.88,6711298.73],[438971.74,6711298.54],[438971.67,6711304.95],[438971.6,6711313.93],[438971.51,6711322.52],[438971.95,6711322.34],[438990.91,6711322.74]]]]}},{"type":"Feature","properties":{"idu":"49353000AN0330","section":"AN","numero":"0330","libelle":"AN 0330","code_insee":"49353","commune":"Trélazé","contenance":510},"geometry":{"type":"MultiPolygon","coordinates":[[[[438990.91,6711322.74],[439010.28,6711323.21],[439010.66,6711315.26],[439010.71,6711314.38],[439010.82,6711312.07],[439011.08,6711306.75],[439011.11,6711306.04],[439011.42,6711299.77],[439007.85,6711299.64],[439007.71,6711298.28],[438991.74,6711297.88],[438990.91,6711322.74]]]]}},{"type":"Feature","properties":{"idu":"49353000AN0331","section":"AN","numero":"0331","libelle":"AN 0331","code_insee":"49353","commune":"Trélazé","contenance":576},"geometry":{"type":"MultiPolygon","coordinates":[[[[439011.47,6711327.21],[439014.02,6711331.53],[439017.54,6711329.93],[439017.46,6711328.99],[439022.13,6711326.91],[439022.65,6711327.93],[439028.34,6711325.25],[439030.23,6711324.15],[439030.61,6711298.84],[439015.74,6711298.3],[439014.84,6711299.89],[439011.42,6711299.77],[439011.11,6711306.04],[439011.08,6711306.75],[439010.82,6711312.07],[439010.71,6711314.38],[439010.66,6711315.26],[439010.28,6711323.21],[439011.47,6711327.21]]]]}},{"type":"Feature","properties":{"idu":"49353000AN0332","section":"AN","numero":"0332","libelle":"AN 0332","code_insee":"49353","commune":"Trélazé","contenance":583},"geometry":{"type":"MultiPolygon","coordinates":[[[[438963.39,6711247.74],[438953.93,6711247.51],[438944.08,6711264.14],[438935.07,6711278.48],[438957.79,6711279.35],[438957.82,6711277.55],[438962.24,6711277.78],[438962.45,6711272.2],[438962.79,6711263.25],[438962.88,6711261.15],[438963.39,6711247.74]]]]}},{"type":"Feature","properties":{"idu":"49353000AN0333","section":"AN","numero":"0333","libelle":"AN 0333","code_insee":"49353","commune":"Trélazé","contenance":555},"geometry":{"type":"MultiPolygon","coordinates":[[[[438980.55,6711248.21],[438963.39,6711247.74],[438962.88,6711261.15],[438962.79,6711263.25],[438962.45,6711272.2],[438962.24,6711277.78],[438965.96,6711277.85],[438965.98,6711279.63],[438979.53,6711279.95],[438979.81,6711270.97],[438980.1,6711261.92],[438980.17,6711259.84],[438980.21,6711258.37],[438980.55,6711248.21]]]]}},{"type":"Feature","properties":{"idu":"49353000AN0334","section":"AN","numero":"0334","libelle":"AN 0334","code_insee":"49353","commune":"Trélazé","contenance":556},"geometry":{"type":"MultiPolygon","coordinates":[[[[438979.53,6711279.95],[438992.53,6711280.39],[438992.92,6711278.85],[438997.11,6711278.99],[438997.26,6711272.42],[438997.28,6711271.17],[438997.51,6711261.52],[438997.64,6711257.76],[438997.94,6711248.56],[438980.55,6711248.21],[438980.21,6711258.37],[438980.17,6711259.84],[438980.1,6711261.92],[438979.81,6711270.97],[438979.53,6711279.95]]]]}},{"type":"Feature","properties":{"idu":"49353000AN0335","section":"AN","numero":"0335","libelle":"AN 0335","code_insee":"49353","commune":"Trélazé","contenance":555},"geometry":{"type":"MultiPolygon","coordinates":[[[[438997.94,6711248.56],[438997.64,6711257.76],[438997.51,6711261.52],[438997.28,6711271.17],[438997.26,6711272.42],[438997.11,6711278.99],[439000.79,6711279.11],[439000.88,6711280.75],[439014.33,6711281.14],[439015.39,6711248.96],[438997.94,6711248.56]]]]}},{"type":"Feature","properties":{"idu":"49353000AN0336","section":"AN","numero":"0336","libelle":"AN 0336","code_insee":"49353","commune":"Trélazé","contenance":555},"geometry":{"type":"MultiPolygon","coordinates":[[[[439014.33,6711281.14],[439026.03,6711281.45],[439026.49,6711281.38],[439026.95,6711281.14],[439027.27,6711280.73],[439027.44,6711280.31],[439027.6,6711279.71],[439031.99,6711279.79],[439032.23,6711272.76],[439032.67,6711259.91],[439032.73,6711258.37],[439033.04,6711249.22],[439015.39,6711248.96],[439014.33,6711281.14]]]]}},{"type":"Feature","properties":{"idu":"49353000AN0337","section":"AN","numero":"0337","libelle":"AN 0337","code_insee":"49353","commune":"Trélazé","contenance":627},"geometry":{"type":"MultiPolygon","coordinates":[[[[438980.55,6711248.21],[438980.73,6711243.23],[438980.96,6711237.29],[438981.03,6711235.49],[438981.42,6711225.08],[438981.65,6711219.15],[438977.26,6711219.13],[438977.05,6711218.27],[438965.66,6711218.07],[438961.02,6711230.01],[438953.93,6711247.51],[438963.39,6711247.74],[438980.55,6711248.21]]]]}},{"type":"Feature","properties":{"idu":"49353000AN0338","section":"AN","numero":"0338","libelle":"AN 0338","code_insee":"49353","commune":"Trélazé","contenance":519},"geometry":{"type":"MultiPolygon","coordinates":[[[[438980.55,6711248.21],[438997.94,6711248.56],[438998.88,6711219.2],[438986.6,6711218.67],[438986.45,6711219.37],[438981.65,6711219.15],[438981.42,6711225.08],[438981.03,6711235.49],[438980.96,6711237.29],[438980.73,6711243.23],[438980.55,6711248.21]]]]}},{"type":"Feature","properties":{"idu":"49353000AN0339","section":"AN","numero":"0339","libelle":"AN 0339","code_insee":"49353","commune":"Trélazé","contenance":519},"geometry":{"type":"MultiPolygon","coordinates":[[[[438997.94,6711248.56],[439015.39,6711248.96],[439015.8,6711237.96],[439016.15,6711228.67],[439016.23,6711226.52],[439016.46,6711220.2],[439011.48,6711220.04],[439011.47,6711219.54],[438998.88,6711219.2],[438997.94,6711248.56]]]]}},{"type":"Feature","properties":{"idu":"49353000AN0340","section":"AN","numero":"0340","libelle":"AN 0340","code_insee":"49353","commune":"Trélazé","contenance":518},"geometry":{"type":"MultiPolygon","coordinates":[[[[439033.04,6711249.22],[439033.89,6711220.13],[439022.15,6711219.76],[439021.83,6711220.42],[439016.46,6711220.2],[439016.23,6711226.52],[439016.15,6711228.67],[439015.8,6711237.96],[439015.39,6711248.96],[439033.04,6711249.22]]]]}},{"type":"Feature","properties":{"idu":"49353000AN0371","section":"AN","numero":"0371","libelle":"AN 0371","code_insee":"49353","commune":"Trélazé","contenance":545},"geometry":{"type":"MultiPolygon","coordinates":[[[[439012.1,6711210.88],[439017.42,6711210.75],[439017.37,6711212.29],[439029.6,6711212.61],[439032.93,6711209.71],[439033.5,6711185.33],[439012.42,6711184.66],[439012.3,6711194.96],[439012.18,6711205.29],[439012.1,6711210.88]]]]}},{"type":"Feature","properties":{"idu":"49353000AN0372","section":"AN","numero":"0372","libelle":"AN 0372","code_insee":"49353","commune":"Trélazé","contenance":522},"geometry":{"type":"MultiPolygon","coordinates":[[[[439012.42,6711184.66],[438993.15,6711184.08],[438992.89,6711196.01],[438992.87,6711197.01],[438992.72,6711203.73],[438992.67,6711205.93],[438992.59,6711210.12],[438998.13,6711210.21],[438998.12,6711211.73],[439012.09,6711212.06],[439012.1,6711210.88],[439012.18,6711205.29],[439012.3,6711194.96],[439012.42,6711184.66]]]]}},{"type":"Feature","properties":{"idu":"49353000AN0380","section":"AN","numero":"0380","libelle":"AN 0380","code_insee":"49353","commune":"Trélazé","contenance":488},"geometry":{"type":"MultiPolygon","coordinates":[[[[438993.15,6711184.08],[438976.33,6711188.49],[438972.98,6711198.14],[438968.43,6711211.03],[438978.2,6711211.07],[438988.29,6711211.38],[438988.37,6711210.0],[438992.59,6711210.12],[438992.67,6711205.93],[438992.72,6711203.73],[438992.87,6711197.01],[438992.89,6711196.01],[438993.15,6711184.08]]]]}},{"type":"Feature","properties":{"idu":"49353000AN0497","section":"AN","numero":"0497","libelle":"AN 0497","code_insee":"49353","commune":"Trélazé","contenance":4797},"geometry":{"type":"MultiPolygon","coordinates":[[[[438447.98,6711330.43],[438449.38,6711332.05],[438451.08,6711336.03],[438452.23,6711341.05],[438452.82,6711346.35],[438464.3,6711354.3],[438468.7,6711357.34],[438473.28,6711360.08],[438482.62,6711365.64],[438490.2,6711370.25],[438491.71,6711371.72],[438520.37,6711398.57],[438540.03,6711379.82],[438543.88,6711372.25],[438540.55,6711369.97],[438536.95,6711365.36],[438535.26,6711359.79],[438535.68,6711353.95],[438535.81,6711351.87],[438535.27,6711349.86],[438534.09,6711348.16],[438520.12,6711334.35],[438492.83,6711302.3],[438488.47,6711299.31],[438483.2,6711298.97],[438478.49,6711301.38],[438450.27,6711327.15],[438447.98,6711330.43]]]]}},{"type":"Feature","properties":{"idu":"49353000AN0500","section":"AN","numero":"0500","libelle":"AN 0500","code_insee":"49353","commune":"Trélazé","contenance":2886},"geometry":{"type":"MultiPolygon","coordinates":[[[[438408.71,6711316.73],[438410.22,6711316.31],[438416.46,6711315.8],[438426.02,6711314.98],[438432.5,6711317.9],[438436.56,6711319.79],[438438.64,6711319.51],[438440.97,6711318.88],[438443.19,6711317.95],[438445.26,6711316.73],[438447.15,6711315.24],[438471.05,6711293.29],[438473.61,6711289.54],[438474.26,6711285.04],[438471.92,6711281.26],[438444.36,6711264.21],[438442.69,6711263.17],[438440.94,6711262.29],[438439.1,6711261.59],[438437.23,6711261.05],[438435.3,6711260.69],[438433.34,6711260.52],[438431.38,6711260.52],[438429.44,6711260.7],[438427.51,6711261.08],[438418.56,6711262.97],[438417.01,6711263.66],[438415.87,6711264.94],[438414.91,6711266.52],[438413.84,6711267.78],[438412.61,6711268.93],[438411.24,6711269.89],[438409.76,6711270.68],[438408.19,6711271.26],[438406.56,6711271.63],[438408.71,6711316.73]]]]}},{"type":"Feature","properties":{"idu":"49353000AN0502","section":"AN","numero":"0502","libelle":"AN 0502","code_insee":"49353","commune":"Trélazé","contenance":15},"geometry":{"type":"MultiPolygon","coordinates":[[[[438491.15,6711255.55],[438491.21,6711260.55],[438494.21,6711260.51],[438494.14,6711255.51],[438491.15,6711255.55]]]]}},{"type":"Feature","properties":{"idu":"49353000AN0503","section":"AN","numero":"0503","libelle":"AN 0503","code_insee":"49353","commune":"Trélazé","contenance":3145},"geometry":{"type":"MultiPolygon","coordinates":[[[[438372.53,6711263.05],[438370.7,6711257.76],[438370.5,6711257.31],[438355.81,6711215.14],[438354.91,6711215.42],[438321.88,6711225.4],[438291.3,6711234.55],[438297.73,6711244.09],[438300.34,6711247.84],[438301.38,6711249.02],[438302.87,6711250.73],[438304.3,6711252.21],[438305.56,6711253.48],[438307.47,6711255.37],[438309.43,6711257.36],[438311.08,6711259.25],[438312.6,6711261.08],[438314.11,6711262.96],[438315.86,6711265.31],[438317.84,6711268.08],[438320.35,6711271.7],[438322.62,6711275.25],[438326.1,6711280.34],[438326.91,6711281.52],[438332.47,6711279.27],[438372.53,6711263.05]]]]}},{"type":"Feature","properties":{"idu":"49353000AN0504","section":"AN","numero":"0504","libelle":"AN 0504","code_insee":"49353","commune":"Trélazé","contenance":5254},"geometry":{"type":"MultiPolygon","coordinates":[[[[438370.5,6711257.31],[438370.7,6711257.76],[438372.53,6711263.05],[438373.01,6711262.85],[438375.51,6711261.85],[438388.18,6711259.17],[438389.37,6711259.14],[438390.47,6711259.56],[438391.32,6711260.39],[438391.67,6711261.5],[438392.2,6711263.3],[438392.97,6711265.0],[438393.98,6711266.59],[438395.2,6711268.0],[438395.91,6711268.61],[438396.62,6711269.22],[438398.2,6711270.23],[438399.91,6711271.0],[438401.71,6711271.52],[438403.57,6711271.76],[438404.43,6711289.96],[438405.74,6711317.58],[438408.71,6711316.73],[438406.56,6711271.63],[438408.19,6711271.26],[438409.76,6711270.68],[438411.24,6711269.89],[438412.61,6711268.93],[438413.84,6711267.78],[438414.91,6711266.52],[438415.87,6711264.94],[438417.01,6711263.66],[438418.56,6711262.97],[438427.51,6711261.08],[438429.44,6711260.7],[438431.38,6711260.52],[438433.34,6711260.52],[438435.3,6711260.69],[438437.23,6711261.05],[438439.1,6711261.59],[438440.94,6711262.29],[438442.69,6711263.17],[438444.36,6711264.21],[438471.92,6711281.26],[438474.26,6711285.04],[438473.61,6711289.54],[438471.05,6711293.29],[438447.15,6711315.24],[438445.26,6711316.73],[438443.19,6711317.95],[438440.97,6711318.88],[438438.64,6711319.51],[438436.56,6711319.79],[438440.27,6711321.52],[438447.98,6711330.43],[438450.27,6711327.15],[438478.49,6711301.38],[438483.2,6711298.97],[438488.47,6711299.31],[438492.83,6711302.3],[438520.12,6711334.35],[438534.09,6711348.16],[438535.27,6711349.86],[438535.81,6711351.87],[438535.68,6711353.95],[438535.26,6711359.79],[438536.95,6711365.36],[438540.55,6711369.97],[438543.88,6711372.25],[438545.54,6711372.98],[438551.3,6711373.99],[438552.19,6711373.81],[438557.02,6711372.86],[438561.98,6711369.76],[438564.87,6711365.89],[438565.48,6711365.08],[438566.67,6711360.8],[438567.08,6711359.34],[438570.06,6711359.6],[438569.96,6711355.55],[438569.02,6711351.6],[438567.26,6711347.97],[438564.77,6711344.78],[438564.16,6711344.19],[438561.65,6711342.2],[438558.07,6711340.33],[438554.16,6711339.26],[438550.11,6711339.05],[438546.12,6711339.69],[438545.09,6711339.78],[438544.09,6711339.52],[438543.23,6711338.93],[438537.97,6711333.74],[438529.65,6711325.51],[438498.96,6711289.44],[438496.17,6711286.16],[438502.47,6711277.98],[438505.94,6711271.17],[438520.06,6711252.41],[438519.53,6711252.35],[438518.68,6711252.24],[438517.29,6711252.09],[438515.55,6711251.89],[438514.14,6711251.76],[438512.23,6711251.59],[438509.85,6711251.38],[438507.44,6711251.18],[438507.38,6711251.18],[438505.06,6711251.02],[438502.87,6711250.89],[438501.34,6711250.82],[438499.57,6711250.79],[438497.47,6711250.77],[438495.46,6711250.76],[438494.62,6711250.76],[438494.09,6711250.81],[438491.94,6711251.01],[438489.08,6711251.24],[438487.58,6711251.39],[438487.63,6711266.28],[438479.3,6711268.19],[438460.63,6711256.56],[438452.36,6711251.41],[438450.69,6711250.43],[438448.97,6711249.52],[438447.2,6711248.71],[438445.41,6711247.99],[438443.58,6711247.36],[438441.72,6711246.82],[438439.82,6711246.39],[438437.91,6711246.05],[438435.99,6711245.8],[438434.05,6711245.66],[438432.11,6711245.62],[438430.18,6711245.67],[438428.25,6711245.82],[438426.32,6711246.07],[438424.41,6711246.41],[438410.14,6711249.49],[438408.52,6711248.64],[438406.78,6711248.08],[438404.96,6711247.83],[438403.14,6711247.87],[438401.35,6711248.21],[438399.63,6711248.85],[438398.05,6711249.76],[438396.63,6711250.92],[438395.43,6711252.31],[438395.41,6711252.54],[438370.5,6711257.31]],[[438491.15,6711255.55],[438494.14,6711255.51],[438494.21,6711260.51],[438491.21,6711260.55],[438491.15,6711255.55]]]]}},{"type":"Feature","properties":{"idu":"49353000AN0511","section":"AN","numero":"0511","libelle":"AN 0511","code_insee":"49353","commune":"Trélazé","contenance":7068},"geometry":{"type":"MultiPolygon","coordinates":[[[[438370.5,6711257.31],[438395.41,6711252.54],[438395.43,6711252.31],[438396.63,6711250.92],[438398.05,6711249.76],[438399.63,6711248.85],[438401.35,6711248.21],[438403.14,6711247.87],[438404.96,6711247.83],[438406.78,6711248.08],[438408.52,6711248.64],[438410.14,6711249.49],[438424.41,6711246.41],[438426.32,6711246.07],[438428.25,6711245.82],[438430.18,6711245.67],[438432.11,6711245.62],[438434.05,6711245.66],[438435.99,6711245.8],[438437.91,6711246.05],[438439.82,6711246.39],[438441.72,6711246.82],[438443.58,6711247.36],[438445.41,6711247.99],[438447.2,6711248.71],[438448.97,6711249.52],[438450.69,6711250.43],[438452.36,6711251.41],[438460.63,6711256.56],[438485.8,6711231.25],[438485.82,6711221.51],[438485.82,6711209.98],[438485.88,6711196.38],[438485.96,6711175.37],[438472.06,6711179.62],[438456.15,6711184.49],[438451.94,6711185.78],[438440.1,6711189.37],[438437.69,6711190.1],[438424.52,6711194.1],[438424.34,6711194.16],[438411.0,6711198.32],[438404.32,6711200.39],[438397.65,6711202.43],[438384.29,6711206.51],[438382.57,6711207.04],[438370.92,6711210.56],[438357.55,6711214.61],[438355.81,6711215.14],[438370.5,6711257.31]]]]}},{"type":"Feature","properties":{"idu":"49353000AN0512","section":"AN","numero":"0512","libelle":"AN 0512","code_insee":"49353","commune":"Trélazé","contenance":562},"geometry":{"type":"MultiPolygon","coordinates":[[[[438487.58,6711251.39],[438485.71,6711251.58],[438485.76,6711245.16],[438485.77,6711238.95],[438485.79,6711232.52],[438485.8,6711231.25],[438460.63,6711256.56],[438479.3,6711268.19],[438487.63,6711266.28],[438487.58,6711251.39]]]]}},{"type":"Feature","properties":{"idu":"49353000AN0593","section":"AN","numero":"0593","libelle":"AN 0593","code_insee":"49353","commune":"Trélazé","contenance":4457},"geometry":{"type":"MultiPolygon","coordinates":[[[[438498.96,6711289.44],[438529.65,6711325.51],[438537.97,6711333.74],[438569.22,6711332.13],[438576.32,6711329.94],[438574.44,6711321.52],[438576.31,6711315.93],[438577.81,6711301.65],[438578.32,6711287.08],[438577.82,6711272.94],[438576.74,6711262.5],[438574.71,6711262.51],[438514.47,6711262.72],[438498.96,6711289.44]]]]}},{"type":"Feature","properties":{"idu":"49353000AN0594","section":"AN","numero":"0594","libelle":"AN 0594","code_insee":"49353","commune":"Trélazé","contenance":441},"geometry":{"type":"MultiPolygon","coordinates":[[[[438505.94,6711271.17],[438502.47,6711277.98],[438496.17,6711286.16],[438498.96,6711289.44],[438514.47,6711262.72],[438574.71,6711262.51],[438576.74,6711262.5],[438576.36,6711258.9],[438577.07,6711256.65],[438574.26,6711258.34],[438573.75,6711258.48],[438573.14,6711258.53],[438572.5,6711258.55],[438571.38,6711258.54],[438570.53,6711258.49],[438569.19,6711258.39],[438568.42,6711258.31],[438567.47,6711258.21],[438563.93,6711257.83],[438562.32,6711257.63],[438559.82,6711257.32],[438558.23,6711257.11],[438555.33,6711256.79],[438551.78,6711256.35],[438550.39,6711256.16],[438549.7,6711256.07],[438545.89,6711255.61],[438542.78,6711255.23],[438538.97,6711254.75],[438536.52,6711254.44],[438535.88,6711254.36],[438532.22,6711253.92],[438529.5,6711253.58],[438526.64,6711253.22],[438522.65,6711252.73],[438522.53,6711252.72],[438521.34,6711252.57],[438520.06,6711252.41],[438505.94,6711271.17]]]]}},{"type":"Feature","properties":{"idu":"49353000AN0647","section":"AN","numero":"0647","libelle":"AN 0647","code_insee":"49353","commune":"Trélazé","contenance":10},"geometry":{"type":"MultiPolygon","coordinates":[[[[439059.47,6711171.55],[439055.88,6711171.94],[439055.91,6711173.66],[439062.06,6711172.69],[439062.05,6711171.34],[439059.47,6711171.55]]]]}},{"type":"Feature","properties":{"idu":"49353000AN0648","section":"AN","numero":"0648","libelle":"AN 0648","code_insee":"49353","commune":"Trélazé","contenance":61},"geometry":{"type":"MultiPolygon","coordinates":[[[[439055.99,6711179.21],[439056.04,6711183.65],[439059.29,6711183.5],[439062.18,6711183.38],[439062.06,6711172.69],[439055.91,6711173.66],[439055.99,6711179.21]]]]}},{"type":"Feature","properties":{"idu":"49353000AN0649","section":"AN","numero":"0649","libelle":"AN 0649","code_insee":"49353","commune":"Trélazé","contenance":2820},"geometry":{"type":"MultiPolygon","coordinates":[[[[439041.86,6711176.45],[439041.53,6711185.65],[439040.51,6711217.27],[439039.96,6711240.65],[439039.36,6711255.36],[439038.87,6711272.99],[439038.72,6711277.98],[439069.11,6711277.89],[439068.94,6711249.26],[439063.95,6711249.23],[439064.0,6711246.12],[439063.15,6711245.27],[439064.03,6711244.46],[439064.07,6711241.21],[439068.94,6711241.21],[439068.76,6711214.1],[439063.74,6711214.13],[439063.77,6711210.76],[439062.76,6711210.06],[439063.79,6711209.38],[439063.81,6711206.14],[439068.69,6711206.1],[439068.58,6711178.97],[439063.31,6711178.97],[439063.29,6711172.5],[439062.06,6711172.69],[439062.18,6711183.38],[439059.29,6711183.5],[439056.04,6711183.65],[439055.99,6711179.21],[439055.91,6711173.66],[439041.88,6711175.85],[439041.86,6711176.45]]]]}},{"type":"Feature","properties":{"idu":"49353000AN0650","section":"AN","numero":"0650","libelle":"AN 0650","code_insee":"49353","commune":"Trélazé","contenance":36},"geometry":{"type":"MultiPolygon","coordinates":[[[[439055.91,6711173.66],[439055.88,6711171.94],[439053.99,6711172.1],[439051.82,6711172.21],[439048.86,6711172.31],[439046.76,6711172.34],[439044.26,6711172.21],[439042.02,6711172.1],[439041.88,6711175.85],[439055.91,6711173.66]]]]}},{"type":"Feature","properties":{"idu":"49353000AN0651","section":"AN","numero":"0651","libelle":"AN 0651","code_insee":"49353","commune":"Trélazé","contenance":4305},"geometry":{"type":"MultiPolygon","coordinates":[[[[439076.64,6711198.98],[439076.89,6711235.29],[439081.39,6711235.26],[439081.34,6711238.8],[439082.32,6711239.49],[439081.35,6711240.21],[439081.34,6711243.37],[439076.95,6711243.26],[439077.03,6711279.54],[439081.13,6711279.42],[439081.28,6711285.47],[439095.26,6711284.43],[439104.27,6711280.33],[439104.57,6711277.96],[439104.38,6711253.15],[439105.63,6711253.09],[439105.83,6711273.45],[439117.12,6711268.0],[439121.3,6711271.74],[439131.6,6711266.74],[439132.63,6711265.23],[439134.11,6711261.22],[439134.09,6711238.09],[439129.61,6711238.07],[439129.56,6711234.73],[439128.5,6711233.97],[439129.53,6711233.17],[439129.49,6711230.12],[439134.04,6711230.13],[439134.03,6711202.94],[439129.85,6711201.38],[439106.17,6711201.47],[439106.01,6711220.11],[439104.79,6711220.12],[439104.94,6711199.74],[439100.03,6711197.39],[439078.12,6711197.4],[439076.64,6711198.98]]]]}},{"type":"Feature","properties":{"idu":"49353000AN0653","section":"AN","numero":"0653","libelle":"AN 0653","code_insee":"49353","commune":"Trélazé","contenance":842},"geometry":{"type":"MultiPolygon","coordinates":[[[[439086.49,6711298.51],[439088.8,6711303.41],[439088.54,6711306.43],[439097.38,6711324.22],[439124.47,6711311.66],[439112.26,6711286.19],[439086.49,6711298.51]]]]}},{"type":"Feature","properties":{"idu":"49353000AN0654","section":"AN","numero":"0654","libelle":"AN 0654","code_insee":"49353","commune":"Trélazé","contenance":859},"geometry":{"type":"MultiPolygon","coordinates":[[[[439116.97,6711284.11],[439128.85,6711309.56],[439156.27,6711296.83],[439144.04,6711271.26],[439116.97,6711284.11]]]]}},{"type":"Feature","properties":{"idu":"49353000AN0655","section":"AN","numero":"0655","libelle":"AN 0655","code_insee":"49353","commune":"Trélazé","contenance":4306},"geometry":{"type":"MultiPolygon","coordinates":[[[[439114.34,6711357.6],[439124.18,6711352.88],[439136.69,6711347.21],[439148.35,6711341.8],[439160.56,6711336.33],[439171.4,6711331.19],[439183.49,6711325.69],[439194.84,6711320.37],[439205.18,6711315.43],[439204.73,6711313.2],[439202.64,6711303.72],[439200.62,6711294.28],[439199.13,6711287.4],[439198.47,6711284.79],[439197.71,6711281.74],[439197.14,6711279.59],[439196.57,6711277.44],[439196.09,6711276.06],[439195.18,6711273.38],[439193.67,6711269.05],[439191.73,6711263.86],[439188.84,6711255.71],[439187.26,6711251.45],[439174.2,6711257.09],[439148.72,6711269.12],[439160.76,6711294.71],[439172.38,6711289.33],[439175.88,6711297.05],[439179.62,6711304.93],[439178.83,6711305.36],[439180.69,6711309.35],[439175.95,6711311.58],[439171.67,6711302.47],[439165.34,6711305.27],[439159.06,6711308.16],[439129.39,6711322.16],[439134.2,6711332.63],[439129.45,6711334.82],[439127.76,6711331.15],[439127.04,6711331.38],[439119.48,6711315.6],[439098.14,6711325.61],[439114.34,6711357.6]]]]}},{"type":"Feature","properties":{"idu":"49353000AN0656","section":"AN","numero":"0656","libelle":"AN 0656","code_insee":"49353","commune":"Trélazé","contenance":2106},"geometry":{"type":"MultiPolygon","coordinates":[[[[439179.64,6711230.68],[439179.6,6711230.58],[439174.72,6711217.15],[439169.89,6711204.24],[439165.21,6711191.15],[439162.07,6711182.55],[439152.66,6711183.92],[439144.89,6711185.11],[439140.12,6711185.88],[439139.61,6711185.96],[439143.86,6711212.77],[439143.4,6711213.36],[439142.05,6711217.31],[439142.02,6711249.47],[439147.28,6711249.49],[439147.34,6711254.71],[439156.73,6711250.95],[439164.6,6711250.96],[439181.89,6711242.94],[439177.77,6711231.32],[439179.64,6711230.68]]]]}},{"type":"Feature","properties":{"idu":"49353000AN0657","section":"AN","numero":"0657","libelle":"AN 0657","code_insee":"49353","commune":"Trélazé","contenance":10489},"geometry":{"type":"MultiPolygon","coordinates":[[[[439101.23,6711165.51],[439101.44,6711167.28],[439099.94,6711167.42],[439099.94,6711165.68],[439092.06,6711166.91],[439082.59,6711168.26],[439072.3,6711169.83],[439066.96,6711170.71],[439064.31,6711171.06],[439062.05,6711171.34],[439062.06,6711172.69],[439063.29,6711172.5],[439063.31,6711178.97],[439068.58,6711178.97],[439068.69,6711206.1],[439063.81,6711206.14],[439063.79,6711209.38],[439062.76,6711210.06],[439063.77,6711210.76],[439063.74,6711214.13],[439068.76,6711214.1],[439068.94,6711241.21],[439064.07,6711241.21],[439064.03,6711244.46],[439063.15,6711245.27],[439064.0,6711246.12],[439063.95,6711249.23],[439068.94,6711249.26],[439069.11,6711277.89],[439038.72,6711277.98],[439037.81,6711308.97],[439037.1,6711327.72],[439035.84,6711363.86],[439035.16,6711386.96],[439034.96,6711393.68],[439046.57,6711388.53],[439061.63,6711381.71],[439078.15,6711374.27],[439095.21,6711366.45],[439110.2,6711359.59],[439114.34,6711357.6],[439098.14,6711325.61],[439119.48,6711315.6],[439127.04,6711331.38],[439127.76,6711331.15],[439129.45,6711334.82],[439134.2,6711332.63],[439129.39,6711322.16],[439159.06,6711308.16],[439165.34,6711305.27],[439171.67,6711302.47],[439175.95,6711311.58],[439180.69,6711309.35],[439178.83,6711305.36],[439179.62,6711304.93],[439175.88,6711297.05],[439172.38,6711289.33],[439160.76,6711294.71],[439148.72,6711269.12],[439174.2,6711257.09],[439187.26,6711251.45],[439184.61,6711244.32],[439179.64,6711230.68],[439177.77,6711231.32],[439181.89,6711242.94],[439164.6,6711250.96],[439156.73,6711250.95],[439147.34,6711254.71],[439147.28,6711249.49],[439142.02,6711249.47],[439142.05,6711217.31],[439143.4,6711213.36],[439143.86,6711212.77],[439139.61,6711185.96],[439132.86,6711187.05],[439121.09,6711188.83],[439113.17,6711190.08],[439109.43,6711190.66],[439108.32,6711183.02],[439108.11,6711181.55],[439105.74,6711164.81],[439101.23,6711165.51]],[[439080.17,6711300.86],[439083.41,6711299.82],[439083.39,6711307.25],[439084.82,6711307.28],[439084.42,6711329.2],[439045.19,6711328.39],[439045.57,6711305.57],[439047.08,6711305.65],[439047.21,6711300.26],[439080.17,6711300.86]],[[439086.49,6711298.51],[439112.26,6711286.19],[439124.47,6711311.66],[439097.38,6711324.22],[439088.54,6711306.43],[439088.8,6711303.41],[439086.49,6711298.51]],[[439116.97,6711284.11],[439144.04,6711271.26],[439156.27,6711296.83],[439128.85,6711309.56],[439116.97,6711284.11]],[[439078.12,6711197.4],[439100.03,6711197.39],[439104.94,6711199.74],[439104.79,6711220.12],[439106.01,6711220.11],[439106.17,6711201.47],[439129.85,6711201.38],[439134.03,6711202.94],[439134.04,6711230.13],[439129.49,6711230.12],[439129.53,6711233.17],[439128.5,6711233.97],[439129.56,6711234.73],[439129.61,6711238.07],[439134.09,6711238.09],[439134.11,6711261.22],[439132.63,6711265.23],[439131.6,6711266.74],[439121.3,6711271.74],[439117.12,6711268.0],[439105.83,6711273.45],[439105.63,6711253.09],[439104.38,6711253.15],[439104.57,6711277.96],[439104.27,6711280.33],[439095.26,6711284.43],[439081.28,6711285.47],[439081.13,6711279.42],[439077.03,6711279.54],[439076.95,6711243.26],[439081.34,6711243.37],[439081.35,6711240.21],[439082.32,6711239.49],[439081.34,6711238.8],[439081.39,6711235.26],[439076.89,6711235.29],[439076.64,6711198.98],[439078.12,6711197.4]]]]}},{"type":"Feature","properties":{"idu":"49353000AN0693","section":"AN","numero":"0693","libelle":"AN 0693","code_insee":"49353","commune":"Trélazé","contenance":1472},"geometry":{"type":"MultiPolygon","coordinates":[[[[438250.74,6711222.12],[438248.62,6711227.06],[438235.9,6711257.27],[438224.94,6711283.17],[438222.59,6711288.82],[438224.47,6711287.19],[438281.17,6711237.99],[438278.18,6711233.53],[438275.24,6711228.85],[438273.52,6711225.66],[438271.99,6711222.89],[438261.74,6711220.24],[438250.74,6711222.12]]]]}},{"type":"Feature","properties":{"idu":"49353000AN0910","section":"AN","numero":"0910","libelle":"AN 0910","code_insee":"49353","commune":"Trélazé","contenance":11731},"geometry":{"type":"MultiPolygon","coordinates":[[[[438257.0,6711372.59],[438257.12,6711372.73],[438308.52,6711429.52],[438331.4,6711455.14],[438337.42,6711449.37],[438342.06,6711444.85],[438349.08,6711438.59],[438358.06,6711430.58],[438369.51,6711419.77],[438379.58,6711410.64],[438389.58,6711395.79],[438395.05,6711377.47],[438385.63,6711367.8],[438383.53,6711359.29],[438389.91,6711348.42],[438382.32,6711339.11],[438370.24,6711331.93],[438356.32,6711323.69],[438338.57,6711312.92],[438337.3,6711312.14],[438326.65,6711305.76],[438325.48,6711305.05],[438323.0,6711303.6],[438320.21,6711301.96],[438309.64,6711302.66],[438319.83,6711313.48],[438314.22,6711318.78],[438257.0,6711372.59]]]]}},{"type":"Feature","properties":{"idu":"49353000AN0911","section":"AN","numero":"0911","libelle":"AN 0911","code_insee":"49353","commune":"Trélazé","contenance":3409},"geometry":{"type":"MultiPolygon","coordinates":[[[[438261.33,6711305.9],[438227.05,6711338.14],[438257.0,6711372.59],[438314.22,6711318.78],[438319.83,6711313.48],[438309.64,6711302.66],[438288.9,6711304.03],[438261.33,6711305.9]]]]}},{"type":"Feature","properties":{"idu":"49353000AN0912","section":"AN","numero":"0912","libelle":"AN 0912","code_insee":"49353","commune":"Trélazé","contenance":656},"geometry":{"type":"MultiPolygon","coordinates":[[[[438261.33,6711305.9],[438239.7,6711307.36],[438231.77,6711307.73],[438228.39,6711307.65],[438220.13,6711330.19],[438227.05,6711338.14],[438261.33,6711305.9]]]]}},{"type":"Feature","properties":{"idu":"49353000AN0915","section":"AN","numero":"0915","libelle":"AN 0915","code_insee":"49353","commune":"Trélazé","contenance":64},"geometry":{"type":"MultiPolygon","coordinates":[[[[438227.05,6711338.14],[438220.13,6711330.19],[438217.58,6711337.15],[438222.37,6711342.55],[438227.05,6711338.14]]]]}},{"type":"Feature","properties":{"idu":"49353000AN0918","section":"AN","numero":"0918","libelle":"AN 0918","code_insee":"49353","commune":"Trélazé","contenance":3528},"geometry":{"type":"MultiPolygon","coordinates":[[[[438224.47,6711287.19],[438222.59,6711288.82],[438209.4,6711320.57],[438204.67,6711331.69],[438202.84,6711335.79],[438191.75,6711360.95],[438183.9,6711378.74],[438211.75,6711352.54],[438217.58,6711337.15],[438220.13,6711330.19],[438228.39,6711307.65],[438231.77,6711307.73],[438239.7,6711307.36],[438261.33,6711305.9],[438281.25,6711287.16],[438280.26,6711275.46],[438293.4,6711262.21],[438296.41,6711259.17],[438291.44,6711252.31],[438287.38,6711246.75],[438282.24,6711239.57],[438281.17,6711237.99],[438224.47,6711287.19]]]]}},{"type":"Feature","properties":{"idu":"49353000AN0920","section":"AN","numero":"0920","libelle":"AN 0920","code_insee":"49353","commune":"Trélazé","contenance":248},"geometry":{"type":"MultiPolygon","coordinates":[[[[438301.97,6711266.77],[438301.34,6711265.93],[438296.56,6711259.37],[438296.41,6711259.17],[438293.4,6711262.21],[438280.26,6711275.46],[438281.25,6711287.16],[438288.57,6711280.28],[438301.97,6711266.77]]]]}},{"type":"Feature","properties":{"idu":"49353000AN0921","section":"AN","numero":"0921","libelle":"AN 0921","code_insee":"49353","commune":"Trélazé","contenance":544},"geometry":{"type":"MultiPolygon","coordinates":[[[[438281.25,6711287.16],[438261.33,6711305.9],[438288.9,6711304.03],[438309.64,6711302.66],[438288.57,6711280.28],[438281.25,6711287.16]]]]}},{"type":"Feature","properties":{"idu":"49353000AN0922","section":"AN","numero":"0922","libelle":"AN 0922","code_insee":"49353","commune":"Trélazé","contenance":566},"geometry":{"type":"MultiPolygon","coordinates":[[[[438309.64,6711302.66],[438320.21,6711301.96],[438323.0,6711303.6],[438325.48,6711305.05],[438326.65,6711305.76],[438337.3,6711312.14],[438334.02,6711309.92],[438332.93,6711308.86],[438331.86,6711307.71],[438330.69,6711306.42],[438327.43,6711302.36],[438323.98,6711297.61],[438320.78,6711293.22],[438315.1,6711284.91],[438310.1,6711277.75],[438306.45,6711272.75],[438301.97,6711266.77],[438288.57,6711280.28],[438309.64,6711302.66]]]]}},{"type":"Feature","properties":{"idu":"49353000AN1918","section":"AN","numero":"1918","libelle":"AN 1918","code_insee":"49353","commune":"Trélazé","contenance":20},"geometry":{"type":"MultiPolygon","coordinates":[[[[438261.74,6711220.24],[438271.99,6711222.89],[438270.78,6711218.69],[438261.74,6711220.24]]]]}},{"type":"Feature","properties":{"idu":"49353000AN2220","section":"AN","numero":"2220","libelle":"AN 2220","code_insee":"49353","commune":"Trélazé","contenance":630},"geometry":{"type":"MultiPolygon","coordinates":[[[[438351.19,6711303.66],[438353.06,6711304.51],[438360.54,6711307.77],[438368.32,6711311.31],[438390.81,6711286.75],[438388.29,6711285.39],[438385.91,6711283.82],[438383.68,6711282.03],[438381.39,6711279.84],[438379.34,6711277.43],[438377.54,6711274.84],[438351.19,6711303.66]]]]}},{"type":"Feature","properties":{"idu":"49353000AN2221","section":"AN","numero":"2221","libelle":"AN 2221","code_insee":"49353","commune":"Trélazé","contenance":787},"geometry":{"type":"MultiPolygon","coordinates":[[[[438368.32,6711311.31],[438368.64,6711311.46],[438375.99,6711314.83],[438381.5,6711317.32],[438396.61,6711320.22],[438401.69,6711318.73],[438405.74,6711317.58],[438404.43,6711289.96],[438400.98,6711289.73],[438397.49,6711289.11],[438394.09,6711288.11],[438390.81,6711286.75],[438368.32,6711311.31]]]]}},{"type":"Feature","properties":{"idu":"49353000AN2222","section":"AN","numero":"2222","libelle":"AN 2222","code_insee":"49353","commune":"Trélazé","contenance":1004},"geometry":{"type":"MultiPolygon","coordinates":[[[[438373.01,6711262.85],[438372.53,6711263.05],[438332.47,6711279.27],[438326.91,6711281.52],[438329.12,6711284.74],[438330.93,6711287.6],[438331.82,6711289.08],[438333.01,6711290.57],[438334.71,6711292.49],[438335.83,6711293.67],[438337.07,6711294.78],[438338.11,6711295.8],[438339.0,6711296.67],[438340.58,6711297.73],[438342.14,6711298.64],[438343.35,6711299.49],[438344.32,6711300.16],[438346.21,6711301.35],[438349.27,6711302.8],[438351.19,6711303.66],[438377.54,6711274.84],[438375.98,6711272.05],[438374.74,6711269.2],[438373.73,6711266.08],[438373.01,6711262.85]]]]}},{"type":"Feature","properties":{"idu":"49353000AN2223","section":"AN","numero":"2223","libelle":"AN 2223","code_insee":"49353","commune":"Trélazé","contenance":281},"geometry":{"type":"MultiPolygon","coordinates":[[[[438404.43,6711289.96],[438403.57,6711271.76],[438401.71,6711271.52],[438399.91,6711271.0],[438398.2,6711270.23],[438396.62,6711269.22],[438395.91,6711268.61],[438383.68,6711282.03],[438385.91,6711283.82],[438388.29,6711285.39],[438390.81,6711286.75],[438394.09,6711288.11],[438397.49,6711289.11],[438400.98,6711289.73],[438404.43,6711289.96]]]]}},{"type":"Feature","properties":{"idu":"49353000AN2224","section":"AN","numero":"2224","libelle":"AN 2224","code_insee":"49353","commune":"Trélazé","contenance":309},"geometry":{"type":"MultiPolygon","coordinates":[[[[438388.18,6711259.17],[438375.51,6711261.85],[438373.01,6711262.85],[438373.73,6711266.08],[438374.74,6711269.2],[438375.98,6711272.05],[438377.54,6711274.84],[438379.34,6711277.43],[438381.39,6711279.84],[438383.68,6711282.03],[438395.91,6711268.61],[438395.2,6711268.0],[438393.98,6711266.59],[438392.97,6711265.0],[438392.2,6711263.3],[438391.67,6711261.5],[438391.32,6711260.39],[438390.47,6711259.56],[438389.37,6711259.14],[438388.18,6711259.17]]]]}},{"type":"Feature","properties":{"idu":"49353000AR0038","section":"AR","numero":"0038","libelle":"AR 0038","code_insee":"49353","commune":"Trélazé","contenance":6170},"geometry":{"type":"MultiPolygon","coordinates":[[[[439358.81,6711270.76],[439420.44,6711243.27],[439502.69,6711206.99],[439494.07,6711187.61],[439480.66,6711193.57],[439469.95,6711198.36],[439460.86,6711202.43],[439460.76,6711202.48],[439441.51,6711211.06],[439421.86,6711219.81],[439402.42,6711228.54],[439387.19,6711235.38],[439383.73,6711236.93],[439357.51,6711248.74],[439338.22,6711257.38],[439322.79,6711264.16],[439315.36,6711267.47],[439307.28,6711271.02],[439299.37,6711274.56],[439295.09,6711276.5],[439291.11,6711278.2],[439280.2,6711283.1],[439271.11,6711287.2],[439263.39,6711290.66],[439255.97,6711293.99],[439248.76,6711297.21],[439236.26,6711302.84],[439226.25,6711307.35],[439219.55,6711310.34],[439216.89,6711311.52],[439213.58,6711313.08],[439210.21,6711314.69],[439211.83,6711317.9],[439216.38,6711326.65],[439217.65,6711329.22],[439218.39,6711330.49],[439219.17,6711331.32],[439219.78,6711331.85],[439220.38,6711332.01],[439221.27,6711332.2],[439222.39,6711332.22],[439223.27,6711332.19],[439224.48,6711331.97],[439225.52,6711331.48],[439227.14,6711330.42],[439229.01,6711329.22],[439233.48,6711326.35],[439236.47,6711324.5],[439238.63,6711323.13],[439240.68,6711321.96],[439242.85,6711320.81],[439246.48,6711318.96],[439250.96,6711316.54],[439255.96,6711313.86],[439258.95,6711312.25],[439261.43,6711311.06],[439264.61,6711309.63],[439267.94,6711308.08],[439272.31,6711306.39],[439277.31,6711304.26],[439283.8,6711301.61],[439289.89,6711299.01],[439293.58,6711297.66],[439296.81,6711296.32],[439300.04,6711294.98],[439306.58,6711292.2],[439313.82,6711289.19],[439323.19,6711285.15],[439335.06,6711280.27],[439353.8,6711271.95],[439358.19,6711270.27],[439358.65,6711270.33],[439358.81,6711270.76]]]]}},{"type":"Feature","properties":{"idu":"49353000AT0001","section":"AT","numero":"0001","libelle":"AT 0001","code_insee":"49353","commune":"Trélazé","contenance":12070},"geometry":{"type":"MultiPolygon","coordinates":[[[[439147.37,6710549.07],[439149.04,6710548.55],[439151.76,6710547.8],[439154.0,6710547.12],[439156.76,6710546.33],[439159.62,6710545.49],[439162.1,6710544.79],[439164.61,6710544.07],[439166.38,6710543.57],[439167.43,6710543.25],[439169.83,6710542.68],[439173.71,6710541.69],[439176.76,6710540.98],[439179.33,6710540.35],[439180.98,6710539.98],[439182.19,6710539.71],[439184.15,6710539.39],[439187.82,6710538.85],[439192.69,6710538.04],[439196.36,6710537.48],[439197.83,6710537.23],[439199.18,6710537.02],[439200.31,6710536.86],[439201.3,6710536.78],[439202.57,6710536.71],[439204.88,6710536.63],[439208.37,6710536.53],[439214.25,6710536.48],[439219.11,6710536.42],[439223.72,6710536.44],[439227.1,6710536.57],[439230.87,6710536.75],[439234.18,6710536.86],[439241.76,6710537.04],[439250.32,6710537.22],[439257.82,6710537.42],[439266.25,6710537.68],[439270.23,6710537.73],[439279.66,6710537.56],[439279.51,6710535.72],[439279.37,6710533.54],[439279.2,6710532.89],[439278.42,6710531.19],[439277.51,6710529.32],[439276.22,6710526.62],[439274.25,6710522.61],[439272.37,6710518.74],[439271.28,6710516.48],[439270.52,6710514.96],[439269.43,6710513.17],[439267.94,6710510.82],[439265.93,6710507.53],[439263.0,6710502.69],[439260.96,6710499.22],[439259.63,6710497.07],[439258.46,6710495.2],[439256.8,6710493.25],[439255.06,6710491.13],[439252.9,6710488.57],[439250.99,6710486.43],[439247.41,6710482.26],[439245.58,6710480.19],[439244.07,6710481.46],[439241.97,6710479.53],[439239.37,6710477.15],[439237.09,6710475.11],[439235.29,6710473.5],[439233.14,6710471.64],[439231.56,6710470.33],[439229.67,6710468.85],[439227.98,6710467.51],[439226.24,6710466.2],[439223.77,6710464.43],[439221.65,6710462.98],[439219.41,6710461.55],[439217.51,6710460.38],[439216.11,6710459.52],[439213.96,6710458.35],[439211.89,6710457.12],[439209.31,6710455.62],[439206.66,6710454.21],[439204.35,6710452.96],[439202.33,6710451.93],[439200.09,6710450.8],[439197.46,6710449.63],[439194.6,6710448.38],[439195.1,6710447.04],[439184.23,6710441.96],[439176.87,6710438.47],[439168.91,6710434.56],[439161.23,6710430.79],[439152.03,6710426.36],[439140.11,6710420.61],[439132.37,6710416.85],[439130.97,6710434.29],[439129.97,6710447.87],[439130.63,6710470.62],[439131.62,6710506.71],[439132.46,6710539.58],[439132.79,6710552.69],[439147.37,6710549.07]]]]}},{"type":"Feature","properties":{"idu":"49353000AT0002","section":"AT","numero":"0002","libelle":"AT 0002","code_insee":"49353","commune":"Trélazé","contenance":1680},"geometry":{"type":"MultiPolygon","coordinates":[[[[439254.28,6710590.34],[439269.46,6710591.07],[439269.77,6710591.54],[439281.0,6710592.64],[439285.46,6710593.06],[439285.65,6710591.69],[439285.84,6710589.84],[439286.08,6710587.42],[439286.21,6710584.95],[439286.32,6710581.76],[439286.38,6710580.07],[439286.41,6710578.19],[439286.41,6710575.97],[439286.37,6710573.67],[439286.33,6710571.82],[439286.25,6710570.36],[439286.12,6710568.18],[439286.03,6710566.42],[439285.81,6710563.74],[439285.59,6710561.26],[439285.33,6710558.66],[439284.96,6710555.87],[439284.36,6710551.88],[439283.85,6710548.29],[439283.38,6710545.35],[439273.16,6710542.65],[439266.25,6710540.83],[439266.25,6710537.68],[439257.82,6710537.42],[439250.32,6710537.22],[439250.57,6710540.91],[439254.28,6710590.34]]]]}},{"type":"Feature","properties":{"idu":"49353000AT0003","section":"AT","numero":"0003","libelle":"AT 0003","code_insee":"49353","commune":"Trélazé","contenance":886},"geometry":{"type":"MultiPolygon","coordinates":[[[[439237.34,6710589.53],[439253.49,6710590.38],[439254.28,6710590.34],[439250.57,6710540.91],[439250.32,6710537.22],[439241.76,6710537.04],[439234.18,6710536.86],[439237.34,6710589.53]]]]}},{"type":"Feature","properties":{"idu":"49353000AT0004","section":"AT","numero":"0004","libelle":"AT 0004","code_insee":"49353","commune":"Trélazé","contenance":2445},"geometry":{"type":"MultiPolygon","coordinates":[[[[439181.45,6710586.59],[439202.33,6710587.77],[439230.15,6710589.17],[439227.1,6710536.57],[439223.72,6710536.44],[439219.11,6710536.42],[439214.25,6710536.48],[439208.37,6710536.53],[439204.88,6710536.63],[439202.57,6710536.71],[439201.3,6710536.78],[439200.31,6710536.86],[439199.18,6710537.02],[439197.83,6710537.23],[439196.36,6710537.48],[439192.69,6710538.04],[439187.82,6710538.85],[439184.15,6710539.39],[439182.19,6710539.71],[439180.98,6710539.98],[439179.33,6710540.35],[439179.55,6710544.7],[439181.45,6710586.34],[439181.45,6710586.59]]]]}},{"type":"Feature","properties":{"idu":"49353000AT0005","section":"AT","numero":"0005","libelle":"AT 0005","code_insee":"49353","commune":"Trélazé","contenance":1331},"geometry":{"type":"MultiPolygon","coordinates":[[[[439148.45,6710584.71],[439149.23,6710584.76],[439164.38,6710585.58],[439181.45,6710586.59],[439181.45,6710586.34],[439179.55,6710544.7],[439179.33,6710540.35],[439176.76,6710540.98],[439173.71,6710541.69],[439169.83,6710542.68],[439167.43,6710543.25],[439166.38,6710543.57],[439164.61,6710544.07],[439162.1,6710544.79],[439159.62,6710545.49],[439156.76,6710546.33],[439154.0,6710547.12],[439151.76,6710547.8],[439149.04,6710548.55],[439147.37,6710549.07],[439148.17,6710575.95],[439148.45,6710584.71]]]]}},{"type":"Feature","properties":{"idu":"49353000AT0009","section":"AT","numero":"0009","libelle":"AT 0009","code_insee":"49353","commune":"Trélazé","contenance":702},"geometry":{"type":"MultiPolygon","coordinates":[[[[439150.87,6710609.7],[439123.44,6710608.1],[439122.38,6710619.6],[439119.33,6710619.49],[439114.4,6710622.35],[439113.83,6710629.83],[439119.29,6710630.22],[439150.03,6710632.44],[439150.43,6710621.47],[439150.87,6710609.7]]]]}},{"type":"Feature","properties":{"idu":"49353000AT0012","section":"AT","numero":"0012","libelle":"AT 0012","code_insee":"49353","commune":"Trélazé","contenance":11},"geometry":{"type":"MultiPolygon","coordinates":[[[[439117.93,6710653.0],[439121.79,6710653.3],[439122.01,6710650.22],[439118.15,6710649.89],[439117.93,6710653.0]]]]}},{"type":"Feature","properties":{"idu":"49353000AT0018","section":"AT","numero":"0018","libelle":"AT 0018","code_insee":"49353","commune":"Trélazé","contenance":470},"geometry":{"type":"MultiPolygon","coordinates":[[[[439110.64,6710751.52],[439116.01,6710752.23],[439117.2,6710742.63],[439123.21,6710743.47],[439127.05,6710708.57],[439118.54,6710707.97],[439115.48,6710707.76],[439114.08,6710707.66],[439112.5,6710727.79],[439111.68,6710738.27],[439111.61,6710739.21],[439111.4,6710741.9],[439110.64,6710751.52]]]]}},{"type":"Feature","properties":{"idu":"49353000AT0019","section":"AT","numero":"0019","libelle":"AT 0019","code_insee":"49353","commune":"Trélazé","contenance":625},"geometry":{"type":"MultiPolygon","coordinates":[[[[439133.18,6710751.7],[439134.3,6710747.43],[439137.25,6710737.45],[439138.1,6710731.52],[439138.8,6710726.39],[439139.53,6710720.8],[439140.0,6710713.9],[439140.04,6710713.2],[439139.81,6710709.56],[439137.65,6710709.39],[439127.05,6710708.57],[439123.21,6710743.47],[439117.2,6710742.63],[439116.01,6710752.23],[439124.16,6710753.3],[439132.78,6710754.45],[439133.18,6710751.7]]]]}},{"type":"Feature","properties":{"idu":"49353000AT0027","section":"AT","numero":"0027","libelle":"AT 0027","code_insee":"49353","commune":"Trélazé","contenance":896},"geometry":{"type":"MultiPolygon","coordinates":[[[[439287.15,6710711.27],[439287.8,6710713.79],[439288.22,6710715.74],[439288.65,6710718.29],[439288.76,6710719.1],[439289.01,6710720.87],[439289.48,6710724.41],[439289.9,6710728.56],[439290.06,6710730.36],[439290.05,6710731.21],[439290.05,6710733.3],[439289.74,6710739.67],[439289.52,6710745.01],[439289.36,6710748.52],[439289.22,6710751.67],[439288.62,6710767.24],[439308.82,6710768.15],[439327.79,6710768.93],[439336.47,6710769.18],[439334.54,6710768.02],[439331.08,6710765.96],[439328.85,6710764.58],[439326.94,6710763.46],[439325.85,6710762.79],[439324.46,6710761.88],[439323.21,6710761.04],[439322.18,6710760.3],[439320.97,6710759.44],[439319.83,6710758.57],[439318.4,6710757.53],[439317.22,6710756.71],[439316.1,6710755.71],[439315.03,6710754.82],[439313.97,6710753.83],[439313.16,6710753.11],[439312.36,6710752.31],[439311.38,6710751.29],[439310.71,6710750.55],[439309.86,6710749.66],[439309.01,6710748.62],[439308.23,6710747.76],[439307.29,6710746.53],[439306.41,6710745.35],[439305.53,6710744.22],[439304.34,6710742.59],[439303.26,6710740.94],[439302.17,6710739.26],[439300.85,6710737.06],[439299.5,6710734.83],[439298.48,6710733.19],[439297.76,6710731.81],[439296.46,6710729.55],[439294.93,6710726.69],[439293.51,6710724.24],[439292.35,6710722.07],[439291.6,6710720.55],[439290.47,6710718.38],[439289.45,6710716.38],[439288.26,6710713.9],[439287.58,6710712.51],[439287.15,6710711.27]]]]}},{"type":"Feature","properties":{"idu":"49353000AT0044","section":"AT","numero":"0044","libelle":"AT 0044","code_insee":"49353","commune":"Trélazé","contenance":243},"geometry":{"type":"MultiPolygon","coordinates":[[[[439237.85,6711150.24],[439235.38,6711151.06],[439232.11,6711152.14],[439233.09,6711157.84],[439235.19,6711169.97],[439236.0,6711174.81],[439237.13,6711181.56],[439237.28,6711182.45],[439238.13,6711187.36],[439239.04,6711192.64],[439244.65,6711191.87],[439243.8,6711186.44],[439243.21,6711182.94],[439242.75,6711180.18],[439240.2,6711164.52],[439238.62,6711154.91],[439237.85,6711150.24]]]]}},{"type":"Feature","properties":{"idu":"49353000AT0045","section":"AT","numero":"0045","libelle":"AT 0045","code_insee":"49353","commune":"Trélazé","contenance":446},"geometry":{"type":"MultiPolygon","coordinates":[[[[439232.11,6711152.14],[439224.92,6711154.54],[439221.94,6711155.54],[439222.61,6711160.19],[439222.7,6711160.88],[439223.82,6711168.65],[439224.82,6711175.62],[439226.23,6711185.06],[439226.84,6711189.07],[439227.64,6711194.41],[439233.25,6711193.55],[439239.04,6711192.64],[439238.13,6711187.36],[439237.28,6711182.45],[439237.13,6711181.56],[439236.0,6711174.81],[439235.19,6711169.97],[439233.09,6711157.84],[439232.11,6711152.14]]]]}},{"type":"Feature","properties":{"idu":"49353000AT0046","section":"AT","numero":"0046","libelle":"AT 0046","code_insee":"49353","commune":"Trélazé","contenance":220},"geometry":{"type":"MultiPolygon","coordinates":[[[[439227.64,6711194.41],[439226.84,6711189.07],[439226.23,6711185.06],[439224.82,6711175.62],[439223.82,6711168.65],[439222.7,6711160.88],[439222.61,6711160.19],[439221.94,6711155.54],[439216.6,6711157.3],[439217.45,6711163.52],[439220.51,6711185.81],[439221.16,6711189.87],[439222.02,6711195.25],[439227.64,6711194.41]]]]}},{"type":"Feature","properties":{"idu":"49353000AT0047","section":"AT","numero":"0047","libelle":"AT 0047","code_insee":"49353","commune":"Trélazé","contenance":377},"geometry":{"type":"MultiPolygon","coordinates":[[[[439216.6,6711157.3],[439213.26,6711158.35],[439212.36,6711158.64],[439212.43,6711161.75],[439212.34,6711162.45],[439212.27,6711162.86],[439212.12,6711163.19],[439211.94,6711163.44],[439211.59,6711163.65],[439211.36,6711163.74],[439211.12,6711163.7],[439210.93,6711163.61],[439210.75,6711163.52],[439210.45,6711163.23],[439210.26,6711162.94],[439210.09,6711162.7],[439209.91,6711162.35],[439209.8,6711162.01],[439209.59,6711161.27],[439209.41,6711160.21],[439209.34,6711159.49],[439208.79,6711159.65],[439207.71,6711159.95],[439206.29,6711160.35],[439206.91,6711164.07],[439207.05,6711164.89],[439208.58,6711174.02],[439209.0,6711176.52],[439209.2,6711177.73],[439210.6,6711186.83],[439211.18,6711190.63],[439212.12,6711196.76],[439222.02,6711195.25],[439221.16,6711189.87],[439220.51,6711185.81],[439217.45,6711163.52],[439216.6,6711157.3]]]]}},{"type":"Feature","properties":{"idu":"49353000AT0048","section":"AT","numero":"0048","libelle":"AT 0048","code_insee":"49353","commune":"Trélazé","contenance":10},"geometry":{"type":"MultiPolygon","coordinates":[[[[439212.36,6711158.64],[439209.34,6711159.49],[439209.41,6711160.21],[439209.59,6711161.27],[439209.8,6711162.01],[439209.91,6711162.35],[439210.09,6711162.7],[439210.26,6711162.94],[439210.45,6711163.23],[439210.75,6711163.52],[439210.93,6711163.61],[439211.12,6711163.7],[439211.36,6711163.74],[439211.59,6711163.65],[439211.94,6711163.44],[439212.12,6711163.19],[439212.27,6711162.86],[439212.34,6711162.45],[439212.43,6711161.75],[439212.36,6711158.64]]]]}},{"type":"Feature","properties":{"idu":"49353000AT0049","section":"AT","numero":"0049","libelle":"AT 0049","code_insee":"49353","commune":"Trélazé","contenance":225},"geometry":{"type":"MultiPolygon","coordinates":[[[[439206.22,6711197.61],[439212.12,6711196.76],[439211.18,6711190.63],[439210.6,6711186.83],[439209.2,6711177.73],[439209.0,6711176.52],[439208.58,6711174.02],[439207.05,6711164.89],[439206.91,6711164.07],[439206.29,6711160.35],[439203.53,6711161.09],[439203.19,6711161.19],[439201.32,6711161.63],[439200.13,6711161.92],[439204.47,6711187.8],[439204.54,6711188.17],[439204.79,6711189.65],[439205.32,6711192.68],[439206.22,6711197.61]]]]}},{"type":"Feature","properties":{"idu":"49353000AT0050","section":"AT","numero":"0050","libelle":"AT 0050","code_insee":"49353","commune":"Trélazé","contenance":403},"geometry":{"type":"MultiPolygon","coordinates":[[[[439206.22,6711197.61],[439205.32,6711192.68],[439204.79,6711189.65],[439204.54,6711188.17],[439204.47,6711187.8],[439200.13,6711161.92],[439197.73,6711162.42],[439195.84,6711162.81],[439194.73,6711162.99],[439193.2,6711163.21],[439192.56,6711163.29],[439191.51,6711163.41],[439188.86,6711163.8],[439190.84,6711175.39],[439191.22,6711177.62],[439191.7,6711180.46],[439192.03,6711182.32],[439192.17,6711183.21],[439192.53,6711185.36],[439193.98,6711194.04],[439194.86,6711199.36],[439200.32,6711198.55],[439206.22,6711197.61]]]]}},{"type":"Feature","properties":{"idu":"49353000AT0051","section":"AT","numero":"0051","libelle":"AT 0051","code_insee":"49353","commune":"Trélazé","contenance":732},"geometry":{"type":"MultiPolygon","coordinates":[[[[439188.86,6711163.8],[439186.08,6711164.08],[439185.58,6711164.14],[439181.7,6711164.52],[439179.17,6711164.65],[439176.1,6711164.91],[439172.38,6711165.08],[439165.22,6711165.52],[439166.28,6711168.71],[439167.59,6711172.2],[439168.95,6711175.84],[439170.55,6711180.16],[439170.75,6711180.69],[439172.02,6711184.08],[439172.68,6711185.83],[439175.22,6711192.73],[439178.57,6711201.86],[439179.75,6711201.68],[439189.5,6711200.19],[439194.86,6711199.36],[439193.98,6711194.04],[439192.53,6711185.36],[439192.17,6711183.21],[439192.03,6711182.32],[439191.7,6711180.46],[439191.22,6711177.62],[439190.84,6711175.39],[439188.86,6711163.8]]]]}},{"type":"Feature","properties":{"idu":"49353000AT0060","section":"AT","numero":"0060","libelle":"AT 0060","code_insee":"49353","commune":"Trélazé","contenance":473},"geometry":{"type":"MultiPolygon","coordinates":[[[[439244.65,6711191.87],[439245.49,6711197.08],[439246.26,6711201.89],[439248.19,6711215.88],[439248.62,6711218.21],[439254.55,6711217.27],[439258.63,6711216.6],[439260.23,6711226.37],[439260.93,6711230.87],[439262.53,6711240.86],[439266.69,6711240.3],[439265.25,6711232.12],[439264.64,6711228.59],[439263.77,6711223.27],[439262.39,6711214.8],[439261.22,6711206.89],[439259.15,6711193.09],[439258.7,6711190.03],[439244.65,6711191.87]]]]}},{"type":"Feature","properties":{"idu":"49353000AT0061","section":"AT","numero":"0061","libelle":"AT 0061","code_insee":"49353","commune":"Trélazé","contenance":133},"geometry":{"type":"MultiPolygon","coordinates":[[[[439260.23,6711226.37],[439258.63,6711216.6],[439254.55,6711217.27],[439248.62,6711218.21],[439248.66,6711218.41],[439248.36,6711218.81],[439248.12,6711219.29],[439248.0,6711219.72],[439247.89,6711220.23],[439247.76,6711220.68],[439247.57,6711221.46],[439247.37,6711222.2],[439247.21,6711222.87],[439247.03,6711223.5],[439246.85,6711224.01],[439246.73,6711224.53],[439246.55,6711224.95],[439246.24,6711225.34],[439245.99,6711225.68],[439245.77,6711226.06],[439245.55,6711226.31],[439245.28,6711226.46],[439244.68,6711226.63],[439243.54,6711226.82],[439241.84,6711227.07],[439242.17,6711229.36],[439250.28,6711228.03],[439256.18,6711227.04],[439260.23,6711226.37]]]]}},{"type":"Feature","properties":{"idu":"49353000AT0062","section":"AT","numero":"0062","libelle":"AT 0062","code_insee":"49353","commune":"Trélazé","contenance":86},"geometry":{"type":"MultiPolygon","coordinates":[[[[439260.93,6711230.87],[439260.23,6711226.37],[439256.18,6711227.04],[439250.28,6711228.03],[439242.17,6711229.36],[439242.89,6711233.77],[439251.02,6711232.46],[439256.94,6711231.52],[439260.93,6711230.87]]]]}},{"type":"Feature","properties":{"idu":"49353000AT0063","section":"AT","numero":"0063","libelle":"AT 0063","code_insee":"49353","commune":"Trélazé","contenance":177},"geometry":{"type":"MultiPolygon","coordinates":[[[[439262.53,6711240.86],[439260.93,6711230.87],[439256.94,6711231.52],[439251.02,6711232.46],[439242.89,6711233.77],[439243.43,6711237.04],[439241.91,6711237.26],[439242.06,6711238.0],[439242.2,6711238.56],[439242.43,6711239.06],[439242.68,6711239.4],[439242.99,6711239.71],[439243.35,6711240.09],[439243.75,6711240.49],[439244.1,6711240.74],[439244.45,6711241.03],[439244.89,6711241.34],[439245.32,6711241.58],[439245.77,6711241.79],[439246.8,6711242.16],[439247.21,6711242.29],[439247.85,6711242.52],[439248.44,6711242.64],[439249.0,6711242.74],[439249.42,6711242.74],[439249.98,6711242.72],[439250.62,6711242.66],[439252.53,6711242.35],[439252.68,6711242.33],[439257.78,6711241.57],[439258.61,6711241.44],[439262.53,6711240.86]]]]}},{"type":"Feature","properties":{"idu":"49353000AT0064","section":"AT","numero":"0064","libelle":"AT 0064","code_insee":"49353","commune":"Trélazé","contenance":406},"geometry":{"type":"MultiPolygon","coordinates":[[[[439262.53,6711240.86],[439258.61,6711241.44],[439257.78,6711241.57],[439252.68,6711242.33],[439252.53,6711242.35],[439254.69,6711256.11],[439255.93,6711263.85],[439257.01,6711270.6],[439267.46,6711269.08],[439268.25,6711268.95],[439270.92,6711268.53],[439270.16,6711263.41],[439269.9,6711261.72],[439268.98,6711255.48],[439268.69,6711253.57],[439267.59,6711246.23],[439267.44,6711245.24],[439266.69,6711240.3],[439262.53,6711240.86]]]]}},{"type":"Feature","properties":{"idu":"49353000AT0065","section":"AT","numero":"0065","libelle":"AT 0065","code_insee":"49353","commune":"Trélazé","contenance":155},"geometry":{"type":"MultiPolygon","coordinates":[[[[439246.8,6711242.16],[439247.28,6711245.02],[439248.59,6711253.18],[439250.48,6711264.7],[439251.58,6711271.36],[439257.01,6711270.6],[439255.93,6711263.85],[439254.69,6711256.11],[439252.53,6711242.35],[439250.62,6711242.66],[439249.98,6711242.72],[439249.42,6711242.74],[439249.0,6711242.74],[439248.44,6711242.64],[439247.85,6711242.52],[439247.21,6711242.29],[439246.8,6711242.16]]]]}},{"type":"Feature","properties":{"idu":"49353000AT0072","section":"AT","numero":"0072","libelle":"AT 0072","code_insee":"49353","commune":"Trélazé","contenance":1149},"geometry":{"type":"MultiPolygon","coordinates":[[[[439221.4,6711275.85],[439210.3,6711277.53],[439203.68,6711272.28],[439205.84,6711278.49],[439206.42,6711281.03],[439207.27,6711285.06],[439208.06,6711288.61],[439208.88,6711292.11],[439209.6,6711295.36],[439210.53,6711299.49],[439211.41,6711303.51],[439211.51,6711303.99],[439212.69,6711309.17],[439213.58,6711313.08],[439216.89,6711311.52],[439219.55,6711310.34],[439226.25,6711307.35],[439236.26,6711302.84],[439248.76,6711297.21],[439244.07,6711281.41],[439245.52,6711280.95],[439243.38,6711272.52],[439241.62,6711272.78],[439236.41,6711273.53],[439231.6,6711274.26],[439226.55,6711275.07],[439221.4,6711275.85]]]]}},{"type":"Feature","properties":{"idu":"49353000AT0127","section":"AT","numero":"0127","libelle":"AT 0127","code_insee":"49353","commune":"Trélazé","contenance":206},"geometry":{"type":"MultiPolygon","coordinates":[[[[439303.06,6710692.14],[439304.38,6710681.52],[439304.76,6710678.42],[439305.52,6710672.15],[439295.19,6710670.58],[439292.86,6710690.77],[439297.68,6710691.41],[439303.06,6710692.14]]]]}},{"type":"Feature","properties":{"idu":"49353000AT0128","section":"AT","numero":"0128","libelle":"AT 0128","code_insee":"49353","commune":"Trélazé","contenance":347},"geometry":{"type":"MultiPolygon","coordinates":[[[[439303.06,6710692.14],[439297.68,6710691.41],[439292.86,6710690.77],[439295.19,6710670.58],[439290.69,6710669.86],[439290.56,6710662.7],[439285.44,6710662.33],[439285.66,6710666.76],[439285.77,6710669.42],[439285.92,6710671.45],[439286.09,6710673.55],[439286.2,6710674.93],[439286.3,6710675.64],[439286.61,6710677.18],[439286.9,6710678.48],[439287.38,6710680.6],[439287.84,6710682.61],[439288.42,6710685.26],[439289.09,6710687.94],[439289.8,6710690.66],[439290.48,6710693.06],[439290.92,6710694.51],[439291.45,6710695.91],[439292.02,6710697.27],[439292.82,6710699.35],[439293.76,6710701.64],[439294.57,6710703.63],[439295.38,6710705.39],[439296.24,6710707.2],[439297.09,6710709.02],[439298.27,6710711.36],[439299.63,6710713.94],[439300.38,6710715.28],[439300.47,6710714.35],[439301.36,6710706.65],[439302.01,6710701.14],[439302.28,6710698.84],[439303.06,6710692.14]]]]}},{"type":"Feature","properties":{"idu":"49353000AT0130","section":"AT","numero":"0130","libelle":"AT 0130","code_insee":"49353","commune":"Trélazé","contenance":2310},"geometry":{"type":"MultiPolygon","coordinates":[[[[439332.93,6710531.05],[439327.42,6710531.51],[439323.37,6710531.92],[439316.99,6710532.59],[439308.36,6710533.75],[439304.8,6710534.23],[439304.99,6710537.38],[439303.44,6710537.89],[439296.29,6710540.32],[439292.05,6710541.8],[439291.22,6710542.22],[439291.45,6710544.6],[439291.71,6710547.81],[439292.04,6710551.43],[439292.7,6710559.73],[439293.46,6710567.75],[439293.75,6710571.11],[439293.98,6710573.54],[439294.1,6710575.39],[439294.04,6710578.1],[439293.89,6710580.78],[439293.75,6710582.98],[439293.66,6710584.35],[439293.45,6710586.77],[439293.15,6710589.31],[439292.9,6710591.19],[439292.8,6710592.12],[439296.34,6710592.3],[439303.87,6710592.75],[439315.28,6710593.42],[439324.37,6710593.9],[439332.49,6710594.29],[439332.45,6710573.34],[439332.64,6710554.53],[439332.93,6710531.05]]]]}},{"type":"Feature","properties":{"idu":"49353000AT0134","section":"AT","numero":"0134","libelle":"AT 0134","code_insee":"49353","commune":"Trélazé","contenance":1823},"geometry":{"type":"MultiPolygon","coordinates":[[[[439308.36,6710533.75],[439307.07,6710491.41],[439306.7,6710480.04],[439293.1,6710475.96],[439278.78,6710471.67],[439264.96,6710467.59],[439253.21,6710464.01],[439258.33,6710470.71],[439261.58,6710474.95],[439263.81,6710478.02],[439265.56,6710480.28],[439267.3,6710482.78],[439269.07,6710485.33],[439270.87,6710488.02],[439272.27,6710490.16],[439273.45,6710492.04],[439274.72,6710494.31],[439276.19,6710496.9],[439277.78,6710499.7],[439278.8,6710501.44],[439279.61,6710502.89],[439280.65,6710504.84],[439281.27,6710506.09],[439281.92,6710507.47],[439282.4,6710508.62],[439282.83,6710509.73],[439283.44,6710511.58],[439284.09,6710513.61],[439284.74,6710515.72],[439285.86,6710519.34],[439286.45,6710521.07],[439287.45,6710524.31],[439288.56,6710528.11],[439289.92,6710532.87],[439290.31,6710534.1],[439289.33,6710535.68],[439291.74,6710535.5],[439293.65,6710535.39],[439296.36,6710535.19],[439298.81,6710534.93],[439304.8,6710534.23],[439308.36,6710533.75]]]]}},{"type":"Feature","properties":{"idu":"49353000AT0135","section":"AT","numero":"0135","libelle":"AT 0135","code_insee":"49353","commune":"Trélazé","contenance":369},"geometry":{"type":"MultiPolygon","coordinates":[[[[439230.15,6710589.17],[439237.34,6710589.53],[439234.18,6710536.86],[439230.87,6710536.75],[439227.1,6710536.57],[439230.15,6710589.17]]]]}},{"type":"Feature","properties":{"idu":"49353000AT0140","section":"AT","numero":"0140","libelle":"AT 0140","code_insee":"49353","commune":"Trélazé","contenance":420},"geometry":{"type":"MultiPolygon","coordinates":[[[[439318.98,6711166.3],[439323.99,6711165.42],[439325.33,6711165.19],[439325.24,6711164.49],[439324.71,6711160.72],[439324.28,6711157.63],[439332.42,6711155.99],[439334.05,6711155.65],[439332.36,6711146.51],[439336.63,6711145.59],[439337.81,6711145.34],[439339.11,6711145.07],[439338.12,6711139.86],[439337.85,6711137.55],[439336.56,6711137.49],[439332.74,6711137.3],[439330.76,6711137.21],[439321.76,6711136.76],[439315.44,6711136.43],[439318.47,6711162.91],[439318.98,6711166.3]]]]}},{"type":"Feature","properties":{"idu":"49353000AT0144","section":"AT","numero":"0144","libelle":"AT 0144","code_insee":"49353","commune":"Trélazé","contenance":25},"geometry":{"type":"MultiPolygon","coordinates":[[[[439161.57,6711148.84],[439161.64,6711149.45],[439161.78,6711150.37],[439161.99,6711151.15],[439162.14,6711151.45],[439162.56,6711151.91],[439162.98,6711152.19],[439163.46,6711152.4],[439163.98,6711152.61],[439164.48,6711152.72],[439165.19,6711152.87],[439165.92,6711153.04],[439166.77,6711153.17],[439167.54,6711153.19],[439167.39,6711148.11],[439161.57,6711148.84]]]]}},{"type":"Feature","properties":{"idu":"49353000AT0146","section":"AT","numero":"0146","libelle":"AT 0146","code_insee":"49353","commune":"Trélazé","contenance":20},"geometry":{"type":"MultiPolygon","coordinates":[[[[439238.69,6711149.95],[439237.85,6711150.24],[439238.62,6711154.91],[439240.2,6711164.52],[439242.75,6711180.18],[439243.21,6711182.94],[439243.8,6711186.44],[439244.59,6711186.28],[439244.01,6711182.82],[439241.88,6711170.05],[439241.84,6711169.84],[439240.98,6711164.38],[439239.45,6711154.77],[439238.69,6711149.95]]]]}},{"type":"Feature","properties":{"idu":"49353000AT0151","section":"AT","numero":"0151","libelle":"AT 0151","code_insee":"49353","commune":"Trélazé","contenance":280},"geometry":{"type":"MultiPolygon","coordinates":[[[[439260.29,6711161.62],[439264.31,6711160.62],[439272.31,6711158.73],[439276.03,6711157.85],[439275.16,6711152.84],[439273.02,6711140.48],[439265.97,6711142.24],[439257.67,6711144.31],[439258.46,6711149.67],[439259.0,6711153.33],[439259.65,6711157.47],[439260.29,6711161.62]]]]}},{"type":"Feature","properties":{"idu":"49353000AT0156","section":"AT","numero":"0156","libelle":"AT 0156","code_insee":"49353","commune":"Trélazé","contenance":612},"geometry":{"type":"MultiPolygon","coordinates":[[[[439161.57,6711148.84],[439167.39,6711148.11],[439167.54,6711153.19],[439170.44,6711152.76],[439174.06,6711152.27],[439177.12,6711151.87],[439179.99,6711151.5],[439184.07,6711151.0],[439193.35,6711149.82],[439195.23,6711149.62],[439195.11,6711129.43],[439162.42,6711133.46],[439161.99,6711141.72],[439161.57,6711148.84]]]]}},{"type":"Feature","properties":{"idu":"49353000AT0157","section":"AT","numero":"0157","libelle":"AT 0157","code_insee":"49353","commune":"Trélazé","contenance":651},"geometry":{"type":"MultiPolygon","coordinates":[[[[439162.42,6711133.46],[439195.11,6711129.43],[439195.04,6711113.49],[439195.03,6711112.25],[439194.5,6711112.49],[439163.57,6711110.99],[439163.0,6711121.97],[439162.42,6711133.46]]]]}},{"type":"Feature","properties":{"idu":"49353000AT0158","section":"AT","numero":"0158","libelle":"AT 0158","code_insee":"49353","commune":"Trélazé","contenance":634},"geometry":{"type":"MultiPolygon","coordinates":[[[[439195.03,6711112.25],[439194.93,6711091.56],[439164.77,6711090.39],[439164.52,6711090.41],[439164.31,6711095.25],[439164.17,6711097.41],[439164.03,6711102.51],[439163.57,6711110.99],[439194.5,6711112.49],[439195.03,6711112.25]]]]}},{"type":"Feature","properties":{"idu":"49353000AT0159","section":"AT","numero":"0159","libelle":"AT 0159","code_insee":"49353","commune":"Trélazé","contenance":632},"geometry":{"type":"MultiPolygon","coordinates":[[[[439194.79,6711070.55],[439170.03,6711069.52],[439166.13,6711073.62],[439165.64,6711080.16],[439165.13,6711085.82],[439164.77,6711090.39],[439194.93,6711091.56],[439194.93,6711091.43],[439194.85,6711080.99],[439194.79,6711070.55]]]]}},{"type":"Feature","properties":{"idu":"49353000AT0160","section":"AT","numero":"0160","libelle":"AT 0160","code_insee":"49353","commune":"Trélazé","contenance":493},"geometry":{"type":"MultiPolygon","coordinates":[[[[439194.97,6711054.93],[439194.84,6711043.74],[439180.31,6711043.37],[439171.23,6711043.14],[439166.08,6711043.0],[439166.27,6711046.45],[439166.49,6711052.64],[439166.52,6711055.34],[439170.98,6711059.93],[439195.04,6711060.58],[439194.97,6711054.93]]]]}},{"type":"Feature","properties":{"idu":"49353000AT0161","section":"AT","numero":"0161","libelle":"AT 0161","code_insee":"49353","commune":"Trélazé","contenance":478},"geometry":{"type":"MultiPolygon","coordinates":[[[[439194.84,6711043.74],[439194.85,6711037.87],[439194.84,6711027.96],[439165.31,6711027.59],[439165.8,6711036.3],[439166.08,6711043.0],[439171.23,6711043.14],[439180.31,6711043.37],[439194.84,6711043.74]]]]}},{"type":"Feature","properties":{"idu":"49353000AT0170","section":"AT","numero":"0170","libelle":"AT 0170","code_insee":"49353","commune":"Trélazé","contenance":800},"geometry":{"type":"MultiPolygon","coordinates":[[[[439228.88,6710722.5],[439228.02,6710729.69],[439226.75,6710740.18],[439224.9,6710755.22],[439224.69,6710757.34],[439224.41,6710761.58],[439226.11,6710761.79],[439236.22,6710762.9],[439244.38,6710763.75],[439247.97,6710731.78],[439248.78,6710724.48],[439228.88,6710722.5]]]]}},{"type":"Feature","properties":{"idu":"49353000AT0179","section":"AT","numero":"0179","libelle":"AT 0179","code_insee":"49353","commune":"Trélazé","contenance":544},"geometry":{"type":"MultiPolygon","coordinates":[[[[439298.86,6710638.1],[439300.56,6710622.66],[439301.55,6710613.75],[439303.87,6710592.75],[439296.34,6710592.3],[439292.8,6710592.12],[439292.28,6710594.48],[439291.81,6710596.7],[439291.14,6710599.87],[439290.8,6710601.43],[439290.47,6710603.59],[439290.05,6710606.55],[439289.69,6710609.36],[439289.35,6710612.14],[439288.89,6710616.21],[439288.26,6710621.68],[439287.66,6710627.5],[439287.15,6710632.48],[439286.68,6710636.99],[439298.86,6710638.1]]]]}},{"type":"Feature","properties":{"idu":"49353000AT0193","section":"AT","numero":"0193","libelle":"AT 0193","code_insee":"49353","commune":"Trélazé","contenance":596},"geometry":{"type":"MultiPolygon","coordinates":[[[[439100.37,6710706.72],[439099.67,6710716.68],[439098.93,6710727.63],[439098.53,6710732.87],[439097.93,6710740.26],[439097.18,6710749.78],[439103.74,6710750.6],[439110.64,6710751.52],[439111.4,6710741.9],[439111.61,6710739.21],[439111.68,6710738.27],[439112.5,6710727.79],[439114.08,6710707.66],[439109.75,6710707.36],[439100.37,6710706.72]]]]}},{"type":"Feature","properties":{"idu":"49353000AT0195","section":"AT","numero":"0195","libelle":"AT 0195","code_insee":"49353","commune":"Trélazé","contenance":517},"geometry":{"type":"MultiPolygon","coordinates":[[[[439141.66,6710697.32],[439101.36,6710693.44],[439101.02,6710697.77],[439100.83,6710700.02],[439100.37,6710706.72],[439109.75,6710707.36],[439114.08,6710707.66],[439115.48,6710707.76],[439118.54,6710707.97],[439127.05,6710708.57],[439137.65,6710709.39],[439139.81,6710709.56],[439139.79,6710709.25],[439141.66,6710697.32]]]]}},{"type":"Feature","properties":{"idu":"49353000AT0197","section":"AT","numero":"0197","libelle":"AT 0197","code_insee":"49353","commune":"Trélazé","contenance":853},"geometry":{"type":"MultiPolygon","coordinates":[[[[439141.66,6710697.32],[439142.34,6710697.36],[439144.02,6710686.38],[439145.44,6710677.54],[439121.22,6710674.87],[439110.02,6710673.88],[439106.63,6710673.57],[439102.83,6710673.25],[439102.01,6710684.62],[439101.72,6710688.51],[439101.36,6710693.44],[439141.66,6710697.32]]]]}},{"type":"Feature","properties":{"idu":"49353000AT0199","section":"AT","numero":"0199","libelle":"AT 0199","code_insee":"49353","commune":"Trélazé","contenance":431},"geometry":{"type":"MultiPolygon","coordinates":[[[[439102.83,6710673.25],[439106.63,6710673.57],[439110.02,6710673.88],[439121.22,6710674.87],[439145.44,6710677.54],[439146.64,6710667.31],[439135.71,6710666.22],[439134.21,6710666.07],[439124.21,6710665.07],[439123.14,6710664.97],[439120.14,6710664.67],[439103.62,6710663.0],[439102.92,6710672.07],[439102.83,6710673.25]]]]}},{"type":"Feature","properties":{"idu":"49353000AT0201","section":"AT","numero":"0201","libelle":"AT 0201","code_insee":"49353","commune":"Trélazé","contenance":516},"geometry":{"type":"MultiPolygon","coordinates":[[[[439146.64,6710667.31],[439147.94,6710655.37],[439131.95,6710654.1],[439128.26,6710653.81],[439122.18,6710653.33],[439121.79,6710653.3],[439117.93,6710653.0],[439104.39,6710651.8],[439103.62,6710663.0],[439120.14,6710664.67],[439123.14,6710664.97],[439124.21,6710665.07],[439134.21,6710666.07],[439135.71,6710666.22],[439146.64,6710667.31]]]]}},{"type":"Feature","properties":{"idu":"49353000AT0203","section":"AT","numero":"0203","libelle":"AT 0203","code_insee":"49353","commune":"Trélazé","contenance":993},"geometry":{"type":"MultiPolygon","coordinates":[[[[439113.83,6710629.83],[439110.38,6710629.54],[439106.07,6710629.2],[439105.66,6710635.12],[439104.94,6710644.2],[439104.8,6710646.11],[439104.39,6710651.8],[439117.93,6710653.0],[439118.15,6710649.89],[439122.01,6710650.22],[439121.79,6710653.3],[439122.18,6710653.33],[439128.26,6710653.81],[439131.95,6710654.1],[439147.94,6710655.37],[439149.11,6710643.03],[439150.03,6710632.44],[439119.29,6710630.22],[439113.83,6710629.83]]]]}},{"type":"Feature","properties":{"idu":"49353000AT0205","section":"AT","numero":"0205","libelle":"AT 0205","code_insee":"49353","commune":"Trélazé","contenance":275},"geometry":{"type":"MultiPolygon","coordinates":[[[[439123.44,6710608.1],[439122.61,6710608.04],[439116.78,6710607.69],[439107.69,6710607.14],[439107.45,6710611.61],[439106.74,6710619.99],[439106.64,6710621.32],[439106.07,6710629.2],[439110.38,6710629.54],[439113.83,6710629.83],[439114.4,6710622.35],[439119.33,6710619.49],[439122.38,6710619.6],[439123.44,6710608.1]]]]}},{"type":"Feature","properties":{"idu":"49353000AT0207","section":"AT","numero":"0207","libelle":"AT 0207","code_insee":"49353","commune":"Trélazé","contenance":592},"geometry":{"type":"MultiPolygon","coordinates":[[[[439150.87,6710609.7],[439151.04,6710604.72],[439151.1,6710602.87],[439151.0,6710599.54],[439150.85,6710596.85],[439150.77,6710596.06],[439147.5,6710595.83],[439134.41,6710594.93],[439117.49,6710593.75],[439108.7,6710593.14],[439108.18,6710600.35],[439107.69,6710607.14],[439116.78,6710607.69],[439122.61,6710608.04],[439123.44,6710608.1],[439150.87,6710609.7]]]]}},{"type":"Feature","properties":{"idu":"49353000AT0209","section":"AT","numero":"0209","libelle":"AT 0209","code_insee":"49353","commune":"Trélazé","contenance":686},"geometry":{"type":"MultiPolygon","coordinates":[[[[439108.7,6710593.14],[439117.49,6710593.75],[439134.41,6710594.93],[439147.5,6710595.83],[439150.77,6710596.06],[439150.66,6710594.8],[439150.46,6710593.2],[439150.33,6710592.63],[439150.21,6710592.11],[439150.07,6710591.71],[439149.86,6710591.06],[439149.58,6710590.28],[439149.27,6710589.45],[439149.0,6710588.63],[439148.85,6710588.01],[439148.69,6710587.27],[439148.59,6710586.65],[439148.52,6710586.11],[439148.43,6710585.34],[439148.45,6710584.71],[439148.17,6710575.95],[439122.6,6710577.42],[439114.81,6710577.87],[439109.85,6710578.14],[439109.35,6710584.84],[439108.7,6710593.14]]]]}},{"type":"Feature","properties":{"idu":"49353000AT0211","section":"AT","numero":"0211","libelle":"AT 0211","code_insee":"49353","commune":"Trélazé","contenance":871},"geometry":{"type":"MultiPolygon","coordinates":[[[[439148.17,6710575.95],[439147.37,6710549.07],[439132.79,6710552.69],[439120.47,6710555.24],[439116.75,6710556.08],[439112.86,6710556.68],[439111.36,6710556.93],[439110.54,6710568.86],[439109.85,6710578.14],[439114.81,6710577.87],[439122.6,6710577.42],[439148.17,6710575.95]]]]}},{"type":"Feature","properties":{"idu":"49353000AT0214","section":"AT","numero":"0214","libelle":"AT 0214","code_insee":"49353","commune":"Trélazé","contenance":600},"geometry":{"type":"MultiPolygon","coordinates":[[[[439320.28,6711117.37],[439322.26,6711089.25],[439309.66,6711090.15],[439301.46,6711090.74],[439301.03,6711122.01],[439320.28,6711117.37]]]]}},{"type":"Feature","properties":{"idu":"49353000AT0225","section":"AT","numero":"0225","libelle":"AT 0225","code_insee":"49353","commune":"Trélazé","contenance":259},"geometry":{"type":"MultiPolygon","coordinates":[[[[439178.57,6711201.86],[439181.6,6711210.07],[439183.42,6711215.25],[439185.36,6711220.6],[439186.64,6711224.19],[439188.55,6711229.64],[439190.09,6711234.05],[439194.59,6711232.93],[439192.05,6711216.53],[439191.48,6711212.9],[439190.71,6711207.97],[439190.35,6711205.61],[439189.5,6711200.19],[439179.75,6711201.68],[439178.57,6711201.86]]]]}},{"type":"Feature","properties":{"idu":"49353000AT0226","section":"AT","numero":"0226","libelle":"AT 0226","code_insee":"49353","commune":"Trélazé","contenance":184},"geometry":{"type":"MultiPolygon","coordinates":[[[[439194.86,6711199.36],[439189.5,6711200.19],[439190.35,6711205.61],[439190.71,6711207.97],[439191.48,6711212.9],[439192.05,6711216.53],[439194.59,6711232.93],[439195.71,6711232.83],[439196.4,6711232.78],[439197.41,6711232.82],[439198.27,6711232.88],[439199.84,6711233.17],[439197.91,6711219.38],[439196.42,6711208.96],[439195.74,6711204.76],[439194.86,6711199.36]]]]}},{"type":"Feature","properties":{"idu":"49353000AT0227","section":"AT","numero":"0227","libelle":"AT 0227","code_insee":"49353","commune":"Trélazé","contenance":225},"geometry":{"type":"MultiPolygon","coordinates":[[[[439207.45,6711232.98],[439205.86,6711225.36],[439205.37,6711223.0],[439205.04,6711221.43],[439204.83,6711220.49],[439204.45,6711218.81],[439202.86,6711211.62],[439201.34,6711204.37],[439201.25,6711203.9],[439200.32,6711198.55],[439194.86,6711199.36],[439195.74,6711204.76],[439196.42,6711208.96],[439197.91,6711219.38],[439199.84,6711233.17],[439200.85,6711233.22],[439201.92,6711233.22],[439202.86,6711233.2],[439203.68,6711233.27],[439205.27,6711233.19],[439207.45,6711232.98]]]]}},{"type":"Feature","properties":{"idu":"49353000AT0228","section":"AT","numero":"0228","libelle":"AT 0228","code_insee":"49353","commune":"Trélazé","contenance":202},"geometry":{"type":"MultiPolygon","coordinates":[[[[439206.22,6711197.61],[439200.32,6711198.55],[439201.25,6711203.9],[439201.34,6711204.37],[439202.86,6711211.62],[439204.45,6711218.81],[439204.83,6711220.49],[439205.04,6711221.43],[439205.37,6711223.0],[439205.86,6711225.36],[439207.45,6711232.98],[439210.66,6711232.86],[439213.19,6711232.56],[439211.97,6711226.46],[439211.53,6711224.28],[439210.84,6711220.85],[439210.57,6711219.47],[439210.26,6711217.97],[439208.63,6711209.8],[439207.28,6711202.94],[439206.22,6711197.61]]]]}},{"type":"Feature","properties":{"idu":"49353000AT0229","section":"AT","numero":"0229","libelle":"AT 0229","code_insee":"49353","commune":"Trélazé","contenance":190},"geometry":{"type":"MultiPolygon","coordinates":[[[[439206.22,6711197.61],[439207.28,6711202.94],[439208.63,6711209.8],[439210.26,6711217.97],[439210.57,6711219.47],[439210.84,6711220.85],[439211.53,6711224.28],[439211.97,6711226.46],[439213.19,6711232.56],[439217.82,6711232.09],[439216.81,6711225.97],[439215.83,6711219.83],[439215.65,6711218.71],[439215.4,6711217.14],[439214.0,6711208.37],[439212.98,6711202.06],[439212.12,6711196.76],[439206.22,6711197.61]]]]}},{"type":"Feature","properties":{"idu":"49353000AT0232","section":"AT","numero":"0232","libelle":"AT 0232","code_insee":"49353","commune":"Trélazé","contenance":330},"geometry":{"type":"MultiPolygon","coordinates":[[[[439239.04,6711192.64],[439233.25,6711193.55],[439234.1,6711198.81],[439235.47,6711207.29],[439238.27,6711225.92],[439239.78,6711225.14],[439241.02,6711224.55],[439241.87,6711224.1],[439242.39,6711223.78],[439243.14,6711223.22],[439243.77,6711222.53],[439244.31,6711221.86],[439244.79,6711221.1],[439245.31,6711220.19],[439245.82,6711219.17],[439246.23,6711218.31],[439246.64,6711217.53],[439246.93,6711217.14],[439247.34,6711216.68],[439248.19,6711215.88],[439246.26,6711201.89],[439245.49,6711197.08],[439244.65,6711191.87],[439239.04,6711192.64]]]]}},{"type":"Feature","properties":{"idu":"49353000AT0233","section":"AT","numero":"0233","libelle":"AT 0233","code_insee":"49353","commune":"Trélazé","contenance":298},"geometry":{"type":"MultiPolygon","coordinates":[[[[439251.58,6711271.36],[439250.48,6711264.7],[439248.59,6711253.18],[439247.28,6711245.02],[439246.26,6711245.2],[439245.47,6711245.11],[439244.24,6711244.96],[439243.04,6711244.68],[439242.54,6711244.74],[439242.4,6711244.13],[439241.33,6711244.31],[439239.65,6711244.6],[439239.29,6711242.31],[439239.1,6711241.19],[439238.96,6711240.6],[439238.64,6711240.01],[439238.36,6711239.53],[439238.0,6711239.04],[439237.59,6711238.6],[439237.14,6711238.19],[439236.68,6711237.85],[439236.27,6711237.6],[439235.85,6711237.32],[439235.24,6711237.05],[439236.16,6711242.27],[439236.9,6711246.36],[439237.15,6711247.8],[439237.44,6711249.4],[439237.62,6711250.42],[439239.59,6711261.32],[439240.45,6711266.21],[439241.62,6711272.78],[439243.38,6711272.52],[439251.58,6711271.36]]]]}},{"type":"Feature","properties":{"idu":"49353000AT0236","section":"AT","numero":"0236","libelle":"AT 0236","code_insee":"49353","commune":"Trélazé","contenance":199},"geometry":{"type":"MultiPolygon","coordinates":[[[[439226.55,6711275.07],[439231.6,6711274.26],[439230.39,6711267.71],[439229.86,6711264.81],[439227.01,6711250.26],[439224.38,6711236.56],[439219.41,6711237.29],[439221.85,6711250.32],[439222.13,6711251.7],[439222.49,6711253.47],[439223.94,6711260.6],[439225.35,6711268.46],[439226.55,6711275.07]]]]}},{"type":"Feature","properties":{"idu":"49353000AT0237","section":"AT","numero":"0237","libelle":"AT 0237","code_insee":"49353","commune":"Trélazé","contenance":189},"geometry":{"type":"MultiPolygon","coordinates":[[[[439221.4,6711275.85],[439226.55,6711275.07],[439225.35,6711268.46],[439223.94,6711260.6],[439222.49,6711253.47],[439222.13,6711251.7],[439221.85,6711250.32],[439219.41,6711237.29],[439214.77,6711238.04],[439215.74,6711243.58],[439215.97,6711244.86],[439219.18,6711263.25],[439219.24,6711263.57],[439220.25,6711269.22],[439221.4,6711275.85]]]]}},{"type":"Feature","properties":{"idu":"49353000AT0238","section":"AT","numero":"0238","libelle":"AT 0238","code_insee":"49353","commune":"Trélazé","contenance":707},"geometry":{"type":"MultiPolygon","coordinates":[[[[439221.4,6711275.85],[439220.25,6711269.22],[439219.24,6711263.57],[439219.18,6711263.25],[439215.97,6711244.86],[439215.74,6711243.58],[439214.77,6711238.04],[439207.13,6711239.25],[439198.93,6711240.55],[439192.81,6711241.58],[439196.17,6711251.08],[439200.19,6711262.37],[439203.68,6711272.28],[439210.3,6711277.53],[439221.4,6711275.85]]]]}},{"type":"Feature","properties":{"idu":"49353000AT0253","section":"AT","numero":"0253","libelle":"AT 0253","code_insee":"49353","commune":"Trélazé","contenance":447},"geometry":{"type":"MultiPolygon","coordinates":[[[[439185.52,6710983.61],[439185.31,6710981.09],[439183.26,6710981.22],[439179.74,6710980.12],[439178.27,6710980.22],[439175.15,6710980.45],[439166.59,6710981.07],[439161.34,6710981.45],[439162.21,6710991.19],[439163.04,6711000.38],[439186.55,6710998.22],[439185.52,6710983.61]]]]}},{"type":"Feature","properties":{"idu":"49353000AT0254","section":"AT","numero":"0254","libelle":"AT 0254","code_insee":"49353","commune":"Trélazé","contenance":384},"geometry":{"type":"MultiPolygon","coordinates":[[[[439179.74,6710980.12],[439179.9,6710961.86],[439170.12,6710960.95],[439159.57,6710959.98],[439160.59,6710971.85],[439161.34,6710981.45],[439166.59,6710981.07],[439175.15,6710980.45],[439178.27,6710980.22],[439179.74,6710980.12]]]]}},{"type":"Feature","properties":{"idu":"49353000AT0257","section":"AT","numero":"0257","libelle":"AT 0257","code_insee":"49353","commune":"Trélazé","contenance":1554},"geometry":{"type":"MultiPolygon","coordinates":[[[[439194.64,6710983.56],[439200.81,6710983.56],[439201.62,6710972.64],[439233.17,6710973.69],[439233.45,6710966.14],[439233.43,6710965.05],[439234.01,6710954.56],[439220.82,6710953.45],[439210.11,6710952.63],[439188.72,6710951.02],[439170.05,6710949.66],[439158.72,6710948.89],[439159.57,6710959.98],[439170.12,6710960.95],[439179.9,6710961.86],[439179.74,6710980.12],[439183.26,6710981.22],[439185.31,6710981.09],[439185.52,6710983.61],[439191.93,6710983.49],[439194.64,6710983.56]]]]}},{"type":"Feature","properties":{"idu":"49353000AT0262","section":"AT","numero":"0262","libelle":"AT 0262","code_insee":"49353","commune":"Trélazé","contenance":1365},"geometry":{"type":"MultiPolygon","coordinates":[[[[439158.72,6710948.89],[439170.05,6710949.66],[439188.72,6710951.02],[439190.25,6710927.27],[439191.55,6710907.97],[439183.4,6710907.37],[439167.37,6710906.11],[439156.53,6710915.87],[439156.81,6710919.69],[439157.58,6710931.16],[439158.72,6710948.89]]]]}},{"type":"Feature","properties":{"idu":"49353000AT0268","section":"AT","numero":"0268","libelle":"AT 0268","code_insee":"49353","commune":"Trélazé","contenance":60},"geometry":{"type":"MultiPolygon","coordinates":[[[[439301.03,6711122.01],[439294.02,6711124.07],[439284.29,6711126.89],[439277.26,6711128.97],[439270.39,6711131.23],[439279.09,6711129.29],[439285.64,6711127.98],[439288.03,6711127.59],[439289.27,6711127.32],[439290.28,6711127.17],[439291.33,6711127.07],[439292.11,6711127.01],[439293.11,6711126.93],[439294.4,6711126.86],[439295.49,6711126.81],[439296.65,6711126.75],[439297.7,6711126.75],[439298.51,6711126.75],[439299.82,6711126.92],[439301.03,6711127.05],[439301.03,6711122.01]]]]}},{"type":"Feature","properties":{"idu":"49353000AT0273","section":"AT","numero":"0273","libelle":"AT 0273","code_insee":"49353","commune":"Trélazé","contenance":761},"geometry":{"type":"MultiPolygon","coordinates":[[[[439315.33,6711211.51],[439317.19,6711221.31],[439312.13,6711222.26],[439313.72,6711232.04],[439353.34,6711224.93],[439351.79,6711213.94],[439350.36,6711205.16],[439315.33,6711211.51]]]]}},{"type":"Feature","properties":{"idu":"49353000AT0274","section":"AT","numero":"0274","libelle":"AT 0274","code_insee":"49353","commune":"Trélazé","contenance":1134},"geometry":{"type":"MultiPolygon","coordinates":[[[[439305.57,6711183.78],[439307.13,6711192.64],[439308.42,6711200.4],[439309.17,6711204.89],[439314.11,6711204.01],[439315.33,6711211.51],[439350.36,6711205.16],[439348.74,6711196.16],[439347.11,6711187.84],[439344.88,6711176.68],[439305.57,6711183.78]]]]}},{"type":"Feature","properties":{"idu":"49353000AT0280","section":"AT","numero":"0280","libelle":"AT 0280","code_insee":"49353","commune":"Trélazé","contenance":624},"geometry":{"type":"MultiPolygon","coordinates":[[[[439262.39,6711214.8],[439263.77,6711223.27],[439264.64,6711228.59],[439265.25,6711232.12],[439266.69,6711240.3],[439287.44,6711236.66],[439307.91,6711233.08],[439307.19,6711229.08],[439287.49,6711232.68],[439282.58,6711211.35],[439262.39,6711214.8]]]]}},{"type":"Feature","properties":{"idu":"49353000AT0282","section":"AT","numero":"0282","libelle":"AT 0282","code_insee":"49353","commune":"Trélazé","contenance":452},"geometry":{"type":"MultiPolygon","coordinates":[[[[439282.58,6711211.35],[439287.49,6711232.68],[439307.19,6711229.08],[439305.88,6711221.53],[439304.56,6711213.09],[439303.72,6711207.82],[439282.58,6711211.35]]]]}},{"type":"Feature","properties":{"idu":"49353000AT0284","section":"AT","numero":"0284","libelle":"AT 0284","code_insee":"49353","commune":"Trélazé","contenance":910},"geometry":{"type":"MultiPolygon","coordinates":[[[[439259.15,6711193.09],[439261.22,6711206.89],[439262.39,6711214.8],[439282.58,6711211.35],[439303.72,6711207.82],[439302.4,6711200.92],[439301.08,6711192.97],[439299.98,6711186.63],[439281.48,6711189.55],[439281.22,6711189.59],[439279.5,6711189.86],[439276.33,6711190.36],[439259.15,6711193.09]]]]}},{"type":"Feature","properties":{"idu":"49353000AT0288","section":"AT","numero":"0288","libelle":"AT 0288","code_insee":"49353","commune":"Trélazé","contenance":253},"geometry":{"type":"MultiPolygon","coordinates":[[[[439280.95,6711186.52],[439299.56,6711183.59],[439298.33,6711176.12],[439297.25,6711170.05],[439278.64,6711173.32],[439279.47,6711178.05],[439280.82,6711185.82],[439280.95,6711186.52]]]]}},{"type":"Feature","properties":{"idu":"49353000AT0294","section":"AT","numero":"0294","libelle":"AT 0294","code_insee":"49353","commune":"Trélazé","contenance":537},"geometry":{"type":"MultiPolygon","coordinates":[[[[439318.98,6711166.3],[439318.47,6711162.91],[439315.44,6711136.43],[439306.8,6711135.99],[439300.48,6711135.72],[439297.3,6711135.59],[439298.31,6711141.23],[439299.28,6711147.2],[439300.1,6711152.21],[439301.11,6711158.39],[439301.79,6711162.53],[439302.37,6711166.1],[439302.86,6711169.03],[439309.51,6711167.9],[439318.98,6711166.3]]]]}},{"type":"Feature","properties":{"idu":"49353000AT0296","section":"AT","numero":"0296","libelle":"AT 0296","code_insee":"49353","commune":"Trélazé","contenance":1114},"geometry":{"type":"MultiPolygon","coordinates":[[[[439353.34,6711224.93],[439313.72,6711232.04],[439316.85,6711250.91],[439321.22,6711254.26],[439322.65,6711263.29],[439322.79,6711264.16],[439338.22,6711257.38],[439357.51,6711248.74],[439355.31,6711236.36],[439353.34,6711224.93]]]]}},{"type":"Feature","properties":{"idu":"49353000AT0298","section":"AT","numero":"0298","libelle":"AT 0298","code_insee":"49353","commune":"Trélazé","contenance":192},"geometry":{"type":"MultiPolygon","coordinates":[[[[439227.64,6711194.41],[439228.46,6711199.68],[439229.24,6711204.72],[439230.55,6711214.16],[439230.61,6711214.59],[439231.92,6711223.1],[439232.69,6711228.11],[439234.39,6711227.45],[439235.95,6711226.86],[439237.45,6711226.29],[439238.27,6711225.92],[439235.47,6711207.29],[439234.1,6711198.81],[439233.25,6711193.55],[439227.64,6711194.41]]]]}},{"type":"Feature","properties":{"idu":"49353000AT0300","section":"AT","numero":"0300","libelle":"AT 0300","code_insee":"49353","commune":"Trélazé","contenance":849},"geometry":{"type":"MultiPolygon","coordinates":[[[[439163.04,6711000.38],[439163.82,6711009.93],[439164.99,6711022.97],[439165.31,6711027.59],[439194.84,6711027.96],[439194.8,6711019.82],[439194.73,6711001.75],[439194.7,6710997.39],[439186.55,6710998.22],[439163.04,6711000.38]]]]}},{"type":"Feature","properties":{"idu":"49353000AT0301","section":"AT","numero":"0301","libelle":"AT 0301","code_insee":"49353","commune":"Trélazé","contenance":131},"geometry":{"type":"MultiPolygon","coordinates":[[[[439194.64,6710983.56],[439191.93,6710983.49],[439185.52,6710983.61],[439186.55,6710998.22],[439194.7,6710997.39],[439194.64,6710983.56]]]]}},{"type":"Feature","properties":{"idu":"49353000AT0303","section":"AT","numero":"0303","libelle":"AT 0303","code_insee":"49353","commune":"Trélazé","contenance":1038},"geometry":{"type":"MultiPolygon","coordinates":[[[[439210.93,6711091.19],[439211.16,6711113.45],[439211.19,6711116.82],[439211.19,6711117.64],[439211.25,6711123.73],[439211.79,6711125.46],[439215.86,6711138.57],[439218.32,6711146.48],[439222.5,6711145.11],[439225.06,6711144.32],[439227.47,6711143.59],[439229.79,6711142.92],[439232.32,6711142.24],[439234.82,6711141.49],[439237.29,6711140.85],[439230.1,6711117.53],[439229.87,6711091.07],[439214.7,6711091.17],[439210.93,6711091.19]]]]}},{"type":"Feature","properties":{"idu":"49353000AT0304","section":"AT","numero":"0304","libelle":"AT 0304","code_insee":"49353","commune":"Trélazé","contenance":982},"geometry":{"type":"MultiPolygon","coordinates":[[[[439229.87,6711091.07],[439230.1,6711117.53],[439237.29,6711140.85],[439246.78,6711138.08],[439258.19,6711134.54],[439255.92,6711126.96],[439252.92,6711116.91],[439251.61,6711112.51],[439245.23,6711090.98],[439231.72,6711091.06],[439229.87,6711091.07]]]]}},{"type":"Feature","properties":{"idu":"49353000AT0305","section":"AT","numero":"0305","libelle":"AT 0305","code_insee":"49353","commune":"Trélazé","contenance":843},"geometry":{"type":"MultiPolygon","coordinates":[[[[439266.01,6711090.9],[439263.66,6711090.91],[439247.87,6711090.96],[439245.23,6711090.98],[439251.61,6711112.51],[439252.92,6711116.91],[439255.92,6711126.96],[439258.19,6711134.54],[439265.88,6711132.42],[439270.39,6711131.23],[439277.26,6711128.97],[439266.01,6711090.9]]]]}},{"type":"Feature","properties":{"idu":"49353000AT0306","section":"AT","numero":"0306","libelle":"AT 0306","code_insee":"49353","commune":"Trélazé","contenance":1018},"geometry":{"type":"MultiPolygon","coordinates":[[[[439266.01,6711090.9],[439277.26,6711128.97],[439284.29,6711126.89],[439294.02,6711124.07],[439301.03,6711122.01],[439301.46,6711090.74],[439293.66,6711090.78],[439278.66,6711090.85],[439266.01,6711090.9]]]]}},{"type":"Feature","properties":{"idu":"49353000AT0307","section":"AT","numero":"0307","libelle":"AT 0307","code_insee":"49353","commune":"Trélazé","contenance":425},"geometry":{"type":"MultiPolygon","coordinates":[[[[439310.39,6711246.61],[439298.53,6711250.61],[439287.28,6711254.45],[439290.6,6711274.99],[439291.11,6711278.2],[439295.09,6711276.5],[439299.37,6711274.56],[439307.28,6711271.02],[439306.15,6711264.07],[439305.16,6711258.02],[439311.17,6711251.36],[439310.39,6711246.61]]]]}},{"type":"Feature","properties":{"idu":"49353000AT0308","section":"AT","numero":"0308","libelle":"AT 0308","code_insee":"49353","commune":"Trélazé","contenance":1231},"geometry":{"type":"MultiPolygon","coordinates":[[[[439310.39,6711246.61],[439308.86,6711238.42],[439307.91,6711233.08],[439287.44,6711236.66],[439266.69,6711240.3],[439267.44,6711245.24],[439267.59,6711246.23],[439268.69,6711253.57],[439268.98,6711255.48],[439269.9,6711261.72],[439270.16,6711263.41],[439270.92,6711268.53],[439268.25,6711268.95],[439267.46,6711269.08],[439271.11,6711287.2],[439280.2,6711283.1],[439291.11,6711278.2],[439290.6,6711274.99],[439287.28,6711254.45],[439298.53,6711250.61],[439310.39,6711246.61]]]]}},{"type":"Feature","properties":{"idu":"49353000AT0309","section":"AT","numero":"0309","libelle":"AT 0309","code_insee":"49353","commune":"Trélazé","contenance":20059},"geometry":{"type":"MultiPolygon","coordinates":[[[[439150.87,6710609.7],[439150.43,6710621.47],[439150.03,6710632.44],[439149.11,6710643.03],[439147.94,6710655.37],[439146.64,6710667.31],[439145.44,6710677.54],[439144.02,6710686.38],[439142.34,6710697.36],[439141.66,6710697.32],[439139.79,6710709.25],[439139.81,6710709.56],[439140.04,6710713.2],[439140.0,6710713.9],[439139.53,6710720.8],[439138.8,6710726.39],[439138.1,6710731.52],[439137.25,6710737.45],[439134.3,6710747.43],[439133.18,6710751.7],[439136.2,6710752.01],[439139.57,6710752.43],[439144.99,6710753.03],[439150.77,6710753.63],[439156.99,6710754.32],[439160.87,6710754.65],[439161.19,6710754.68],[439167.02,6710755.32],[439172.8,6710755.98],[439179.45,6710756.76],[439185.92,6710757.44],[439200.66,6710759.1],[439224.41,6710761.58],[439224.69,6710757.34],[439224.9,6710755.22],[439226.75,6710740.18],[439228.02,6710729.69],[439228.88,6710722.5],[439230.1,6710712.53],[439269.44,6710716.48],[439269.85,6710716.52],[439271.01,6710706.64],[439272.84,6710691.77],[439275.04,6710675.25],[439277.8,6710675.58],[439277.76,6710674.99],[439277.7,6710674.49],[439277.62,6710673.22],[439277.53,6710671.52],[439277.42,6710669.26],[439277.28,6710666.81],[439277.22,6710664.42],[439277.1,6710662.43],[439276.49,6710662.21],[439276.55,6710660.45],[439276.66,6710658.2],[439276.74,6710655.33],[439276.86,6710652.71],[439277.16,6710648.31],[439277.67,6710640.96],[439278.21,6710633.91],[439278.75,6710626.56],[439279.38,6710618.55],[439279.99,6710610.34],[439280.67,6710599.65],[439281.0,6710592.64],[439269.77,6710591.54],[439269.46,6710591.07],[439254.28,6710590.34],[439253.49,6710590.38],[439237.34,6710589.53],[439230.15,6710589.17],[439202.33,6710587.77],[439181.45,6710586.59],[439164.38,6710585.58],[439149.23,6710584.76],[439148.45,6710584.71],[439148.43,6710585.34],[439148.52,6710586.11],[439148.59,6710586.65],[439148.69,6710587.27],[439148.85,6710588.01],[439149.0,6710588.63],[439149.27,6710589.45],[439149.58,6710590.28],[439149.86,6710591.06],[439150.07,6710591.71],[439150.21,6710592.11],[439150.33,6710592.63],[439150.46,6710593.2],[439150.66,6710594.8],[439150.77,6710596.06],[439150.85,6710596.85],[439151.0,6710599.54],[439151.1,6710602.87],[439151.04,6710604.72],[439150.87,6710609.7]]]]}},{"type":"Feature","properties":{"idu":"49353000AT0311","section":"AT","numero":"0311","libelle":"AT 0311","code_insee":"49353","commune":"Trélazé","contenance":14876},"geometry":{"type":"MultiPolygon","coordinates":[[[[439269.24,6710903.95],[439271.55,6710904.14],[439272.15,6710904.19],[439279.81,6710904.93],[439281.36,6710885.57],[439281.71,6710881.07],[439281.92,6710878.52],[439283.19,6710863.5],[439290.18,6710782.69],[439245.34,6710778.79],[439236.93,6710777.99],[439173.41,6710772.28],[439171.32,6710774.16],[439171.04,6710774.41],[439168.87,6710792.62],[439164.4,6710829.84],[439163.03,6710840.15],[439161.15,6710854.72],[439158.91,6710872.68],[439157.64,6710883.39],[439157.14,6710890.45],[439156.83,6710895.4],[439200.76,6710898.69],[439234.11,6710901.17],[439235.98,6710901.3],[439237.47,6710901.42],[439269.24,6710903.95]]]]}},{"type":"Feature","properties":{"idu":"49353000AT0312","section":"AT","numero":"0312","libelle":"AT 0312","code_insee":"49353","commune":"Trélazé","contenance":6369},"geometry":{"type":"MultiPolygon","coordinates":[[[[439290.18,6710782.69],[439283.19,6710863.5],[439281.92,6710878.52],[439281.71,6710881.07],[439281.36,6710885.57],[439279.81,6710904.93],[439287.08,6710905.57],[439296.68,6710906.42],[439301.5,6710906.86],[439315.95,6710908.19],[439316.59,6710908.25],[439330.38,6710909.45],[439331.43,6710909.55],[439334.99,6710867.88],[439342.01,6710785.59],[439318.45,6710784.41],[439297.56,6710783.35],[439290.18,6710782.69]]]]}},{"type":"Feature","properties":{"idu":"49353000AT0313","section":"AT","numero":"0313","libelle":"AT 0313","code_insee":"49353","commune":"Trélazé","contenance":333},"geometry":{"type":"MultiPolygon","coordinates":[[[[439271.11,6711287.2],[439267.46,6711269.08],[439257.01,6711270.6],[439251.58,6711271.36],[439255.97,6711293.99],[439263.39,6711290.66],[439271.11,6711287.2]]]]}},{"type":"Feature","properties":{"idu":"49353000AT0314","section":"AT","numero":"0314","libelle":"AT 0314","code_insee":"49353","commune":"Trélazé","contenance":202},"geometry":{"type":"MultiPolygon","coordinates":[[[[439255.97,6711293.99],[439251.58,6711271.36],[439243.38,6711272.52],[439245.52,6711280.95],[439244.07,6711281.41],[439248.76,6711297.21],[439255.97,6711293.99]]]]}},{"type":"Feature","properties":{"idu":"49353000AT0315","section":"AT","numero":"0315","libelle":"AT 0315","code_insee":"49353","commune":"Trélazé","contenance":417},"geometry":{"type":"MultiPolygon","coordinates":[[[[439271.01,6710706.64],[439269.85,6710716.52],[439268.66,6710726.45],[439268.29,6710729.79],[439273.8,6710730.15],[439283.84,6710730.8],[439290.05,6710731.21],[439290.06,6710730.36],[439289.9,6710728.56],[439289.48,6710724.41],[439289.01,6710720.87],[439288.76,6710719.1],[439288.65,6710718.29],[439281.38,6710708.31],[439271.01,6710706.64]]]]}},{"type":"Feature","properties":{"idu":"49353000AT0316","section":"AT","numero":"0316","libelle":"AT 0316","code_insee":"49353","commune":"Trélazé","contenance":290},"geometry":{"type":"MultiPolygon","coordinates":[[[[439277.8,6710675.58],[439275.04,6710675.25],[439272.84,6710691.77],[439271.01,6710706.64],[439281.38,6710708.31],[439288.65,6710718.29],[439288.22,6710715.74],[439287.8,6710713.79],[439287.15,6710711.27],[439286.51,6710709.09],[439286.08,6710707.64],[439285.81,6710706.65],[439285.25,6710705.11],[439284.74,6710703.87],[439284.33,6710702.9],[439283.77,6710701.43],[439283.41,6710700.54],[439282.92,6710699.14],[439282.48,6710697.89],[439282.1,6710696.79],[439281.77,6710695.63],[439281.6,6710694.95],[439281.34,6710693.84],[439281.02,6710692.61],[439280.69,6710691.15],[439280.27,6710689.14],[439279.89,6710687.32],[439279.46,6710685.04],[439279.02,6710682.89],[439278.76,6710681.51],[439278.5,6710680.14],[439278.27,6710678.86],[439278.04,6710677.26],[439277.8,6710675.58]]]]}},{"type":"Feature","properties":{"idu":"49353000AT0324","section":"AT","numero":"0324","libelle":"AT 0324","code_insee":"49353","commune":"Trélazé","contenance":310},"geometry":{"type":"MultiPolygon","coordinates":[[[[439233.17,6710973.69],[439201.62,6710972.64],[439200.81,6710983.56],[439208.75,6710983.47],[439214.72,6710983.45],[439219.71,6710983.47],[439223.85,6710983.48],[439232.66,6710983.59],[439233.17,6710973.69]]]]}},{"type":"Feature","properties":{"idu":"49353000AT0326","section":"AT","numero":"0326","libelle":"AT 0326","code_insee":"49353","commune":"Trélazé","contenance":903},"geometry":{"type":"MultiPolygon","coordinates":[[[[439188.72,6710951.02],[439210.11,6710952.63],[439211.41,6710909.5],[439199.06,6710908.47],[439191.55,6710907.97],[439190.25,6710927.27],[439188.72,6710951.02]]]]}},{"type":"Feature","properties":{"idu":"49353000AT0329","section":"AT","numero":"0329","libelle":"AT 0329","code_insee":"49353","commune":"Trélazé","contenance":419},"geometry":{"type":"MultiPolygon","coordinates":[[[[439210.93,6711091.19],[439214.7,6711091.17],[439214.71,6711081.47],[439214.74,6711071.47],[439214.74,6711067.48],[439208.74,6711067.49],[439208.74,6711070.5],[439194.79,6711070.55],[439194.85,6711080.99],[439194.93,6711091.43],[439200.07,6711091.33],[439202.51,6711091.28],[439202.98,6711091.27],[439206.01,6711091.25],[439210.93,6711091.19]]]]}},{"type":"Feature","properties":{"idu":"49353000AT0330","section":"AT","numero":"0330","libelle":"AT 0330","code_insee":"49353","commune":"Trélazé","contenance":426},"geometry":{"type":"MultiPolygon","coordinates":[[[[439214.7,6711091.17],[439229.87,6711091.07],[439231.72,6711091.06],[439231.72,6711064.12],[439225.72,6711064.11],[439225.72,6711066.47],[439214.74,6711066.48],[439214.74,6711067.48],[439214.74,6711071.47],[439214.71,6711081.47],[439214.7,6711091.17]]]]}},{"type":"Feature","properties":{"idu":"49353000AT0331","section":"AT","numero":"0331","libelle":"AT 0331","code_insee":"49353","commune":"Trélazé","contenance":427},"geometry":{"type":"MultiPolygon","coordinates":[[[[439231.72,6711064.12],[439231.72,6711091.06],[439245.23,6711090.98],[439247.87,6711090.96],[439248.35,6711064.12],[439231.72,6711064.12]]]]}},{"type":"Feature","properties":{"idu":"49353000AT0332","section":"AT","numero":"0332","libelle":"AT 0332","code_insee":"49353","commune":"Trélazé","contenance":1},"geometry":{"type":"MultiPolygon","coordinates":[[[[439301.7,6711026.69],[439303.04,6711026.74],[439303.09,6711025.76],[439301.71,6711025.76],[439301.7,6711026.69]]]]}},{"type":"Feature","properties":{"idu":"49353000AT0333","section":"AT","numero":"0333","libelle":"AT 0333","code_insee":"49353","commune":"Trélazé","contenance":15},"geometry":{"type":"MultiPolygon","coordinates":[[[[439283.21,6711025.73],[439283.22,6711026.07],[439294.53,6711026.45],[439301.7,6711026.69],[439301.71,6711025.76],[439283.21,6711025.73]]]]}},{"type":"Feature","properties":{"idu":"49353000AT0334","section":"AT","numero":"0334","libelle":"AT 0334","code_insee":"49353","commune":"Trélazé","contenance":6},"geometry":{"type":"MultiPolygon","coordinates":[[[[439283.21,6711025.73],[439274.03,6711025.72],[439283.22,6711026.07],[439283.21,6711025.73]]]]}},{"type":"Feature","properties":{"idu":"49353000AT0336","section":"AT","numero":"0336","libelle":"AT 0336","code_insee":"49353","commune":"Trélazé","contenance":506},"geometry":{"type":"MultiPolygon","coordinates":[[[[439246.2,6711053.7],[439246.2,6711049.9],[439246.2,6711048.7],[439246.21,6711039.71],[439246.21,6711039.5],[439246.21,6711025.69],[439228.71,6711025.66],[439228.72,6711051.9],[439231.71,6711054.91],[439246.2,6711054.9],[439246.2,6711053.7]]]]}},{"type":"Feature","properties":{"idu":"49353000AT0337","section":"AT","numero":"0337","libelle":"AT 0337","code_insee":"49353","commune":"Trélazé","contenance":452},"geometry":{"type":"MultiPolygon","coordinates":[[[[439194.97,6711054.93],[439218.72,6711054.91],[439221.73,6711051.9],[439221.72,6711037.88],[439194.85,6711037.87],[439194.84,6711043.74],[439194.97,6711054.93]]]]}},{"type":"Feature","properties":{"idu":"49353000AT0338","section":"AT","numero":"0338","libelle":"AT 0338","code_insee":"49353","commune":"Trélazé","contenance":485},"geometry":{"type":"MultiPolygon","coordinates":[[[[439194.8,6711019.82],[439194.84,6711027.96],[439194.85,6711037.87],[439221.72,6711037.88],[439221.71,6711019.85],[439219.71,6711019.84],[439194.8,6711019.82]]]]}},{"type":"Feature","properties":{"idu":"49353000AT0339","section":"AT","numero":"0339","libelle":"AT 0339","code_insee":"49353","commune":"Trélazé","contenance":450},"geometry":{"type":"MultiPolygon","coordinates":[[[[439194.8,6711019.82],[439219.71,6711019.84],[439219.71,6711001.81],[439214.59,6711001.79],[439205.65,6711001.77],[439194.73,6711001.75],[439194.8,6711019.82]]]]}},{"type":"Feature","properties":{"idu":"49353000AT0340","section":"AT","numero":"0340","libelle":"AT 0340","code_insee":"49353","commune":"Trélazé","contenance":456},"geometry":{"type":"MultiPolygon","coordinates":[[[[439194.64,6710983.56],[439194.7,6710997.39],[439194.73,6711001.75],[439205.65,6711001.77],[439214.59,6711001.79],[439219.71,6711001.81],[439219.71,6710983.47],[439214.72,6710983.45],[439208.75,6710983.47],[439200.81,6710983.56],[439194.64,6710983.56]]]]}},{"type":"Feature","properties":{"idu":"49353000AT0342","section":"AT","numero":"0342","libelle":"AT 0342","code_insee":"49353","commune":"Trélazé","contenance":452},"geometry":{"type":"MultiPolygon","coordinates":[[[[439278.79,6710987.72],[439278.8,6710980.99],[439278.8,6710970.76],[439278.82,6710958.62],[439271.26,6710957.85],[439266.58,6710957.41],[439262.81,6710957.07],[439262.79,6710985.7],[439272.79,6710985.71],[439272.79,6710987.71],[439278.79,6710987.72]]]]}},{"type":"Feature","properties":{"idu":"49353000AT0343","section":"AT","numero":"0343","libelle":"AT 0343","code_insee":"49353","commune":"Trélazé","contenance":427},"geometry":{"type":"MultiPolygon","coordinates":[[[[439278.79,6710987.72],[439284.79,6710987.73],[439284.79,6710985.73],[439294.8,6710985.75],[439294.82,6710960.26],[439278.82,6710958.62],[439278.8,6710970.76],[439278.8,6710980.99],[439278.79,6710987.72]]]]}},{"type":"Feature","properties":{"idu":"49353000AT0345","section":"AT","numero":"0345","libelle":"AT 0345","code_insee":"49353","commune":"Trélazé","contenance":457},"geometry":{"type":"MultiPolygon","coordinates":[[[[439246.73,6710995.66],[439240.72,6710995.65],[439240.71,6710997.65],[439231.71,6710997.64],[439228.71,6711000.62],[439228.71,6711022.66],[439246.71,6711022.69],[439246.71,6711011.65],[439246.72,6711001.66],[439246.73,6710995.66]]]]}},{"type":"Feature","properties":{"idu":"49353000AT0346","section":"AT","numero":"0346","libelle":"AT 0346","code_insee":"49353","commune":"Trélazé","contenance":449},"geometry":{"type":"MultiPolygon","coordinates":[[[[439264.22,6711022.72],[439264.22,6710997.7],[439252.72,6710997.67],[439252.73,6710995.66],[439246.73,6710995.66],[439246.72,6711001.66],[439246.71,6711011.65],[439246.71,6711022.69],[439264.22,6711022.72]]]]}},{"type":"Feature","properties":{"idu":"49353000AT0347","section":"AT","numero":"0347","libelle":"AT 0347","code_insee":"49353","commune":"Trélazé","contenance":462},"geometry":{"type":"MultiPolygon","coordinates":[[[[439282.21,6711022.73],[439282.22,6711011.24],[439282.23,6711000.72],[439282.23,6710995.72],[439276.24,6710995.71],[439276.23,6710997.72],[439264.22,6710997.7],[439264.22,6711022.72],[439282.21,6711022.73]]]]}},{"type":"Feature","properties":{"idu":"49353000AT0348","section":"AT","numero":"0348","libelle":"AT 0348","code_insee":"49353","commune":"Trélazé","contenance":450},"geometry":{"type":"MultiPolygon","coordinates":[[[[439299.73,6710997.76],[439288.23,6710997.75],[439288.24,6710995.74],[439282.23,6710995.72],[439282.23,6711000.72],[439282.22,6711011.24],[439282.21,6711022.73],[439299.71,6711022.76],[439299.73,6710997.76]]]]}},{"type":"Feature","properties":{"idu":"49353000AT0349","section":"AT","numero":"0349","libelle":"AT 0349","code_insee":"49353","commune":"Trélazé","contenance":99},"geometry":{"type":"MultiPolygon","coordinates":[[[[439299.73,6710997.76],[439299.71,6711022.76],[439303.22,6711022.76],[439304.36,6710997.77],[439299.73,6710997.76]]]]}},{"type":"Feature","properties":{"idu":"49353000AT0352","section":"AT","numero":"0352","libelle":"AT 0352","code_insee":"49353","commune":"Trélazé","contenance":429},"geometry":{"type":"MultiPolygon","coordinates":[[[[439263.69,6711064.13],[439248.35,6711064.12],[439247.87,6711090.96],[439263.66,6711090.91],[439263.69,6711078.8],[439263.69,6711078.61],[439263.69,6711069.31],[439263.69,6711064.13]]]]}},{"type":"Feature","properties":{"idu":"49353000AT0353","section":"AT","numero":"0353","libelle":"AT 0353","code_insee":"49353","commune":"Trélazé","contenance":403},"geometry":{"type":"MultiPolygon","coordinates":[[[[439266.01,6711090.9],[439278.66,6711090.85],[439278.68,6711064.13],[439263.69,6711064.13],[439263.69,6711069.31],[439263.69,6711078.61],[439263.69,6711078.8],[439263.66,6711090.91],[439266.01,6711090.9]]]]}},{"type":"Feature","properties":{"idu":"49353000AT0354","section":"AT","numero":"0354","libelle":"AT 0354","code_insee":"49353","commune":"Trélazé","contenance":405},"geometry":{"type":"MultiPolygon","coordinates":[[[[439278.66,6711090.85],[439293.66,6711090.78],[439293.68,6711078.14],[439293.68,6711077.21],[439293.68,6711070.14],[439293.68,6711069.17],[439293.68,6711064.15],[439278.68,6711064.13],[439278.66,6711090.85]]]]}},{"type":"Feature","properties":{"idu":"49353000AT0356","section":"AT","numero":"0356","libelle":"AT 0356","code_insee":"49353","commune":"Trélazé","contenance":23},"geometry":{"type":"MultiPolygon","coordinates":[[[[439301.7,6711051.76],[439301.69,6711054.96],[439302.08,6711054.95],[439303.04,6711026.74],[439301.7,6711026.69],[439301.7,6711051.76]]]]}},{"type":"Feature","properties":{"idu":"49353000AT0357","section":"AT","numero":"0357","libelle":"AT 0357","code_insee":"49353","commune":"Trélazé","contenance":478},"geometry":{"type":"MultiPolygon","coordinates":[[[[439283.22,6711026.07],[439283.19,6711053.73],[439289.2,6711053.73],[439289.2,6711051.73],[439301.7,6711051.76],[439301.7,6711026.69],[439294.53,6711026.45],[439283.22,6711026.07]]]]}},{"type":"Feature","properties":{"idu":"49353000AT0358","section":"AT","numero":"0358","libelle":"AT 0358","code_insee":"49353","commune":"Trélazé","contenance":487},"geometry":{"type":"MultiPolygon","coordinates":[[[[439264.71,6711025.72],[439264.71,6711051.71],[439277.2,6711051.73],[439277.2,6711053.73],[439283.19,6711053.73],[439283.22,6711026.07],[439274.03,6711025.72],[439264.71,6711025.72]]]]}},{"type":"Feature","properties":{"idu":"49353000AT0362","section":"AT","numero":"0362","libelle":"AT 0362","code_insee":"49353","commune":"Trélazé","contenance":64},"geometry":{"type":"MultiPolygon","coordinates":[[[[439262.81,6710957.07],[439266.58,6710957.41],[439271.26,6710957.85],[439278.82,6710958.62],[439278.83,6710954.9],[439262.81,6710953.49],[439262.81,6710957.07]]]]}},{"type":"Feature","properties":{"idu":"49353000AT0363","section":"AT","numero":"0363","libelle":"AT 0363","code_insee":"49353","commune":"Trélazé","contenance":67},"geometry":{"type":"MultiPolygon","coordinates":[[[[439278.82,6710958.62],[439294.82,6710960.26],[439294.82,6710956.33],[439278.83,6710954.9],[439278.82,6710958.62]]]]}},{"type":"Feature","properties":{"idu":"49353000AT0369","section":"AT","numero":"0369","libelle":"AT 0369","code_insee":"49353","commune":"Trélazé","contenance":419},"geometry":{"type":"MultiPolygon","coordinates":[[[[439326.66,6711088.89],[439326.67,6711079.56],[439326.68,6711069.96],[439326.68,6711064.97],[439309.68,6711064.95],[439309.66,6711090.15],[439322.26,6711089.25],[439326.66,6711088.89]]]]}},{"type":"Feature","properties":{"idu":"49353000AT0376","section":"AT","numero":"0376","libelle":"AT 0376","code_insee":"49353","commune":"Trélazé","contenance":443},"geometry":{"type":"MultiPolygon","coordinates":[[[[439317.69,6711054.97],[439317.69,6711046.98],[439317.69,6711036.98],[439317.71,6711025.78],[439303.09,6711025.76],[439303.04,6711026.74],[439302.08,6711054.95],[439317.69,6711054.97]]]]}},{"type":"Feature","properties":{"idu":"49353000AT0378","section":"AT","numero":"0378","libelle":"AT 0378","code_insee":"49353","commune":"Trélazé","contenance":415},"geometry":{"type":"MultiPolygon","coordinates":[[[[439329.83,6710964.34],[439328.46,6710964.18],[439322.29,6710963.52],[439318.22,6710962.99],[439311.82,6710962.17],[439311.82,6710972.24],[439311.81,6710973.2],[439311.8,6710981.34],[439311.81,6710982.9],[439311.8,6710987.78],[439317.8,6710987.78],[439317.8,6710985.78],[439329.8,6710985.81],[439329.81,6710983.42],[439329.83,6710964.34]]]]}},{"type":"Feature","properties":{"idu":"49353000AT0379","section":"AT","numero":"0379","libelle":"AT 0379","code_insee":"49353","commune":"Trélazé","contenance":338},"geometry":{"type":"MultiPolygon","coordinates":[[[[439303.22,6711022.76],[439316.71,6711022.79],[439316.71,6711010.38],[439316.72,6711001.68],[439316.73,6710995.79],[439310.74,6710995.78],[439310.74,6710997.78],[439304.36,6710997.77],[439303.22,6711022.76]]]]}},{"type":"Feature","properties":{"idu":"49353000AT0397","section":"AT","numero":"0397","libelle":"AT 0397","code_insee":"49353","commune":"Trélazé","contenance":169},"geometry":{"type":"MultiPolygon","coordinates":[[[[439320.28,6711117.37],[439301.03,6711122.01],[439301.03,6711127.05],[439303.17,6711127.38],[439306.35,6711127.77],[439308.92,6711128.12],[439310.79,6711128.33],[439313.24,6711128.56],[439315.82,6711128.85],[439317.69,6711129.06],[439319.45,6711129.26],[439320.28,6711117.37]]]]}},{"type":"Feature","properties":{"idu":"49353000AT0503","section":"AT","numero":"0503","libelle":"AT 0503","code_insee":"49353","commune":"Trélazé","contenance":404},"geometry":{"type":"MultiPolygon","coordinates":[[[[439260.73,6710931.86],[439254.75,6710931.33],[439244.84,6710930.47],[439231.85,6710929.34],[439230.99,6710939.3],[439234.59,6710944.03],[439256.49,6710945.93],[439259.73,6710943.21],[439260.73,6710931.86]]]]}},{"type":"Feature","properties":{"idu":"49353000AT0504","section":"AT","numero":"0504","libelle":"AT 0504","code_insee":"49353","commune":"Trélazé","contenance":420},"geometry":{"type":"MultiPolygon","coordinates":[[[[439260.73,6710931.86],[439261.98,6710917.42],[439260.94,6710917.33],[439255.76,6710916.88],[439251.07,6710916.46],[439247.25,6710916.14],[439233.11,6710914.91],[439231.85,6710929.34],[439244.84,6710930.47],[439254.75,6710931.33],[439260.73,6710931.86]]]]}},{"type":"Feature","properties":{"idu":"49353000AT0505","section":"AT","numero":"0505","libelle":"AT 0505","code_insee":"49353","commune":"Trélazé","contenance":525},"geometry":{"type":"MultiPolygon","coordinates":[[[[439269.24,6710903.95],[439237.47,6710901.42],[439235.98,6710901.3],[439234.11,6710901.17],[439233.11,6710914.91],[439247.25,6710916.14],[439251.07,6710916.46],[439255.76,6710916.88],[439260.94,6710917.33],[439261.98,6710917.42],[439267.95,6710917.94],[439269.24,6710903.95]]]]}},{"type":"Feature","properties":{"idu":"49353000AT0506","section":"AT","numero":"0506","libelle":"AT 0506","code_insee":"49353","commune":"Trélazé","contenance":445},"geometry":{"type":"MultiPolygon","coordinates":[[[[439286.32,6710914.43],[439271.39,6710913.12],[439270.94,6710918.19],[439269.04,6710940.0],[439271.77,6710943.25],[439283.71,6710944.29],[439284.14,6710939.32],[439284.97,6710929.78],[439286.32,6710914.43]]]]}},{"type":"Feature","properties":{"idu":"49353000AT0507","section":"AT","numero":"0507","libelle":"AT 0507","code_insee":"49353","commune":"Trélazé","contenance":435},"geometry":{"type":"MultiPolygon","coordinates":[[[[439286.32,6710914.43],[439284.97,6710929.78],[439284.14,6710939.32],[439283.71,6710944.29],[439298.15,6710945.55],[439300.75,6710915.69],[439286.32,6710914.43]]]]}},{"type":"Feature","properties":{"idu":"49353000AT0508","section":"AT","numero":"0508","libelle":"AT 0508","code_insee":"49353","commune":"Trélazé","contenance":435},"geometry":{"type":"MultiPolygon","coordinates":[[[[439312.59,6710946.81],[439313.01,6710941.84],[439313.84,6710932.3],[439315.19,6710916.94],[439300.75,6710915.69],[439298.15,6710945.55],[439312.59,6710946.81]]]]}},{"type":"Feature","properties":{"idu":"49353000AT0549","section":"AT","numero":"0549","libelle":"AT 0549","code_insee":"49353","commune":"Trélazé","contenance":93},"geometry":{"type":"MultiPolygon","coordinates":[[[[439259.69,6711166.41],[439256.09,6711144.72],[439253.58,6711145.39],[439251.8,6711145.93],[439255.33,6711167.13],[439259.69,6711166.41]]]]}},{"type":"Feature","properties":{"idu":"49353000AT0550","section":"AT","numero":"0550","libelle":"AT 0550","code_insee":"49353","commune":"Trélazé","contenance":504},"geometry":{"type":"MultiPolygon","coordinates":[[[[439260.29,6711161.62],[439259.69,6711166.41],[439260.6,6711171.8],[439261.62,6711177.87],[439263.53,6711189.29],[439280.73,6711186.55],[439280.95,6711186.52],[439280.82,6711185.82],[439279.47,6711178.05],[439278.64,6711173.32],[439277.49,6711166.49],[439276.03,6711157.85],[439272.31,6711158.73],[439264.31,6711160.62],[439260.29,6711161.62]]]]}},{"type":"Feature","properties":{"idu":"49353000AT0551","section":"AT","numero":"0551","libelle":"AT 0551","code_insee":"49353","commune":"Trélazé","contenance":30},"geometry":{"type":"MultiPolygon","coordinates":[[[[439260.29,6711161.62],[439259.65,6711157.47],[439259.0,6711153.33],[439258.46,6711149.67],[439257.67,6711144.31],[439256.09,6711144.72],[439259.69,6711166.41],[439260.29,6711161.62]]]]}},{"type":"Feature","properties":{"idu":"49353000AT0552","section":"AT","numero":"0552","libelle":"AT 0552","code_insee":"49353","commune":"Trélazé","contenance":606},"geometry":{"type":"MultiPolygon","coordinates":[[[[439262.79,6710985.7],[439262.81,6710957.07],[439262.81,6710953.49],[439244.81,6710951.89],[439244.81,6710955.49],[439244.79,6710963.62],[439244.79,6710966.55],[439244.78,6710970.01],[439244.79,6710974.02],[439244.79,6710978.3],[439244.78,6710987.65],[439250.78,6710987.66],[439250.78,6710985.66],[439262.79,6710985.7]]]]}},{"type":"Feature","properties":{"idu":"49353000AT0553","section":"AT","numero":"0553","libelle":"AT 0553","code_insee":"49353","commune":"Trélazé","contenance":428},"geometry":{"type":"MultiPolygon","coordinates":[[[[439293.68,6711064.15],[439293.68,6711069.17],[439293.68,6711070.14],[439293.68,6711077.21],[439293.68,6711078.14],[439293.66,6711090.78],[439301.46,6711090.74],[439309.66,6711090.15],[439309.68,6711064.95],[439309.68,6711064.15],[439301.83,6711064.15],[439293.68,6711064.15]]]]}},{"type":"Feature","properties":{"idu":"49353000AT0560","section":"AT","numero":"0560","libelle":"AT 0560","code_insee":"49353","commune":"Trélazé","contenance":500},"geometry":{"type":"MultiPolygon","coordinates":[[[[439311.8,6710987.78],[439311.81,6710982.9],[439311.8,6710981.34],[439311.81,6710973.2],[439311.82,6710972.24],[439311.82,6710962.17],[439311.82,6710957.84],[439294.82,6710956.33],[439294.82,6710960.26],[439294.8,6710985.75],[439304.9,6710985.77],[439305.8,6710985.77],[439305.8,6710987.77],[439311.8,6710987.78]]]]}},{"type":"Feature","properties":{"idu":"49353000AT0561","section":"AT","numero":"0561","libelle":"AT 0561","code_insee":"49353","commune":"Trélazé","contenance":493},"geometry":{"type":"MultiPolygon","coordinates":[[[[439246.2,6711053.7],[439248.52,6711053.7],[439252.2,6711053.7],[439252.21,6711051.7],[439264.71,6711051.71],[439264.71,6711025.72],[439248.9,6711025.69],[439246.21,6711025.69],[439246.21,6711039.5],[439246.21,6711039.71],[439246.2,6711048.7],[439246.2,6711049.9],[439246.2,6711053.7]]]]}},{"type":"Feature","properties":{"idu":"49353000AT0563","section":"AT","numero":"0563","libelle":"AT 0563","code_insee":"49353","commune":"Trélazé","contenance":430},"geometry":{"type":"MultiPolygon","coordinates":[[[[439243.8,6711186.44],[439244.65,6711191.87],[439258.7,6711190.03],[439263.53,6711189.29],[439261.62,6711177.87],[439260.6,6711171.8],[439259.69,6711166.41],[439255.33,6711167.13],[439241.84,6711169.84],[439241.88,6711170.05],[439244.01,6711182.82],[439244.59,6711186.28],[439243.8,6711186.44]]]]}},{"type":"Feature","properties":{"idu":"49353000AT0564","section":"AT","numero":"0564","libelle":"AT 0564","code_insee":"49353","commune":"Trélazé","contenance":291},"geometry":{"type":"MultiPolygon","coordinates":[[[[439238.69,6711149.95],[439239.45,6711154.77],[439240.98,6711164.38],[439241.84,6711169.84],[439255.33,6711167.13],[439251.8,6711145.93],[439247.61,6711147.2],[439238.69,6711149.95]]]]}},{"type":"Feature","properties":{"idu":"49353000AT0569","section":"AT","numero":"0569","libelle":"AT 0569","code_insee":"49353","commune":"Trélazé","contenance":132},"geometry":{"type":"MultiPolygon","coordinates":[[[[439315.95,6710908.19],[439301.5,6710906.86],[439300.75,6710915.69],[439315.19,6710916.94],[439315.95,6710908.19]]]]}},{"type":"Feature","properties":{"idu":"49353000AT0570","section":"AT","numero":"0570","libelle":"AT 0570","code_insee":"49353","commune":"Trélazé","contenance":130},"geometry":{"type":"MultiPolygon","coordinates":[[[[439301.5,6710906.86],[439296.68,6710906.42],[439287.08,6710905.57],[439286.32,6710914.43],[439300.75,6710915.69],[439301.5,6710906.86]]]]}},{"type":"Feature","properties":{"idu":"49353000AT0571","section":"AT","numero":"0571","libelle":"AT 0571","code_insee":"49353","commune":"Trélazé","contenance":134},"geometry":{"type":"MultiPolygon","coordinates":[[[[439279.81,6710904.93],[439272.15,6710904.19],[439271.39,6710913.12],[439286.32,6710914.43],[439287.08,6710905.57],[439279.81,6710904.93]]]]}},{"type":"Feature","properties":{"idu":"49353000AT0572","section":"AT","numero":"0572","libelle":"AT 0572","code_insee":"49353","commune":"Trélazé","contenance":43},"geometry":{"type":"MultiPolygon","coordinates":[[[[439269.24,6710903.95],[439267.95,6710917.94],[439270.94,6710918.19],[439271.39,6710913.12],[439272.15,6710904.19],[439271.55,6710904.14],[439269.24,6710903.95]]]]}},{"type":"Feature","properties":{"idu":"49353000AT0574","section":"AT","numero":"0574","libelle":"AT 0574","code_insee":"49353","commune":"Trélazé","contenance":605},"geometry":{"type":"MultiPolygon","coordinates":[[[[439305.57,6711183.78],[439344.88,6711176.68],[439343.83,6711171.19],[439343.52,6711169.71],[439342.01,6711162.29],[439325.33,6711165.19],[439323.99,6711165.42],[439318.98,6711166.3],[439309.51,6711167.9],[439302.86,6711169.03],[439303.92,6711174.52],[439304.63,6711178.89],[439305.13,6711182.26],[439305.39,6711182.69],[439305.57,6711183.78]]]]}},{"type":"Feature","properties":{"idu":"49353000AT0579","section":"AT","numero":"0579","libelle":"AT 0579","code_insee":"49353","commune":"Trélazé","contenance":390},"geometry":{"type":"MultiPolygon","coordinates":[[[[439224.38,6711236.56],[439227.01,6711250.26],[439229.86,6711264.81],[439230.39,6711267.71],[439231.6,6711274.26],[439236.41,6711273.53],[439241.62,6711272.78],[439240.45,6711266.21],[439239.59,6711261.32],[439237.62,6711250.42],[439237.44,6711249.4],[439237.15,6711247.8],[439236.9,6711246.36],[439236.16,6711242.27],[439235.24,6711237.05],[439234.42,6711236.72],[439233.53,6711236.53],[439232.86,6711236.37],[439232.13,6711236.23],[439231.57,6711236.14],[439231.02,6711236.04],[439229.71,6711236.07],[439229.28,6711236.01],[439228.87,6711236.05],[439228.44,6711236.05],[439228.03,6711236.1],[439226.87,6711236.25],[439224.38,6711236.56]]]]}},{"type":"Feature","properties":{"idu":"49353000AT0580","section":"AT","numero":"0580","libelle":"AT 0580","code_insee":"49353","commune":"Trélazé","contenance":548},"geometry":{"type":"MultiPolygon","coordinates":[[[[439227.64,6711194.41],[439222.02,6711195.25],[439212.12,6711196.76],[439212.98,6711202.06],[439214.0,6711208.37],[439215.4,6711217.14],[439215.65,6711218.71],[439215.83,6711219.83],[439216.81,6711225.97],[439217.82,6711232.09],[439221.03,6711231.65],[439224.67,6711231.17],[439224.52,6711230.53],[439226.03,6711230.19],[439227.2,6711229.93],[439228.22,6711229.59],[439230.71,6711228.79],[439232.69,6711228.11],[439231.92,6711223.1],[439230.61,6711214.59],[439230.55,6711214.16],[439229.24,6711204.72],[439228.46,6711199.68],[439227.64,6711194.41]]]]}},{"type":"Feature","properties":{"idu":"49353000AT0596","section":"AT","numero":"0596","libelle":"AT 0596","code_insee":"49353","commune":"Trélazé","contenance":442},"geometry":{"type":"MultiPolygon","coordinates":[[[[439218.32,6711146.48],[439215.86,6711138.57],[439211.79,6711125.46],[439211.25,6711123.73],[439211.19,6711117.64],[439199.24,6711117.78],[439199.32,6711134.58],[439199.46,6711134.58],[439201.59,6711143.72],[439201.46,6711143.74],[439201.54,6711151.06],[439204.27,6711150.48],[439206.51,6711149.95],[439208.4,6711149.48],[439209.95,6711149.05],[439211.53,6711148.65],[439214.35,6711147.77],[439218.32,6711146.48]]]]}},{"type":"Feature","properties":{"idu":"49353000AT0597","section":"AT","numero":"0597","libelle":"AT 0597","code_insee":"49353","commune":"Trélazé","contenance":176},"geometry":{"type":"MultiPolygon","coordinates":[[[[439194.93,6711091.43],[439194.93,6711091.56],[439195.03,6711112.25],[439195.04,6711113.49],[439202.98,6711113.47],[439202.98,6711091.27],[439202.51,6711091.28],[439200.07,6711091.33],[439194.93,6711091.43]]]]}},{"type":"Feature","properties":{"idu":"49353000AT0598","section":"AT","numero":"0598","libelle":"AT 0598","code_insee":"49353","commune":"Trélazé","contenance":176},"geometry":{"type":"MultiPolygon","coordinates":[[[[439210.93,6711091.19],[439206.01,6711091.25],[439202.98,6711091.27],[439202.98,6711113.47],[439211.16,6711113.45],[439210.93,6711091.19]]]]}},{"type":"Feature","properties":{"idu":"49353000AT0599","section":"AT","numero":"0599","libelle":"AT 0599","code_insee":"49353","commune":"Trélazé","contenance":232},"geometry":{"type":"MultiPolygon","coordinates":[[[[439195.11,6711129.43],[439195.23,6711149.62],[439195.22,6711152.32],[439198.23,6711151.8],[439201.19,6711151.13],[439201.54,6711151.06],[439201.46,6711143.74],[439201.59,6711143.72],[439199.46,6711134.58],[439199.32,6711134.58],[439199.24,6711117.78],[439211.19,6711117.64],[439211.19,6711116.82],[439211.16,6711113.45],[439202.98,6711113.47],[439195.04,6711113.49],[439195.11,6711129.43]]]]}},{"type":"Feature","properties":{"idu":"49353000AT0604","section":"AT","numero":"0604","libelle":"AT 0604","code_insee":"49353","commune":"Trélazé","contenance":782},"geometry":{"type":"MultiPolygon","coordinates":[[[[439248.78,6710724.48],[439247.97,6710731.78],[439244.38,6710763.75],[439251.46,6710764.53],[439260.24,6710765.44],[439264.79,6710765.9],[439263.67,6710760.16],[439265.42,6710746.91],[439268.13,6710726.4],[439248.78,6710724.48]]]]}},{"type":"Feature","properties":{"idu":"49353000AT0605","section":"AT","numero":"0605","libelle":"AT 0605","code_insee":"49353","commune":"Trélazé","contenance":12},"geometry":{"type":"MultiPolygon","coordinates":[[[[439264.79,6710765.9],[439265.72,6710765.99],[439264.64,6710761.06],[439266.28,6710746.97],[439265.42,6710746.91],[439263.67,6710760.16],[439264.79,6710765.9]]]]}},{"type":"Feature","properties":{"idu":"49353000AT0606","section":"AT","numero":"0606","libelle":"AT 0606","code_insee":"49353","commune":"Trélazé","contenance":11},"geometry":{"type":"MultiPolygon","coordinates":[[[[439268.66,6710726.45],[439268.13,6710726.4],[439265.42,6710746.91],[439266.28,6710746.97],[439266.62,6710744.06],[439267.82,6710733.87],[439268.29,6710729.79],[439268.66,6710726.45]]]]}},{"type":"Feature","properties":{"idu":"49353000AT0607","section":"AT","numero":"0607","libelle":"AT 0607","code_insee":"49353","commune":"Trélazé","contenance":395},"geometry":{"type":"MultiPolygon","coordinates":[[[[439269.44,6710716.48],[439230.1,6710712.53],[439228.88,6710722.5],[439248.78,6710724.48],[439268.13,6710726.4],[439269.44,6710716.48]]]]}},{"type":"Feature","properties":{"idu":"49353000AT0608","section":"AT","numero":"0608","libelle":"AT 0608","code_insee":"49353","commune":"Trélazé","contenance":4},"geometry":{"type":"MultiPolygon","coordinates":[[[[439269.85,6710716.52],[439269.44,6710716.48],[439268.13,6710726.4],[439268.66,6710726.45],[439269.85,6710716.52]]]]}},{"type":"Feature","properties":{"idu":"49353000AT0609","section":"AT","numero":"0609","libelle":"AT 0609","code_insee":"49353","commune":"Trélazé","contenance":21},"geometry":{"type":"MultiPolygon","coordinates":[[[[439299.73,6710997.76],[439304.36,6710997.77],[439310.74,6710997.78],[439310.74,6710995.78],[439299.73,6710995.91],[439299.73,6710997.76]]]]}},{"type":"Feature","properties":{"idu":"49353000AT0610","section":"AT","numero":"0610","libelle":"AT 0610","code_insee":"49353","commune":"Trélazé","contenance":389},"geometry":{"type":"MultiPolygon","coordinates":[[[[439290.05,6710731.21],[439283.84,6710730.8],[439273.8,6710730.15],[439268.29,6710729.79],[439267.82,6710733.87],[439266.62,6710744.06],[439266.28,6710746.97],[439289.36,6710748.52],[439289.52,6710745.01],[439289.74,6710739.67],[439290.05,6710733.3],[439290.05,6710731.21]]]]}},{"type":"Feature","properties":{"idu":"49353000AT0611","section":"AT","numero":"0611","libelle":"AT 0611","code_insee":"49353","commune":"Trélazé","contenance":463},"geometry":{"type":"MultiPolygon","coordinates":[[[[439289.36,6710748.52],[439266.28,6710746.97],[439264.64,6710761.06],[439265.72,6710765.99],[439268.34,6710766.28],[439273.84,6710766.68],[439277.29,6710766.84],[439288.62,6710767.24],[439289.22,6710751.67],[439289.36,6710748.52]]]]}},{"type":"Feature","properties":{"idu":"49353000AT0616","section":"AT","numero":"0616","libelle":"AT 0616","code_insee":"49353","commune":"Trélazé","contenance":255},"geometry":{"type":"MultiPolygon","coordinates":[[[[439298.86,6710638.1],[439296.08,6710662.7],[439306.56,6710663.71],[439309.61,6710638.89],[439298.86,6710638.1]]]]}},{"type":"Feature","properties":{"idu":"49353000AT0617","section":"AT","numero":"0617","libelle":"AT 0617","code_insee":"49353","commune":"Trélazé","contenance":86},"geometry":{"type":"MultiPolygon","coordinates":[[[[439295.19,6710670.58],[439305.52,6710672.15],[439306.56,6710663.71],[439296.08,6710662.7],[439295.19,6710670.58]]]]}},{"type":"Feature","properties":{"idu":"49353000AT0618","section":"AT","numero":"0618","libelle":"AT 0618","code_insee":"49353","commune":"Trélazé","contenance":280},"geometry":{"type":"MultiPolygon","coordinates":[[[[439298.86,6710638.1],[439286.68,6710636.99],[439286.4,6710640.23],[439286.08,6710644.28],[439285.84,6710647.86],[439285.62,6710651.8],[439285.5,6710654.74],[439285.49,6710656.93],[439285.39,6710659.68],[439285.43,6710661.69],[439296.08,6710662.7],[439298.86,6710638.1]]]]}},{"type":"Feature","properties":{"idu":"49353000AT0619","section":"AT","numero":"0619","libelle":"AT 0619","code_insee":"49353","commune":"Trélazé","contenance":42},"geometry":{"type":"MultiPolygon","coordinates":[[[[439295.19,6710670.58],[439296.08,6710662.7],[439285.43,6710661.69],[439285.44,6710662.33],[439290.56,6710662.7],[439290.69,6710669.86],[439295.19,6710670.58]]]]}},{"type":"Feature","properties":{"idu":"49353000AT0621","section":"AT","numero":"0621","libelle":"AT 0621","code_insee":"49353","commune":"Trélazé","contenance":58},"geometry":{"type":"MultiPolygon","coordinates":[[[[439280.73,6711186.55],[439281.22,6711189.59],[439281.48,6711189.55],[439299.98,6711186.63],[439299.56,6711183.59],[439280.95,6711186.52],[439280.73,6711186.55]]]]}},{"type":"Feature","properties":{"idu":"49353000AT0622","section":"AT","numero":"0622","libelle":"AT 0622","code_insee":"49353","commune":"Trélazé","contenance":68},"geometry":{"type":"MultiPolygon","coordinates":[[[[439263.53,6711189.29],[439258.7,6711190.03],[439259.15,6711193.09],[439276.33,6711190.36],[439279.5,6711189.86],[439281.22,6711189.59],[439280.73,6711186.55],[439263.53,6711189.29]]]]}},{"type":"Feature","properties":{"idu":"49353000AT0623","section":"AT","numero":"0623","libelle":"AT 0623","code_insee":"49353","commune":"Trélazé","contenance":128},"geometry":{"type":"MultiPolygon","coordinates":[[[[439278.64,6711173.32],[439297.25,6711170.05],[439296.17,6711163.43],[439277.49,6711166.49],[439278.64,6711173.32]]]]}},{"type":"Feature","properties":{"idu":"49353000AT0624","section":"AT","numero":"0624","libelle":"AT 0624","code_insee":"49353","commune":"Trélazé","contenance":484},"geometry":{"type":"MultiPolygon","coordinates":[[[[439277.49,6711166.49],[439296.17,6711163.43],[439294.77,6711154.78],[439292.62,6711141.67],[439287.96,6711137.64],[439279.59,6711139.2],[439276.31,6711139.79],[439273.02,6711140.48],[439275.16,6711152.84],[439276.03,6711157.85],[439277.49,6711166.49]]]]}},{"type":"Feature","properties":{"idu":"49353000AV0014","section":"AV","numero":"0014","libelle":"AV 0014","code_insee":"49353","commune":"Trélazé","contenance":327},"geometry":{"type":"MultiPolygon","coordinates":[[[[438909.94,6711081.66],[438916.21,6711082.19],[438931.53,6711083.5],[438932.03,6711078.53],[438932.48,6711073.89],[438933.05,6711069.06],[438923.95,6711067.53],[438916.75,6711066.37],[438911.8,6711065.6],[438911.24,6711070.45],[438910.63,6711075.69],[438909.94,6711081.66]]]]}},{"type":"Feature","properties":{"idu":"49353000AV0015","section":"AV","numero":"0015","libelle":"AV 0015","code_insee":"49353","commune":"Trélazé","contenance":311},"geometry":{"type":"MultiPolygon","coordinates":[[[[438930.06,6711097.69],[438930.48,6711093.62],[438930.87,6711089.71],[438930.98,6711088.66],[438931.53,6711083.5],[438916.21,6711082.19],[438909.94,6711081.66],[438909.87,6711082.32],[438909.73,6711083.49],[438909.14,6711088.41],[438908.3,6711095.48],[438927.72,6711097.49],[438930.06,6711097.69]]]]}},{"type":"Feature","properties":{"idu":"49353000AV0016","section":"AV","numero":"0016","libelle":"AV 0016","code_insee":"49353","commune":"Trélazé","contenance":307},"geometry":{"type":"MultiPolygon","coordinates":[[[[438930.06,6711097.69],[438927.72,6711097.49],[438908.3,6711095.48],[438906.66,6711109.46],[438910.51,6711109.83],[438913.2,6711110.09],[438928.63,6711111.56],[438929.14,6711106.66],[438930.06,6711097.69]]]]}},{"type":"Feature","properties":{"idu":"49353000AV0017","section":"AV","numero":"0017","libelle":"AV 0017","code_insee":"49353","commune":"Trélazé","contenance":308},"geometry":{"type":"MultiPolygon","coordinates":[[[[438927.25,6711125.58],[438927.96,6711118.06],[438928.1,6711116.66],[438928.63,6711111.56],[438913.2,6711110.09],[438910.51,6711109.83],[438906.66,6711109.46],[438906.14,6711113.82],[438905.05,6711123.01],[438911.55,6711123.76],[438927.25,6711125.58]]]]}},{"type":"Feature","properties":{"idu":"49353000AV0018","section":"AV","numero":"0018","libelle":"AV 0018","code_insee":"49353","commune":"Trélazé","contenance":296},"geometry":{"type":"MultiPolygon","coordinates":[[[[438926.41,6711133.81],[438926.91,6711128.97],[438927.25,6711125.58],[438911.55,6711123.76],[438905.05,6711123.01],[438904.97,6711123.8],[438904.8,6711123.78],[438890.61,6711122.43],[438890.39,6711130.45],[438905.68,6711131.95],[438910.5,6711132.38],[438926.41,6711133.81]]]]}},{"type":"Feature","properties":{"idu":"49353000AV0019","section":"AV","numero":"0019","libelle":"AV 0019","code_insee":"49353","commune":"Trélazé","contenance":294},"geometry":{"type":"MultiPolygon","coordinates":[[[[438890.11,6711138.56],[438909.81,6711140.61],[438925.54,6711142.27],[438925.89,6711138.94],[438926.41,6711133.81],[438910.5,6711132.38],[438905.68,6711131.95],[438890.39,6711130.45],[438890.11,6711138.56]]]]}},{"type":"Feature","properties":{"idu":"49353000AV0020","section":"AV","numero":"0020","libelle":"AV 0020","code_insee":"49353","commune":"Trélazé","contenance":312},"geometry":{"type":"MultiPolygon","coordinates":[[[[438890.11,6711138.56],[438890.03,6711140.24],[438889.76,6711147.7],[438904.07,6711149.1],[438909.05,6711149.57],[438924.67,6711151.0],[438925.18,6711145.91],[438925.54,6711142.27],[438909.81,6711140.61],[438890.11,6711138.56]]]]}},{"type":"Feature","properties":{"idu":"49353000AV0021","section":"AV","numero":"0021","libelle":"AV 0021","code_insee":"49353","commune":"Trélazé","contenance":279},"geometry":{"type":"MultiPolygon","coordinates":[[[[438889.49,6711155.44],[438892.59,6711155.8],[438904.39,6711157.15],[438909.55,6711157.79],[438912.84,6711158.19],[438913.9,6711158.32],[438923.81,6711159.27],[438924.14,6711156.04],[438924.67,6711151.0],[438909.05,6711149.57],[438904.07,6711149.1],[438889.76,6711147.7],[438889.62,6711151.86],[438889.49,6711155.44]]]]}},{"type":"Feature","properties":{"idu":"49353000AV0022","section":"AV","numero":"0022","libelle":"AV 0022","code_insee":"49353","commune":"Trélazé","contenance":300},"geometry":{"type":"MultiPolygon","coordinates":[[[[438889.15,6711164.3],[438907.33,6711166.13],[438922.98,6711167.71],[438923.46,6711162.84],[438923.81,6711159.27],[438913.9,6711158.32],[438912.84,6711158.19],[438909.55,6711157.79],[438904.39,6711157.15],[438892.59,6711155.8],[438889.49,6711155.44],[438889.44,6711156.35],[438889.15,6711164.3]]]]}},{"type":"Feature","properties":{"idu":"49353000AV0023","section":"AV","numero":"0023","libelle":"AV 0023","code_insee":"49353","commune":"Trélazé","contenance":288},"geometry":{"type":"MultiPolygon","coordinates":[[[[438888.8,6711172.89],[438897.3,6711173.76],[438901.96,6711174.24],[438906.66,6711174.72],[438913.3,6711175.39],[438922.08,6711176.33],[438922.44,6711172.86],[438922.98,6711167.71],[438907.33,6711166.13],[438889.15,6711164.3],[438888.82,6711171.37],[438888.8,6711172.89]]]]}},{"type":"Feature","properties":{"idu":"49353000AV0024","section":"AV","numero":"0024","libelle":"AV 0024","code_insee":"49353","commune":"Trélazé","contenance":279},"geometry":{"type":"MultiPolygon","coordinates":[[[[438921.22,6711184.66],[438921.72,6711179.75],[438922.08,6711176.33],[438913.3,6711175.39],[438906.66,6711174.72],[438901.96,6711174.24],[438897.3,6711173.76],[438888.8,6711172.89],[438888.44,6711181.42],[438905.46,6711183.08],[438921.22,6711184.66]]]]}},{"type":"Feature","properties":{"idu":"49353000AV0025","section":"AV","numero":"0025","libelle":"AV 0025","code_insee":"49353","commune":"Trélazé","contenance":273},"geometry":{"type":"MultiPolygon","coordinates":[[[[438921.22,6711184.66],[438905.46,6711183.08],[438888.44,6711181.42],[438888.24,6711186.22],[438888.08,6711189.95],[438903.77,6711191.45],[438908.67,6711191.94],[438909.63,6711192.04],[438920.36,6711193.1],[438920.71,6711189.66],[438921.22,6711184.66]]]]}},{"type":"Feature","properties":{"idu":"49353000AV0026","section":"AV","numero":"0026","libelle":"AV 0026","code_insee":"49353","commune":"Trélazé","contenance":274},"geometry":{"type":"MultiPolygon","coordinates":[[[[438919.52,6711201.5],[438920.0,6711196.69],[438920.36,6711193.1],[438909.63,6711192.04],[438908.67,6711191.94],[438903.77,6711191.45],[438888.08,6711189.95],[438887.77,6711198.64],[438888.6,6711198.72],[438891.46,6711198.98],[438903.72,6711200.1],[438919.52,6711201.5]]]]}},{"type":"Feature","properties":{"idu":"49353000AV0027","section":"AV","numero":"0027","libelle":"AV 0027","code_insee":"49353","commune":"Trélazé","contenance":266},"geometry":{"type":"MultiPolygon","coordinates":[[[[438887.65,6711201.13],[438887.44,6711206.77],[438890.21,6711207.08],[438896.3,6711207.74],[438900.17,6711208.16],[438903.04,6711208.43],[438906.17,6711208.72],[438907.17,6711208.82],[438908.64,6711208.96],[438918.65,6711210.03],[438919.0,6711206.6],[438919.52,6711201.5],[438903.72,6711200.1],[438891.46,6711198.98],[438888.6,6711198.72],[438887.77,6711198.64],[438887.65,6711201.13]]]]}},{"type":"Feature","properties":{"idu":"49353000AV0028","section":"AV","numero":"0028","libelle":"AV 0028","code_insee":"49353","commune":"Trélazé","contenance":268},"geometry":{"type":"MultiPolygon","coordinates":[[[[438887.44,6711206.77],[438887.07,6711215.45],[438889.49,6711215.7],[438902.02,6711216.99],[438917.77,6711218.64],[438918.27,6711213.67],[438918.65,6711210.03],[438908.64,6711208.96],[438907.17,6711208.82],[438906.17,6711208.72],[438903.04,6711208.43],[438900.17,6711208.16],[438896.3,6711207.74],[438890.21,6711207.08],[438887.44,6711206.77]]]]}},{"type":"Feature","properties":{"idu":"49353000AV0029","section":"AV","numero":"0029","libelle":"AV 0029","code_insee":"49353","commune":"Trélazé","contenance":268},"geometry":{"type":"MultiPolygon","coordinates":[[[[438885.52,6711223.86],[438902.97,6711225.77],[438907.24,6711226.22],[438916.87,6711227.12],[438917.77,6711218.64],[438902.02,6711216.99],[438889.49,6711215.7],[438887.07,6711215.45],[438886.32,6711219.96],[438885.76,6711222.69],[438885.52,6711223.86]]]]}},{"type":"Feature","properties":{"idu":"49353000AV0030","section":"AV","numero":"0030","libelle":"AV 0030","code_insee":"49353","commune":"Trélazé","contenance":270},"geometry":{"type":"MultiPolygon","coordinates":[[[[438916.87,6711227.12],[438907.24,6711226.22],[438902.97,6711225.77],[438885.52,6711223.86],[438885.05,6711226.26],[438884.85,6711226.89],[438883.94,6711232.27],[438900.38,6711233.93],[438916.03,6711235.49],[438916.52,6711230.64],[438916.87,6711227.12]]]]}},{"type":"Feature","properties":{"idu":"49353000AV0031","section":"AV","numero":"0031","libelle":"AV 0031","code_insee":"49353","commune":"Trélazé","contenance":268},"geometry":{"type":"MultiPolygon","coordinates":[[[[438883.94,6711232.27],[438883.78,6711232.9],[438883.17,6711236.29],[438882.46,6711240.21],[438885.3,6711240.54],[438894.0,6711241.56],[438898.81,6711242.13],[438899.52,6711242.21],[438904.18,6711242.74],[438915.2,6711244.02],[438915.55,6711240.46],[438916.03,6711235.49],[438900.38,6711233.93],[438883.94,6711232.27]]]]}},{"type":"Feature","properties":{"idu":"49353000AV0032","section":"AV","numero":"0032","libelle":"AV 0032","code_insee":"49353","commune":"Trélazé","contenance":283},"geometry":{"type":"MultiPolygon","coordinates":[[[[438914.35,6711252.51],[438914.86,6711247.47],[438915.2,6711244.02],[438904.18,6711242.74],[438899.52,6711242.21],[438898.81,6711242.13],[438894.0,6711241.56],[438885.3,6711240.54],[438882.46,6711240.21],[438881.52,6711245.54],[438880.93,6711248.66],[438898.45,6711250.68],[438899.59,6711250.81],[438914.35,6711252.51]]]]}},{"type":"Feature","properties":{"idu":"49353000AV0033","section":"AV","numero":"0033","libelle":"AV 0033","code_insee":"49353","commune":"Trélazé","contenance":290},"geometry":{"type":"MultiPolygon","coordinates":[[[[438914.35,6711252.51],[438899.59,6711250.81],[438898.45,6711250.68],[438880.93,6711248.66],[438880.09,6711253.77],[438879.56,6711257.15],[438892.01,6711258.58],[438894.49,6711258.86],[438900.26,6711259.51],[438904.16,6711259.96],[438913.46,6711261.02],[438913.83,6711257.49],[438914.35,6711252.51]]]]}},{"type":"Feature","properties":{"idu":"49353000AV0034","section":"AV","numero":"0034","libelle":"AV 0034","code_insee":"49353","commune":"Trélazé","contenance":291},"geometry":{"type":"MultiPolygon","coordinates":[[[[438879.56,6711257.15],[438879.47,6711257.5],[438879.12,6711260.01],[438879.06,6711260.45],[438878.75,6711262.5],[438878.12,6711265.5],[438897.0,6711267.65],[438912.65,6711269.37],[438913.15,6711264.19],[438913.46,6711261.02],[438904.16,6711259.96],[438900.26,6711259.51],[438894.49,6711258.86],[438892.01,6711258.58],[438879.56,6711257.15]]]]}},{"type":"Feature","properties":{"idu":"49353000AV0035","section":"AV","numero":"0035","libelle":"AV 0035","code_insee":"49353","commune":"Trélazé","contenance":296},"geometry":{"type":"MultiPolygon","coordinates":[[[[438877.19,6711269.7],[438876.3,6711273.37],[438876.21,6711273.74],[438882.66,6711274.47],[438888.65,6711275.14],[438901.34,6711276.54],[438911.78,6711277.71],[438912.12,6711274.46],[438912.65,6711269.37],[438897.0,6711267.65],[438878.12,6711265.5],[438877.19,6711269.7]]]]}},{"type":"Feature","properties":{"idu":"49353000AV0036","section":"AV","numero":"0036","libelle":"AV 0036","code_insee":"49353","commune":"Trélazé","contenance":609},"geometry":{"type":"MultiPolygon","coordinates":[[[[438876.21,6711273.74],[438875.38,6711279.09],[438874.6,6711284.13],[438873.51,6711291.44],[438875.58,6711291.62],[438888.44,6711292.8],[438891.65,6711293.03],[438905.52,6711294.03],[438910.67,6711286.09],[438910.98,6711285.61],[438911.45,6711281.02],[438911.78,6711277.71],[438901.34,6711276.54],[438888.65,6711275.14],[438882.66,6711274.47],[438876.21,6711273.74]]]]}},{"type":"Feature","properties":{"idu":"49353000AV0037","section":"AV","numero":"0037","libelle":"AV 0037","code_insee":"49353","commune":"Trélazé","contenance":440},"geometry":{"type":"MultiPolygon","coordinates":[[[[438897.29,6711308.84],[438898.34,6711306.67],[438899.04,6711305.28],[438899.64,6711304.05],[438900.6,6711302.3],[438902.62,6711298.81],[438905.52,6711294.03],[438891.65,6711293.03],[438888.44,6711292.8],[438875.58,6711291.62],[438873.51,6711291.44],[438873.13,6711294.3],[438872.49,6711299.16],[438871.66,6711306.09],[438897.29,6711308.84]]]]}},{"type":"Feature","properties":{"idu":"49353000AV0040","section":"AV","numero":"0040","libelle":"AV 0040","code_insee":"49353","commune":"Trélazé","contenance":407},"geometry":{"type":"MultiPolygon","coordinates":[[[[438927.16,6711226.65],[438926.67,6711231.68],[438925.55,6711243.43],[438923.63,6711262.97],[438925.7,6711263.27],[438927.24,6711261.12],[438929.15,6711258.34],[438930.28,6711256.74],[438931.31,6711255.09],[438932.01,6711254.01],[438932.91,6711252.41],[438933.77,6711250.86],[438935.13,6711248.43],[438936.51,6711246.02],[438938.22,6711242.9],[438939.74,6711240.12],[438940.76,6711238.1],[438941.73,6711236.13],[438942.79,6711233.81],[438944.12,6711231.07],[438944.81,6711229.65],[438945.36,6711228.34],[438942.95,6711228.12],[438927.16,6711226.65]]]]}},{"type":"Feature","properties":{"idu":"49353000AV0041","section":"AV","numero":"0041","libelle":"AV 0041","code_insee":"49353","commune":"Trélazé","contenance":332},"geometry":{"type":"MultiPolygon","coordinates":[[[[438945.36,6711228.34],[438946.18,6711226.32],[438947.61,6711222.87],[438948.74,6711219.94],[438949.36,6711218.47],[438949.65,6711217.74],[438951.05,6711214.33],[438951.6,6711213.01],[438943.97,6711212.22],[438940.83,6711211.89],[438934.18,6711211.2],[438928.74,6711210.65],[438928.01,6711217.97],[438927.16,6711226.65],[438942.95,6711228.12],[438945.36,6711228.34]]]]}},{"type":"Feature","properties":{"idu":"49353000AV0042","section":"AV","numero":"0042","libelle":"AV 0042","code_insee":"49353","commune":"Trélazé","contenance":347},"geometry":{"type":"MultiPolygon","coordinates":[[[[438930.06,6711196.78],[438929.6,6711201.71],[438929.39,6711203.81],[438928.74,6711210.65],[438934.18,6711211.2],[438940.83,6711211.89],[438943.97,6711212.22],[438951.6,6711213.01],[438952.42,6711210.82],[438953.79,6711207.1],[438954.87,6711204.1],[438955.88,6711201.18],[438956.58,6711199.45],[438945.73,6711198.34],[438943.52,6711198.12],[438930.06,6711196.78]]]]}},{"type":"Feature","properties":{"idu":"49353000AV0043","section":"AV","numero":"0043","libelle":"AV 0043","code_insee":"49353","commune":"Trélazé","contenance":346},"geometry":{"type":"MultiPolygon","coordinates":[[[[438956.58,6711199.45],[438957.48,6711196.84],[438958.43,6711194.04],[438959.24,6711191.46],[438959.74,6711189.51],[438960.26,6711187.57],[438953.83,6711186.92],[438948.56,6711186.41],[438947.57,6711186.3],[438931.31,6711184.55],[438930.56,6711191.83],[438930.06,6711196.78],[438943.52,6711198.12],[438945.73,6711198.34],[438956.58,6711199.45]]]]}},{"type":"Feature","properties":{"idu":"49353000AV0044","section":"AV","numero":"0044","libelle":"AV 0044","code_insee":"49353","commune":"Trélazé","contenance":320},"geometry":{"type":"MultiPolygon","coordinates":[[[[438932.4,6711173.79],[438931.89,6711178.83],[438931.31,6711184.55],[438947.57,6711186.3],[438948.56,6711186.41],[438953.83,6711186.92],[438960.26,6711187.57],[438961.11,6711184.09],[438962.2,6711179.51],[438962.85,6711176.9],[438949.53,6711175.52],[438948.19,6711175.39],[438932.4,6711173.79]]]]}},{"type":"Feature","properties":{"idu":"49353000AV0045","section":"AV","numero":"0045","libelle":"AV 0045","code_insee":"49353","commune":"Trélazé","contenance":344},"geometry":{"type":"MultiPolygon","coordinates":[[[[438933.48,6711162.83],[438933.37,6711163.95],[438933.04,6711167.27],[438932.88,6711168.89],[438932.4,6711173.79],[438948.19,6711175.39],[438949.53,6711175.52],[438962.85,6711176.9],[438963.19,6711175.68],[438963.8,6711173.14],[438964.29,6711171.12],[438964.87,6711168.65],[438965.41,6711166.21],[438964.98,6711166.17],[438958.51,6711165.51],[438951.98,6711164.83],[438946.88,6711164.29],[438933.48,6711162.83]]]]}},{"type":"Feature","properties":{"idu":"49353000AV0047","section":"AV","numero":"0047","libelle":"AV 0047","code_insee":"49353","commune":"Trélazé","contenance":345},"geometry":{"type":"MultiPolygon","coordinates":[[[[438934.48,6711152.33],[438933.99,6711157.56],[438933.48,6711162.83],[438946.88,6711164.29],[438951.98,6711164.83],[438958.51,6711165.51],[438964.98,6711166.17],[438965.41,6711166.21],[438965.89,6711164.25],[438966.5,6711161.69],[438967.12,6711158.77],[438967.5,6711156.96],[438967.74,6711155.84],[438959.33,6711154.95],[438953.1,6711154.31],[438951.19,6711154.1],[438934.48,6711152.33]]]]}},{"type":"Feature","properties":{"idu":"49353000AV0048","section":"AV","numero":"0048","libelle":"AV 0048","code_insee":"49353","commune":"Trélazé","contenance":321},"geometry":{"type":"MultiPolygon","coordinates":[[[[438935.46,6711142.7],[438935.01,6711147.19],[438934.48,6711152.33],[438951.19,6711154.1],[438953.1,6711154.31],[438959.33,6711154.95],[438967.74,6711155.84],[438968.12,6711154.01],[438968.37,6711152.41],[438968.68,6711150.39],[438969.02,6711148.2],[438969.26,6711146.57],[438965.01,6711146.1],[438961.93,6711145.76],[438960.4,6711145.58],[438952.24,6711144.63],[438935.46,6711142.7]]]]}},{"type":"Feature","properties":{"idu":"49353000AV0049","section":"AV","numero":"0049","libelle":"AV 0049","code_insee":"49353","commune":"Trélazé","contenance":358},"geometry":{"type":"MultiPolygon","coordinates":[[[[438936.44,6711132.51],[438935.95,6711137.57],[438935.46,6711142.7],[438952.24,6711144.63],[438960.4,6711145.58],[438961.93,6711145.76],[438965.01,6711146.1],[438969.26,6711146.57],[438969.68,6711143.99],[438970.18,6711140.62],[438970.57,6711138.22],[438970.9,6711136.01],[438955.77,6711134.51],[438952.45,6711134.17],[438936.44,6711132.51]]]]}},{"type":"Feature","properties":{"idu":"49353000AV0050","section":"AV","numero":"0050","libelle":"AV 0050","code_insee":"49353","commune":"Trélazé","contenance":329},"geometry":{"type":"MultiPolygon","coordinates":[[[[438937.37,6711123.05],[438937.11,6711125.69],[438936.94,6711127.42],[438936.44,6711132.51],[438952.45,6711134.17],[438955.77,6711134.51],[438970.9,6711136.01],[438971.24,6711133.78],[438971.54,6711131.4],[438971.84,6711129.28],[438972.02,6711127.76],[438972.13,6711126.82],[438965.62,6711126.07],[438962.77,6711125.75],[438951.03,6711124.45],[438941.35,6711123.46],[438937.37,6711123.05]]]]}},{"type":"Feature","properties":{"idu":"49353000AV0051","section":"AV","numero":"0051","libelle":"AV 0051","code_insee":"49353","commune":"Trélazé","contenance":330},"geometry":{"type":"MultiPolygon","coordinates":[[[[438972.13,6711126.82],[438972.35,6711125.37],[438972.43,6711124.32],[438972.53,6711123.23],[438972.5,6711122.26],[438972.5,6711122.16],[438972.56,6711120.49],[438972.69,6711117.08],[438956.56,6711115.47],[438954.26,6711115.24],[438938.31,6711113.6],[438937.81,6711118.62],[438937.64,6711120.41],[438937.37,6711123.05],[438941.35,6711123.46],[438951.03,6711124.45],[438962.77,6711125.75],[438965.62,6711126.07],[438972.13,6711126.82]]]]}},{"type":"Feature","properties":{"idu":"49353000AV0054","section":"AV","numero":"0054","libelle":"AV 0054","code_insee":"49353","commune":"Trélazé","contenance":352},"geometry":{"type":"MultiPolygon","coordinates":[[[[438969.61,6711092.01],[438969.06,6711090.73],[438968.3,6711089.13],[438967.61,6711087.87],[438966.95,6711086.68],[438966.33,6711085.72],[438965.61,6711084.71],[438964.91,6711083.88],[438963.61,6711082.75],[438962.31,6711081.76],[438960.33,6711080.25],[438958.61,6711079.03],[438956.3,6711077.36],[438954.46,6711076.1],[438952.48,6711074.87],[438951.19,6711074.11],[438950.29,6711073.65],[438949.16,6711073.24],[438946.87,6711072.53],[438944.39,6711071.77],[438942.63,6711071.3],[438941.6,6711081.1],[438941.28,6711084.12],[438940.78,6711089.07],[438956.74,6711090.77],[438957.63,6711090.86],[438969.61,6711092.01]]]]}},{"type":"Feature","properties":{"idu":"49353000AV0064","section":"AV","numero":"0064","libelle":"AV 0064","code_insee":"49353","commune":"Trélazé","contenance":633},"geometry":{"type":"MultiPolygon","coordinates":[[[[439018.45,6710979.07],[439024.2,6710979.13],[439030.87,6710979.36],[439035.0,6710979.52],[439038.23,6710979.84],[439041.59,6710980.14],[439042.83,6710968.89],[439044.49,6710953.99],[439042.68,6710953.91],[439034.08,6710953.8],[439028.39,6710953.72],[439027.48,6710953.7],[439022.44,6710953.66],[439018.37,6710953.62],[439018.43,6710963.65],[439018.44,6710964.09],[439018.52,6710974.08],[439018.45,6710979.07]]]]}},{"type":"Feature","properties":{"idu":"49353000AV0073","section":"AV","numero":"0073","libelle":"AV 0073","code_insee":"49353","commune":"Trélazé","contenance":251},"geometry":{"type":"MultiPolygon","coordinates":[[[[438947.91,6711045.65],[438948.67,6711041.36],[438949.17,6711038.26],[438949.83,6711034.24],[438950.67,6711028.93],[438940.95,6711031.36],[438929.24,6711034.38],[438928.86,6711036.74],[438927.98,6711042.09],[438938.47,6711044.04],[438942.26,6711044.68],[438947.2,6711045.53],[438947.91,6711045.65]]]]}},{"type":"Feature","properties":{"idu":"49353000AV0075","section":"AV","numero":"0075","libelle":"AV 0075","code_insee":"49353","commune":"Trélazé","contenance":236},"geometry":{"type":"MultiPolygon","coordinates":[[[[438919.21,6711045.4],[438908.29,6711043.68],[438905.15,6711043.18],[438902.88,6711042.83],[438899.38,6711042.28],[438898.02,6711048.6],[438896.95,6711053.56],[438902.06,6711054.33],[438904.97,6711054.76],[438909.31,6711055.51],[438917.29,6711056.81],[438918.33,6711050.67],[438919.21,6711045.4]]]]}},{"type":"Feature","properties":{"idu":"49353000AV0076","section":"AV","numero":"0076","libelle":"AV 0076","code_insee":"49353","commune":"Trélazé","contenance":405},"geometry":{"type":"MultiPolygon","coordinates":[[[[438878.46,6711026.52],[438878.69,6711034.83],[438878.96,6711045.01],[438882.25,6711047.53],[438887.81,6711048.72],[438887.12,6711051.91],[438888.4,6711052.13],[438889.23,6711052.33],[438890.06,6711052.47],[438890.46,6711052.53],[438896.95,6711053.56],[438898.02,6711048.6],[438899.38,6711042.28],[438900.21,6711038.42],[438896.9,6711035.57],[438892.71,6711032.1],[438887.18,6711027.52],[438878.46,6711026.52]]]]}},{"type":"Feature","properties":{"idu":"49353000AV0077","section":"AV","numero":"0077","libelle":"AV 0077","code_insee":"49353","commune":"Trélazé","contenance":177},"geometry":{"type":"MultiPolygon","coordinates":[[[[438871.13,6711025.88],[438871.22,6711026.97],[438871.34,6711028.43],[438871.65,6711032.19],[438871.78,6711033.88],[438871.89,6711034.91],[438872.35,6711039.36],[438872.61,6711042.01],[438872.75,6711042.75],[438872.87,6711043.18],[438873.08,6711043.68],[438873.32,6711044.33],[438873.62,6711044.98],[438873.98,6711045.72],[438874.37,6711046.45],[438874.84,6711047.03],[438875.22,6711047.55],[438875.71,6711048.12],[438876.26,6711048.48],[438876.87,6711048.96],[438877.64,6711049.33],[438878.39,6711049.59],[438880.08,6711050.13],[438882.21,6711050.72],[438884.76,6711051.36],[438887.12,6711051.91],[438887.81,6711048.72],[438882.25,6711047.53],[438878.96,6711045.01],[438878.69,6711034.83],[438878.46,6711026.52],[438872.99,6711025.85],[438872.66,6711025.85],[438871.13,6711025.88]]]]}},{"type":"Feature","properties":{"idu":"49353000AV0078","section":"AV","numero":"0078","libelle":"AV 0078","code_insee":"49353","commune":"Trélazé","contenance":268},"geometry":{"type":"MultiPolygon","coordinates":[[[[438871.01,6711024.76],[438872.58,6711024.75],[438872.71,6711024.75],[438876.43,6711024.98],[438878.62,6711018.14],[438878.71,6711017.85],[438885.95,6711006.94],[438881.32,6711003.92],[438877.7,6711001.55],[438868.58,6710995.68],[438868.73,6710996.77],[438870.06,6711013.07],[438870.93,6711023.78],[438871.01,6711024.76]]]]}},{"type":"Feature","properties":{"idu":"49353000AV0079","section":"AV","numero":"0079","libelle":"AV 0079","code_insee":"49353","commune":"Trélazé","contenance":232},"geometry":{"type":"MultiPolygon","coordinates":[[[[438878.46,6711026.52],[438887.18,6711027.52],[438894.74,6711016.43],[438896.53,6711013.82],[438893.27,6711011.69],[438890.61,6711009.97],[438885.95,6711006.94],[438878.71,6711017.85],[438878.62,6711018.14],[438876.43,6711024.98],[438872.71,6711024.75],[438872.58,6711024.75],[438871.01,6711024.76],[438871.13,6711025.88],[438872.66,6711025.85],[438872.99,6711025.85],[438878.46,6711026.52]]]]}},{"type":"Feature","properties":{"idu":"49353000AV0080","section":"AV","numero":"0080","libelle":"AV 0080","code_insee":"49353","commune":"Trélazé","contenance":212},"geometry":{"type":"MultiPolygon","coordinates":[[[[438896.9,6711035.57],[438898.58,6711032.97],[438906.72,6711020.41],[438902.12,6711017.44],[438896.53,6711013.82],[438894.74,6711016.43],[438887.18,6711027.52],[438892.71,6711032.1],[438896.9,6711035.57]]]]}},{"type":"Feature","properties":{"idu":"49353000AV0081","section":"AV","numero":"0081","libelle":"AV 0081","code_insee":"49353","commune":"Trélazé","contenance":188},"geometry":{"type":"MultiPolygon","coordinates":[[[[438919.26,6711029.74],[438918.16,6711027.91],[438915.91,6711026.48],[438912.1,6711023.99],[438911.23,6711023.42],[438906.72,6711020.41],[438898.58,6711032.97],[438896.9,6711035.57],[438900.21,6711038.42],[438910.45,6711033.95],[438919.26,6711029.74]]]]}},{"type":"Feature","properties":{"idu":"49353000AV0082","section":"AV","numero":"0082","libelle":"AV 0082","code_insee":"49353","commune":"Trélazé","contenance":206},"geometry":{"type":"MultiPolygon","coordinates":[[[[438919.26,6711029.74],[438910.45,6711033.95],[438900.21,6711038.42],[438899.38,6711042.28],[438902.88,6711042.83],[438905.15,6711043.18],[438908.29,6711043.68],[438919.21,6711045.4],[438920.12,6711040.04],[438920.7,6711036.59],[438921.19,6711033.38],[438920.84,6711032.59],[438919.26,6711029.74]]]]}},{"type":"Feature","properties":{"idu":"49353000AV0084","section":"AV","numero":"0084","libelle":"AV 0084","code_insee":"49353","commune":"Trélazé","contenance":473},"geometry":{"type":"MultiPolygon","coordinates":[[[[438914.7,6711016.06],[438923.93,6711022.1],[438926.88,6711026.56],[438938.84,6711018.54],[438939.02,6711018.43],[438948.51,6711006.52],[438945.54,6711005.19],[438940.63,6711002.91],[438935.53,6711000.59],[438931.54,6710998.75],[438930.44,6710999.88],[438922.45,6711008.08],[438914.7,6711016.06]]]]}},{"type":"Feature","properties":{"idu":"49353000AV0085","section":"AV","numero":"0085","libelle":"AV 0085","code_insee":"49353","commune":"Trélazé","contenance":431},"geometry":{"type":"MultiPolygon","coordinates":[[[[438931.54,6710998.75],[438928.99,6710997.55],[438926.69,6710996.36],[438923.51,6710994.73],[438920.64,6710993.28],[438918.33,6710992.09],[438916.24,6710991.01],[438914.9,6710990.31],[438912.46,6710989.06],[438908.45,6710994.95],[438906.01,6710998.55],[438900.51,6711006.77],[438905.18,6711009.87],[438905.41,6711010.02],[438908.12,6711011.81],[438911.58,6711014.05],[438914.7,6711016.06],[438922.45,6711008.08],[438930.44,6710999.88],[438931.54,6710998.75]]]]}},{"type":"Feature","properties":{"idu":"49353000AV0086","section":"AV","numero":"0086","libelle":"AV 0086","code_insee":"49353","commune":"Trélazé","contenance":304},"geometry":{"type":"MultiPolygon","coordinates":[[[[438900.51,6711006.77],[438906.01,6710998.55],[438908.45,6710994.95],[438912.46,6710989.06],[438911.53,6710988.5],[438908.84,6710986.82],[438905.65,6710984.81],[438903.08,6710983.13],[438900.37,6710981.37],[438896.13,6710987.81],[438894.84,6710989.75],[438890.15,6710996.86],[438888.74,6710998.99],[438892.62,6711001.57],[438895.92,6711003.77],[438896.7,6711004.28],[438900.51,6711006.77]]]]}},{"type":"Feature","properties":{"idu":"49353000AV0087","section":"AV","numero":"0087","libelle":"AV 0087","code_insee":"49353","commune":"Trélazé","contenance":299},"geometry":{"type":"MultiPolygon","coordinates":[[[[438877.02,6710991.36],[438881.51,6710994.28],[438882.51,6710994.94],[438883.36,6710995.49],[438888.74,6710998.99],[438890.15,6710996.86],[438894.84,6710989.75],[438896.13,6710987.81],[438900.37,6710981.37],[438898.66,6710980.2],[438896.31,6710978.58],[438893.08,6710976.27],[438888.94,6710973.29],[438884.71,6710979.66],[438882.44,6710983.05],[438877.02,6710991.36]]]]}},{"type":"Feature","properties":{"idu":"49353000AV0088","section":"AV","numero":"0088","libelle":"AV 0088","code_insee":"49353","commune":"Trélazé","contenance":423},"geometry":{"type":"MultiPolygon","coordinates":[[[[438888.94,6710973.29],[438885.46,6710970.82],[438884.42,6710970.06],[438882.0,6710968.32],[438877.87,6710965.46],[438873.15,6710962.12],[438866.97,6710957.72],[438865.94,6710958.24],[438866.55,6710966.02],[438867.02,6710972.81],[438867.42,6710978.49],[438867.88,6710985.35],[438872.27,6710988.28],[438877.02,6710991.36],[438882.44,6710983.05],[438884.71,6710979.66],[438888.94,6710973.29]]]]}},{"type":"Feature","properties":{"idu":"49353000AV0089","section":"AV","numero":"0089","libelle":"AV 0089","code_insee":"49353","commune":"Trélazé","contenance":370},"geometry":{"type":"MultiPolygon","coordinates":[[[[438891.53,6710963.7],[438895.69,6710966.51],[438896.59,6710968.16],[438904.3,6710973.34],[438910.12,6710977.31],[438911.72,6710975.48],[438911.71,6710975.32],[438910.81,6710963.23],[438910.34,6710956.96],[438910.26,6710955.78],[438909.92,6710950.96],[438909.48,6710944.54],[438900.36,6710950.55],[438891.53,6710963.7]]]]}},{"type":"Feature","properties":{"idu":"49353000AV0092","section":"AV","numero":"0092","libelle":"AV 0092","code_insee":"49353","commune":"Trélazé","contenance":382},"geometry":{"type":"MultiPolygon","coordinates":[[[[438886.03,6710929.17],[438886.21,6710931.77],[438886.43,6710934.63],[438887.26,6710946.42],[438888.5,6710946.33],[438892.57,6710946.0],[438897.82,6710945.55],[438899.18,6710945.44],[438903.66,6710945.05],[438909.48,6710944.54],[438909.19,6710940.44],[438908.92,6710936.69],[438908.63,6710932.61],[438908.28,6710927.5],[438886.03,6710929.17]]]]}},{"type":"Feature","properties":{"idu":"49353000AV0093","section":"AV","numero":"0093","libelle":"AV 0093","code_insee":"49353","commune":"Trélazé","contenance":349},"geometry":{"type":"MultiPolygon","coordinates":[[[[438908.28,6710927.5],[438907.96,6710922.52],[438907.53,6710915.75],[438902.76,6710912.0],[438884.86,6710913.15],[438885.61,6710923.4],[438886.03,6710929.17],[438908.28,6710927.5]]]]}},{"type":"Feature","properties":{"idu":"49353000AV0094","section":"AV","numero":"0094","libelle":"AV 0094","code_insee":"49353","commune":"Trélazé","contenance":357},"geometry":{"type":"MultiPolygon","coordinates":[[[[438884.86,6710913.15],[438864.69,6710914.45],[438862.9,6710916.81],[438863.51,6710925.71],[438863.85,6710930.77],[438879.42,6710929.64],[438882.33,6710929.44],[438886.03,6710929.17],[438885.61,6710923.4],[438884.86,6710913.15]]]]}},{"type":"Feature","properties":{"idu":"49353000AV0095","section":"AV","numero":"0095","libelle":"AV 0095","code_insee":"49353","commune":"Trélazé","contenance":339},"geometry":{"type":"MultiPolygon","coordinates":[[[[438860.94,6710891.52],[438861.36,6710896.6],[438861.55,6710898.94],[438861.84,6710902.38],[438863.64,6710904.38],[438863.77,6710904.53],[438863.98,6710904.6],[438864.36,6710904.6],[438866.87,6710904.37],[438867.46,6710904.31],[438874.5,6710903.86],[438882.23,6710903.29],[438887.53,6710902.96],[438886.64,6710890.43],[438886.58,6710889.69],[438876.91,6710890.37],[438860.94,6710891.52]]]]}},{"type":"Feature","properties":{"idu":"49353000AV0096","section":"AV","numero":"0096","libelle":"AV 0096","code_insee":"49353","commune":"Trélazé","contenance":329},"geometry":{"type":"MultiPolygon","coordinates":[[[[438885.66,6710876.94],[438884.16,6710877.02],[438878.75,6710877.4],[438875.3,6710877.66],[438865.95,6710878.35],[438865.47,6710878.39],[438859.99,6710878.79],[438860.26,6710882.72],[438860.54,6710886.52],[438860.55,6710886.62],[438860.94,6710891.52],[438876.91,6710890.37],[438886.58,6710889.69],[438885.84,6710879.41],[438885.66,6710876.94]]]]}},{"type":"Feature","properties":{"idu":"49353000AV0097","section":"AV","numero":"0097","libelle":"AV 0097","code_insee":"49353","commune":"Trélazé","contenance":316},"geometry":{"type":"MultiPolygon","coordinates":[[[[438885.66,6710876.94],[438885.84,6710879.41],[438886.58,6710889.69],[438886.64,6710890.43],[438887.53,6710902.96],[438890.67,6710902.75],[438894.13,6710902.52],[438899.3,6710902.18],[438897.96,6710886.56],[438897.91,6710885.95],[438899.87,6710875.83],[438892.18,6710876.4],[438890.22,6710876.56],[438885.66,6710876.94]]]]}},{"type":"Feature","properties":{"idu":"49353000AV0098","section":"AV","numero":"0098","libelle":"AV 0098","code_insee":"49353","commune":"Trélazé","contenance":315},"geometry":{"type":"MultiPolygon","coordinates":[[[[438899.3,6710902.18],[438904.17,6710901.82],[438906.05,6710901.7],[438915.67,6710874.71],[438912.15,6710874.96],[438899.87,6710875.83],[438897.91,6710885.95],[438897.96,6710886.56],[438899.3,6710902.18]]]]}},{"type":"Feature","properties":{"idu":"49353000AV0099","section":"AV","numero":"0099","libelle":"AV 0099","code_insee":"49353","commune":"Trélazé","contenance":457},"geometry":{"type":"MultiPolygon","coordinates":[[[[438938.81,6710873.43],[438938.81,6710873.12],[438936.79,6710873.27],[438915.67,6710874.71],[438906.05,6710901.7],[438907.58,6710902.92],[438911.59,6710906.12],[438921.87,6710894.25],[438923.47,6710892.41],[438932.38,6710881.33],[438938.81,6710873.43]]]]}},{"type":"Feature","properties":{"idu":"49353000AV0100","section":"AV","numero":"0100","libelle":"AV 0100","code_insee":"49353","commune":"Trélazé","contenance":476},"geometry":{"type":"MultiPolygon","coordinates":[[[[438938.81,6710873.43],[438932.38,6710881.33],[438923.47,6710892.41],[438921.87,6710894.25],[438911.59,6710906.12],[438915.4,6710909.24],[438917.02,6710910.57],[438924.83,6710906.73],[438927.98,6710905.17],[438941.05,6710898.72],[438940.36,6710889.47],[438939.67,6710880.17],[438939.52,6710878.54],[438939.22,6710875.08],[438938.94,6710875.05],[438938.81,6710873.43]]]]}},{"type":"Feature","properties":{"idu":"49353000AV0101","section":"AV","numero":"0101","libelle":"AV 0101","code_insee":"49353","commune":"Trélazé","contenance":303},"geometry":{"type":"MultiPolygon","coordinates":[[[[438942.41,6710915.94],[438941.89,6710909.37],[438941.86,6710908.84],[438941.28,6710901.87],[438941.05,6710898.72],[438927.98,6710905.17],[438924.83,6710906.73],[438917.02,6710910.57],[438917.2,6710912.82],[438917.55,6710917.5],[438932.94,6710916.53],[438942.41,6710915.94]]]]}},{"type":"Feature","properties":{"idu":"49353000AV0102","section":"AV","numero":"0102","libelle":"AV 0102","code_insee":"49353","commune":"Trélazé","contenance":387},"geometry":{"type":"MultiPolygon","coordinates":[[[[438918.7,6710933.11],[438924.6,6710932.7],[438943.59,6710931.38],[438943.33,6710927.99],[438942.41,6710915.94],[438932.94,6710916.53],[438917.55,6710917.5],[438917.95,6710922.89],[438918.2,6710926.43],[438918.7,6710933.11]]]]}},{"type":"Feature","properties":{"idu":"49353000AV0103","section":"AV","numero":"0103","libelle":"AV 0103","code_insee":"49353","commune":"Trélazé","contenance":359},"geometry":{"type":"MultiPolygon","coordinates":[[[[438918.7,6710933.11],[438919.24,6710940.3],[438919.38,6710942.23],[438919.41,6710942.57],[438919.73,6710947.34],[438935.29,6710946.33],[438937.0,6710946.21],[438938.74,6710946.09],[438944.74,6710945.68],[438944.7,6710945.33],[438944.07,6710937.77],[438943.98,6710936.66],[438943.59,6710931.38],[438924.6,6710932.7],[438918.7,6710933.11]]]]}},{"type":"Feature","properties":{"idu":"49353000AV0104","section":"AV","numero":"0104","libelle":"AV 0104","code_insee":"49353","commune":"Trélazé","contenance":379},"geometry":{"type":"MultiPolygon","coordinates":[[[[438920.72,6710962.28],[438927.16,6710961.88],[438934.12,6710961.44],[438945.98,6710960.75],[438945.69,6710957.27],[438945.49,6710954.73],[438944.97,6710948.54],[438944.74,6710945.68],[438938.74,6710946.09],[438937.0,6710946.21],[438935.29,6710946.33],[438919.73,6710947.34],[438920.1,6710952.59],[438920.35,6710956.14],[438920.51,6710958.73],[438920.72,6710962.28]]]]}},{"type":"Feature","properties":{"idu":"49353000AV0105","section":"AV","numero":"0105","libelle":"AV 0105","code_insee":"49353","commune":"Trélazé","contenance":377},"geometry":{"type":"MultiPolygon","coordinates":[[[[438920.72,6710962.28],[438920.97,6710965.55],[438921.19,6710968.54],[438921.47,6710972.37],[438921.83,6710977.31],[438937.34,6710976.2],[438938.05,6710976.15],[438947.25,6710975.49],[438947.17,6710974.59],[438946.47,6710965.92],[438946.28,6710963.56],[438945.98,6710960.75],[438934.12,6710961.44],[438927.16,6710961.88],[438920.72,6710962.28]]]]}},{"type":"Feature","properties":{"idu":"49353000AV0106","section":"AV","numero":"0106","libelle":"AV 0106","code_insee":"49353","commune":"Trélazé","contenance":370},"geometry":{"type":"MultiPolygon","coordinates":[[[[438921.83,6710977.31],[438922.21,6710982.2],[438922.41,6710984.85],[438931.7,6710989.24],[438941.83,6710993.98],[438947.69,6710996.71],[438947.99,6710996.05],[438949.14,6710996.57],[438948.87,6710993.53],[438948.4,6710988.35],[438948.34,6710987.72],[438948.25,6710986.72],[438947.25,6710975.49],[438938.05,6710976.15],[438937.34,6710976.2],[438921.83,6710977.31]]]]}},{"type":"Feature","properties":{"idu":"49353000AV0119","section":"AV","numero":"0119","libelle":"AV 0119","code_insee":"49353","commune":"Trélazé","contenance":366},"geometry":{"type":"MultiPolygon","coordinates":[[[[439084.63,6710760.29],[439080.46,6710759.77],[439073.88,6710758.88],[439072.28,6710771.53],[439071.39,6710777.92],[439070.65,6710783.19],[439069.4,6710792.38],[439073.69,6710792.93],[439077.06,6710793.37],[439080.37,6710793.8],[439081.07,6710788.11],[439081.79,6710782.22],[439081.91,6710781.22],[439082.03,6710780.27],[439084.02,6710764.92],[439084.63,6710760.29]]]]}},{"type":"Feature","properties":{"idu":"49353000AV0126","section":"AV","numero":"0126","libelle":"AV 0126","code_insee":"49353","commune":"Trélazé","contenance":1460},"geometry":{"type":"MultiPolygon","coordinates":[[[[439003.16,6710812.94],[439000.34,6710813.0],[438998.32,6710813.01],[438995.31,6710813.12],[438995.06,6710808.26],[438994.61,6710799.75],[438993.75,6710782.95],[438989.28,6710783.18],[438989.2,6710782.21],[438980.96,6710782.6],[438980.99,6710783.5],[438976.45,6710783.74],[438977.04,6710795.22],[438977.42,6710804.96],[438977.9,6710814.1],[438969.95,6710814.59],[438970.48,6710822.95],[438971.09,6710831.51],[438972.33,6710831.41],[438972.74,6710836.56],[438979.27,6710836.18],[438979.5,6710837.59],[438979.67,6710838.27],[438979.79,6710838.87],[438979.92,6710839.31],[438980.11,6710839.76],[438980.23,6710840.1],[438980.49,6710840.55],[438980.84,6710840.99],[438981.12,6710841.35],[438981.44,6710841.74],[438981.86,6710842.06],[438982.31,6710842.49],[438982.68,6710842.72],[438983.11,6710842.94],[438983.61,6710843.17],[438984.12,6710843.37],[438984.79,6710843.54],[438985.52,6710843.71],[438986.52,6710843.85],[438987.1,6710843.93],[438994.67,6710846.22],[438998.91,6710847.48],[439000.39,6710847.96],[439001.34,6710843.26],[439002.37,6710837.99],[439002.88,6710835.42],[439002.58,6710830.4],[439003.86,6710830.29],[439003.16,6710812.94]]]]}},{"type":"Feature","properties":{"idu":"49353000AV0127","section":"AV","numero":"0127","libelle":"AV 0127","code_insee":"49353","commune":"Trélazé","contenance":1282},"geometry":{"type":"MultiPolygon","coordinates":[[[[438945.72,6710796.02],[438945.01,6710795.34],[438944.58,6710795.0],[438944.19,6710794.68],[438943.75,6710794.37],[438943.17,6710794.04],[438942.41,6710793.59],[438941.8,6710793.42],[438941.25,6710793.2],[438940.59,6710793.0],[438939.9,6710792.77],[438938.67,6710792.53],[438937.52,6710792.46],[438936.95,6710792.52],[438936.89,6710793.05],[438936.72,6710804.81],[438936.7,6710805.49],[438936.5,6710812.49],[438936.18,6710820.16],[438935.9,6710826.27],[438935.81,6710829.36],[438935.82,6710830.63],[438935.85,6710835.05],[438936.04,6710840.29],[438936.33,6710845.87],[438936.38,6710846.24],[438948.36,6710845.32],[438962.77,6710844.33],[438967.41,6710844.01],[438966.54,6710832.5],[438965.52,6710817.86],[438965.22,6710817.88],[438965.18,6710817.23],[438965.3,6710816.69],[438965.38,6710816.18],[438965.46,6710815.7],[438965.59,6710815.26],[438965.74,6710814.93],[438965.96,6710814.48],[438966.19,6710814.2],[438966.43,6710813.82],[438966.68,6710813.52],[438966.86,6710813.29],[438967.11,6710813.03],[438967.34,6710812.86],[438967.62,6710812.67],[438967.85,6710812.52],[438968.11,6710812.45],[438968.5,6710812.25],[438969.68,6710811.96],[438969.28,6710808.59],[438963.34,6710809.59],[438962.25,6710813.99],[438958.01,6710812.35],[438953.23,6710805.35],[438952.5,6710804.3],[438951.54,6710802.93],[438951.29,6710802.6],[438950.96,6710802.18],[438950.27,6710801.3],[438949.51,6710800.39],[438948.96,6710799.57],[438947.75,6710798.19],[438946.87,6710797.24],[438946.58,6710796.92],[438945.72,6710796.02]]]]}},{"type":"Feature","properties":{"idu":"49353000AV0128","section":"AV","numero":"0128","libelle":"AV 0128","code_insee":"49353","commune":"Trélazé","contenance":120},"geometry":{"type":"MultiPolygon","coordinates":[[[[438953.23,6710805.35],[438958.01,6710812.35],[438962.25,6710813.99],[438963.34,6710809.59],[438969.28,6710808.59],[438969.09,6710806.99],[438968.12,6710798.39],[438962.56,6710799.06],[438963.03,6710803.14],[438963.35,6710803.1],[438963.47,6710804.46],[438962.38,6710804.56],[438959.04,6710804.87],[438953.23,6710805.35]]]]}},{"type":"Feature","properties":{"idu":"49353000AV0129","section":"AV","numero":"0129","libelle":"AV 0129","code_insee":"49353","commune":"Trélazé","contenance":220},"geometry":{"type":"MultiPolygon","coordinates":[[[[438945.72,6710796.02],[438946.58,6710796.92],[438946.87,6710797.24],[438947.75,6710798.19],[438948.96,6710799.57],[438949.51,6710800.39],[438950.27,6710801.3],[438950.96,6710802.18],[438951.29,6710802.6],[438951.54,6710802.93],[438952.5,6710804.3],[438953.23,6710805.35],[438959.04,6710804.87],[438962.38,6710804.56],[438963.47,6710804.46],[438963.35,6710803.1],[438963.03,6710803.14],[438962.56,6710799.06],[438968.12,6710798.39],[438967.42,6710792.44],[438967.21,6710790.69],[438962.33,6710791.33],[438954.3,6710792.37],[438946.15,6710793.42],[438945.72,6710796.02]]]]}},{"type":"Feature","properties":{"idu":"49353000AV0130","section":"AV","numero":"0130","libelle":"AV 0130","code_insee":"49353","commune":"Trélazé","contenance":762},"geometry":{"type":"MultiPolygon","coordinates":[[[[438967.21,6710790.69],[438966.92,6710787.97],[438966.62,6710785.45],[438966.23,6710781.84],[438965.69,6710777.01],[438965.18,6710772.81],[438964.73,6710769.23],[438963.98,6710762.92],[438962.86,6710754.0],[438957.13,6710754.42],[438951.94,6710754.75],[438946.9,6710755.09],[438945.77,6710765.94],[438945.44,6710769.76],[438945.24,6710772.06],[438944.94,6710775.48],[438944.82,6710776.79],[438944.17,6710784.16],[438943.52,6710790.51],[438943.43,6710791.44],[438943.17,6710794.04],[438943.75,6710794.37],[438944.19,6710794.68],[438944.58,6710795.0],[438945.01,6710795.34],[438945.72,6710796.02],[438946.15,6710793.42],[438954.3,6710792.37],[438962.33,6710791.33],[438967.21,6710790.69]]]]}},{"type":"Feature","properties":{"idu":"49353000AV0131","section":"AV","numero":"0131","libelle":"AV 0131","code_insee":"49353","commune":"Trélazé","contenance":333},"geometry":{"type":"MultiPolygon","coordinates":[[[[438946.9,6710755.09],[438939.55,6710755.49],[438939.67,6710758.56],[438939.74,6710759.67],[438939.71,6710760.35],[438939.75,6710761.1],[438939.73,6710761.63],[438939.71,6710762.14],[438939.67,6710762.67],[438939.61,6710763.23],[438939.55,6710763.65],[438939.47,6710764.13],[438939.35,6710764.61],[438939.25,6710765.05],[438939.14,6710765.61],[438939.03,6710766.0],[438939.03,6710766.11],[438939.05,6710766.31],[438939.18,6710768.24],[438935.54,6710768.6],[438934.95,6710775.21],[438934.72,6710777.67],[438934.5,6710779.99],[438934.27,6710782.23],[438934.12,6710783.54],[438933.94,6710785.05],[438933.79,6710786.42],[438933.66,6710787.73],[438933.53,6710788.68],[438933.35,6710789.67],[438933.18,6710790.75],[438932.96,6710792.05],[438932.74,6710793.39],[438933.26,6710793.26],[438933.89,6710793.07],[438934.4,6710792.9],[438934.95,6710792.78],[438935.32,6710792.7],[438935.59,6710792.67],[438936.0,6710792.61],[438936.43,6710792.54],[438936.95,6710792.52],[438937.52,6710792.46],[438938.67,6710792.53],[438939.9,6710792.77],[438940.59,6710793.0],[438941.25,6710793.2],[438941.8,6710793.42],[438942.41,6710793.59],[438943.17,6710794.04],[438943.43,6710791.44],[438943.52,6710790.51],[438944.17,6710784.16],[438944.82,6710776.79],[438944.94,6710775.48],[438945.24,6710772.06],[438945.44,6710769.76],[438945.77,6710765.94],[438946.9,6710755.09]]]]}},{"type":"Feature","properties":{"idu":"49353000AV0132","section":"AV","numero":"0132","libelle":"AV 0132","code_insee":"49353","commune":"Trélazé","contenance":570},"geometry":{"type":"MultiPolygon","coordinates":[[[[438939.55,6710755.49],[438930.35,6710756.02],[438921.26,6710756.61],[438921.4,6710764.0],[438921.43,6710765.67],[438921.54,6710771.49],[438921.63,6710775.12],[438921.78,6710782.61],[438921.8,6710783.55],[438922.03,6710794.88],[438922.08,6710797.77],[438922.68,6710797.51],[438923.67,6710797.15],[438923.86,6710797.08],[438924.82,6710796.62],[438925.88,6710796.19],[438927.31,6710795.62],[438928.47,6710795.1],[438929.68,6710794.62],[438930.31,6710794.34],[438930.72,6710794.15],[438931.12,6710794.0],[438931.54,6710793.82],[438932.74,6710793.39],[438932.96,6710792.05],[438933.18,6710790.75],[438933.35,6710789.67],[438933.53,6710788.68],[438933.66,6710787.73],[438933.79,6710786.42],[438933.94,6710785.05],[438934.12,6710783.54],[438934.27,6710782.23],[438934.5,6710779.99],[438934.72,6710777.67],[438934.95,6710775.21],[438935.54,6710768.6],[438939.18,6710768.24],[438939.05,6710766.31],[438939.03,6710766.11],[438939.03,6710766.0],[438939.14,6710765.61],[438939.25,6710765.05],[438939.35,6710764.61],[438939.47,6710764.13],[438939.55,6710763.65],[438939.61,6710763.23],[438939.67,6710762.67],[438939.71,6710762.14],[438939.73,6710761.63],[438939.75,6710761.1],[438939.71,6710760.35],[438939.74,6710759.67],[438939.67,6710758.56],[438939.55,6710755.49]]]]}},{"type":"Feature","properties":{"idu":"49353000AV0133","section":"AV","numero":"0133","libelle":"AV 0133","code_insee":"49353","commune":"Trélazé","contenance":495},"geometry":{"type":"MultiPolygon","coordinates":[[[[438921.26,6710756.61],[438914.64,6710757.09],[438913.13,6710757.19],[438909.7,6710757.44],[438909.83,6710767.71],[438910.01,6710781.19],[438910.23,6710799.9],[438910.79,6710799.85],[438911.45,6710799.8],[438913.18,6710799.56],[438914.97,6710799.3],[438916.48,6710799.0],[438917.75,6710798.77],[438918.8,6710798.54],[438919.95,6710798.32],[438920.36,6710798.25],[438920.85,6710798.15],[438921.21,6710798.01],[438922.08,6710797.77],[438922.03,6710794.88],[438921.8,6710783.55],[438921.78,6710782.61],[438921.63,6710775.12],[438921.54,6710771.49],[438921.43,6710765.67],[438921.4,6710764.0],[438921.26,6710756.61]]]]}},{"type":"Feature","properties":{"idu":"49353000AV0134","section":"AV","numero":"0134","libelle":"AV 0134","code_insee":"49353","commune":"Trélazé","contenance":695},"geometry":{"type":"MultiPolygon","coordinates":[[[[438909.7,6710757.44],[438902.57,6710757.86],[438892.74,6710758.54],[438893.13,6710767.57],[438893.37,6710772.9],[438893.74,6710782.96],[438894.13,6710792.33],[438894.35,6710798.37],[438894.43,6710800.85],[438897.05,6710800.79],[438899.48,6710800.74],[438899.62,6710800.74],[438901.51,6710800.59],[438904.31,6710800.41],[438906.55,6710800.3],[438906.67,6710800.29],[438908.2,6710800.12],[438909.13,6710800.02],[438910.23,6710799.9],[438910.01,6710781.19],[438909.83,6710767.71],[438909.7,6710757.44]]]]}},{"type":"Feature","properties":{"idu":"49353000AV0135","section":"AV","numero":"0135","libelle":"AV 0135","code_insee":"49353","commune":"Trélazé","contenance":405},"geometry":{"type":"MultiPolygon","coordinates":[[[[438886.75,6710800.6],[438888.28,6710800.76],[438889.46,6710800.87],[438890.46,6710800.96],[438891.02,6710800.96],[438894.43,6710800.85],[438894.35,6710798.37],[438894.13,6710792.33],[438893.74,6710782.96],[438893.37,6710772.9],[438893.13,6710767.57],[438892.74,6710758.54],[438881.66,6710759.23],[438881.87,6710763.44],[438882.02,6710766.08],[438882.56,6710772.4],[438882.86,6710772.36],[438884.18,6710782.32],[438885.43,6710791.55],[438885.72,6710793.51],[438886.75,6710800.6]]]]}},{"type":"Feature","properties":{"idu":"49353000AV0136","section":"AV","numero":"0136","libelle":"AV 0136","code_insee":"49353","commune":"Trélazé","contenance":490},"geometry":{"type":"MultiPolygon","coordinates":[[[[438881.66,6710759.23],[438875.47,6710759.57],[438869.1,6710759.96],[438869.13,6710760.31],[438870.44,6710772.15],[438871.02,6710777.14],[438871.26,6710778.62],[438873.61,6710793.27],[438874.04,6710795.93],[438874.51,6710798.89],[438875.84,6710799.11],[438878.27,6710799.45],[438879.81,6710799.69],[438881.37,6710799.92],[438882.57,6710800.09],[438883.58,6710800.25],[438884.57,6710800.36],[438885.53,6710800.46],[438886.75,6710800.6],[438885.72,6710793.51],[438885.43,6710791.55],[438884.18,6710782.32],[438882.86,6710772.36],[438882.56,6710772.4],[438882.02,6710766.08],[438881.87,6710763.44],[438881.66,6710759.23]]]]}},{"type":"Feature","properties":{"idu":"49353000AV0139","section":"AV","numero":"0139","libelle":"AV 0139","code_insee":"49353","commune":"Trélazé","contenance":1100},"geometry":{"type":"MultiPolygon","coordinates":[[[[438872.18,6710833.69],[438873.18,6710833.62],[438883.31,6710832.95],[438885.05,6710832.84],[438895.86,6710832.09],[438909.06,6710831.19],[438921.84,6710830.34],[438935.81,6710829.36],[438935.9,6710826.27],[438936.18,6710820.16],[438936.5,6710812.49],[438915.57,6710813.77],[438912.39,6710813.99],[438902.95,6710814.68],[438900.48,6710814.84],[438894.87,6710815.21],[438894.97,6710816.76],[438893.16,6710816.91],[438893.06,6710815.34],[438891.91,6710815.44],[438891.29,6710815.48],[438887.18,6710815.76],[438881.38,6710816.16],[438871.0,6710816.82],[438872.05,6710831.88],[438872.18,6710833.69]]]]}},{"type":"Feature","properties":{"idu":"49353000AV0140","section":"AV","numero":"0140","libelle":"AV 0140","code_insee":"49353","commune":"Trélazé","contenance":603},"geometry":{"type":"MultiPolygon","coordinates":[[[[438888.9,6710849.38],[438896.32,6710848.8],[438909.41,6710847.79],[438919.28,6710847.06],[438932.23,6710846.14],[438932.05,6710840.57],[438936.04,6710840.29],[438935.85,6710835.05],[438935.82,6710830.63],[438935.81,6710829.36],[438921.84,6710830.34],[438909.06,6710831.19],[438909.77,6710839.0],[438888.47,6710840.84],[438888.9,6710849.38]]]]}},{"type":"Feature","properties":{"idu":"49353000AV0141","section":"AV","numero":"0141","libelle":"AV 0141","code_insee":"49353","commune":"Trélazé","contenance":718},"geometry":{"type":"MultiPolygon","coordinates":[[[[438936.33,6710845.87],[438932.23,6710846.14],[438919.28,6710847.06],[438909.41,6710847.79],[438896.32,6710848.8],[438888.9,6710849.38],[438878.12,6710850.21],[438878.46,6710862.26],[438880.49,6710862.12],[438889.24,6710861.5],[438890.77,6710861.39],[438903.6,6710860.57],[438911.1,6710860.04],[438918.02,6710859.55],[438937.51,6710858.27],[438937.04,6710853.04],[438936.38,6710846.24],[438936.33,6710845.87]]]]}},{"type":"Feature","properties":{"idu":"49353000AV0145","section":"AV","numero":"0145","libelle":"AV 0145","code_insee":"49353","commune":"Trélazé","contenance":237},"geometry":{"type":"MultiPolygon","coordinates":[[[[438858.82,6710863.6],[438868.2,6710862.95],[438878.46,6710862.26],[438878.12,6710850.21],[438872.1,6710850.63],[438868.34,6710850.9],[438865.66,6710851.11],[438857.92,6710851.72],[438858.71,6710861.89],[438858.82,6710863.6]]]]}},{"type":"Feature","properties":{"idu":"49353000AV0148","section":"AV","numero":"0148","libelle":"AV 0148","code_insee":"49353","commune":"Trélazé","contenance":2},"geometry":{"type":"MultiPolygon","coordinates":[[[[438847.19,6710827.29],[438847.02,6710825.57],[438845.59,6710825.59],[438845.69,6710827.31],[438847.19,6710827.29]]]]}},{"type":"Feature","properties":{"idu":"49353000AV0152","section":"AV","numero":"0152","libelle":"AV 0152","code_insee":"49353","commune":"Trélazé","contenance":620},"geometry":{"type":"MultiPolygon","coordinates":[[[[438775.43,6710788.87],[438776.54,6710807.21],[438777.0,6710815.18],[438777.63,6710825.87],[438778.48,6710839.42],[438791.51,6710838.68],[438790.58,6710823.37],[438786.54,6710823.62],[438786.3,6710819.08],[438788.28,6710818.89],[438787.95,6710813.42],[438789.93,6710813.27],[438789.74,6710809.75],[438788.9,6710793.71],[438788.81,6710791.91],[438787.56,6710791.95],[438782.23,6710788.46],[438775.43,6710788.87]]]]}},{"type":"Feature","properties":{"idu":"49353000AV0153","section":"AV","numero":"0153","libelle":"AV 0153","code_insee":"49353","commune":"Trélazé","contenance":1068},"geometry":{"type":"MultiPolygon","coordinates":[[[[438775.43,6710788.87],[438775.41,6710788.52],[438774.72,6710776.65],[438774.7,6710776.35],[438774.12,6710766.81],[438771.1,6710767.0],[438765.71,6710767.35],[438761.41,6710767.63],[438759.5,6710767.67],[438760.32,6710785.0],[438760.49,6710788.6],[438760.53,6710789.51],[438760.55,6710790.0],[438760.72,6710793.35],[438761.41,6710807.55],[438762.78,6710833.59],[438763.11,6710833.54],[438763.54,6710840.34],[438778.48,6710839.42],[438777.63,6710825.87],[438777.0,6710815.18],[438776.54,6710807.21],[438775.43,6710788.87]]]]}},{"type":"Feature","properties":{"idu":"49353000AV0154","section":"AV","numero":"0154","libelle":"AV 0154","code_insee":"49353","commune":"Trélazé","contenance":724},"geometry":{"type":"MultiPolygon","coordinates":[[[[438762.78,6710833.59],[438761.41,6710807.55],[438760.72,6710793.35],[438760.55,6710790.0],[438760.53,6710789.51],[438760.49,6710788.6],[438760.32,6710785.0],[438759.5,6710767.67],[438753.94,6710767.67],[438749.46,6710767.66],[438748.37,6710767.65],[438748.6,6710776.33],[438748.72,6710779.8],[438749.02,6710786.34],[438750.89,6710812.55],[438752.43,6710834.3],[438762.78,6710833.59]]]]}},{"type":"Feature","properties":{"idu":"49353000AV0155","section":"AV","numero":"0155","libelle":"AV 0155","code_insee":"49353","commune":"Trélazé","contenance":803},"geometry":{"type":"MultiPolygon","coordinates":[[[[438740.82,6710835.21],[438752.43,6710834.3],[438750.89,6710812.55],[438749.02,6710786.34],[438748.72,6710779.8],[438748.6,6710776.33],[438748.37,6710767.65],[438745.41,6710767.62],[438744.78,6710767.62],[438739.67,6710767.59],[438735.79,6710767.62],[438736.06,6710771.85],[438736.62,6710780.52],[438736.81,6710783.55],[438736.88,6710784.59],[438736.94,6710785.45],[438737.35,6710791.92],[438738.16,6710803.21],[438740.82,6710835.21]]]]}},{"type":"Feature","properties":{"idu":"49353000AV0156","section":"AV","numero":"0156","libelle":"AV 0156","code_insee":"49353","commune":"Trélazé","contenance":754},"geometry":{"type":"MultiPolygon","coordinates":[[[[438740.82,6710835.21],[438738.16,6710803.21],[438737.35,6710791.92],[438736.94,6710785.45],[438736.88,6710784.59],[438736.81,6710783.55],[438736.62,6710780.52],[438736.06,6710771.85],[438735.79,6710767.62],[438730.27,6710767.56],[438724.99,6710767.57],[438729.72,6710835.98],[438740.82,6710835.21]]]]}},{"type":"Feature","properties":{"idu":"49353000AV0164","section":"AV","numero":"0164","libelle":"AV 0164","code_insee":"49353","commune":"Trélazé","contenance":164},"geometry":{"type":"MultiPolygon","coordinates":[[[[438847.75,6710834.85],[438842.23,6710835.29],[438842.97,6710845.94],[438838.78,6710846.28],[438838.91,6710847.86],[438836.64,6710848.04],[438836.86,6710850.61],[438840.5,6710850.35],[438843.32,6710850.15],[438843.42,6710851.71],[438843.77,6710857.14],[438843.93,6710859.62],[438843.99,6710860.77],[438849.65,6710860.44],[438849.1,6710852.71],[438848.92,6710850.26],[438847.75,6710834.85]]]]}},{"type":"Feature","properties":{"idu":"49353000AV0166","section":"AV","numero":"0166","libelle":"AV 0166","code_insee":"49353","commune":"Trélazé","contenance":379},"geometry":{"type":"MultiPolygon","coordinates":[[[[438816.93,6710882.38],[438836.13,6710881.03],[438845.08,6710880.38],[438851.03,6710879.96],[438850.58,6710873.45],[438850.21,6710868.36],[438849.97,6710865.12],[438830.33,6710866.41],[438830.42,6710868.32],[438830.47,6710869.35],[438834.84,6710869.03],[438835.13,6710873.37],[438816.34,6710875.0],[438816.93,6710882.38]]]]}},{"type":"Feature","properties":{"idu":"49353000AV0185","section":"AV","numero":"0185","libelle":"AV 0185","code_insee":"49353","commune":"Trélazé","contenance":101},"geometry":{"type":"MultiPolygon","coordinates":[[[[438579.17,6710906.56],[438578.93,6710904.95],[438578.54,6710902.27],[438576.76,6710902.52],[438577.06,6710904.85],[438564.34,6710906.94],[438564.9,6710911.98],[438568.69,6710911.49],[438568.89,6710912.81],[438573.74,6710912.06],[438574.05,6710913.95],[438575.49,6710913.76],[438575.25,6710911.92],[438579.84,6710911.17],[438579.76,6710910.63],[438579.17,6710906.56]]]]}},{"type":"Feature","properties":{"idu":"49353000AV0190","section":"AV","numero":"0190","libelle":"AV 0190","code_insee":"49353","commune":"Trélazé","contenance":392},"geometry":{"type":"MultiPolygon","coordinates":[[[[438294.16,6710828.38],[438294.22,6710828.47],[438287.57,6710832.78],[438285.63,6710833.55],[438279.24,6710836.08],[438277.46,6710836.8],[438276.74,6710834.79],[438273.54,6710834.75],[438269.45,6710834.67],[438269.22,6710837.44],[438268.83,6710842.85],[438268.41,6710848.3],[438268.15,6710851.5],[438267.53,6710860.36],[438276.32,6710852.2],[438300.87,6710829.37],[438297.36,6710825.34],[438297.14,6710825.55],[438296.37,6710826.29],[438294.81,6710827.82],[438294.16,6710828.38]]]]}},{"type":"Feature","properties":{"idu":"49353000AV0191","section":"AV","numero":"0191","libelle":"AV 0191","code_insee":"49353","commune":"Trélazé","contenance":295},"geometry":{"type":"MultiPolygon","coordinates":[[[[438287.57,6710832.78],[438285.33,6710827.48],[438281.98,6710817.61],[438277.5,6710818.01],[438272.84,6710818.42],[438268.48,6710818.8],[438264.62,6710819.09],[438264.56,6710824.56],[438268.95,6710824.51],[438269.03,6710825.92],[438269.2,6710829.19],[438269.45,6710834.67],[438273.54,6710834.75],[438276.74,6710834.79],[438277.46,6710836.8],[438279.24,6710836.08],[438285.63,6710833.55],[438287.57,6710832.78]]]]}},{"type":"Feature","properties":{"idu":"49353000AV0200","section":"AV","numero":"0200","libelle":"AV 0200","code_insee":"49353","commune":"Trélazé","contenance":365},"geometry":{"type":"MultiPolygon","coordinates":[[[[438325.5,6710777.6],[438322.61,6710777.81],[438321.7,6710777.87],[438319.06,6710778.12],[438315.06,6710778.47],[438310.81,6710778.83],[438306.45,6710779.26],[438302.48,6710779.56],[438302.69,6710782.26],[438302.98,6710787.24],[438303.1,6710790.78],[438303.17,6710793.54],[438303.19,6710794.39],[438311.83,6710796.22],[438313.14,6710796.5],[438314.4,6710796.77],[438314.63,6710796.82],[438317.13,6710797.35],[438319.28,6710797.82],[438324.09,6710789.32],[438325.26,6710789.35],[438325.45,6710781.63],[438325.49,6710780.25],[438325.5,6710777.6]]]]}},{"type":"Feature","properties":{"idu":"49353000AV0201","section":"AV","numero":"0201","libelle":"AV 0201","code_insee":"49353","commune":"Trélazé","contenance":1397},"geometry":{"type":"MultiPolygon","coordinates":[[[[438325.5,6710777.6],[438325.49,6710780.25],[438325.45,6710781.63],[438325.26,6710789.35],[438324.09,6710789.32],[438319.28,6710797.82],[438317.95,6710800.21],[438318.56,6710800.5],[438316.99,6710803.55],[438315.27,6710807.07],[438314.87,6710807.74],[438314.39,6710808.35],[438314.13,6710808.64],[438313.74,6710809.02],[438313.27,6710809.45],[438312.37,6710810.24],[438311.44,6710811.0],[438310.03,6710812.23],[438308.39,6710813.72],[438304.9,6710817.26],[438300.96,6710821.23],[438298.67,6710823.6],[438297.66,6710824.61],[438297.9,6710824.86],[438297.36,6710825.34],[438300.87,6710829.37],[438301.03,6710829.23],[438327.14,6710825.97],[438335.99,6710824.86],[438338.44,6710824.56],[438340.69,6710824.28],[438358.73,6710822.02],[438358.1,6710815.94],[438356.94,6710804.55],[438346.11,6710805.7],[438336.68,6710806.71],[438335.14,6710788.79],[438334.5,6710781.37],[438334.1,6710776.77],[438330.11,6710777.15],[438329.2,6710777.22],[438328.02,6710777.43],[438325.5,6710777.6]]]]}},{"type":"Feature","properties":{"idu":"49353000AV0202","section":"AV","numero":"0202","libelle":"AV 0202","code_insee":"49353","commune":"Trélazé","contenance":601},"geometry":{"type":"MultiPolygon","coordinates":[[[[438354.0,6710775.03],[438350.58,6710775.32],[438347.73,6710775.56],[438342.15,6710776.05],[438334.1,6710776.77],[438334.5,6710781.37],[438335.14,6710788.79],[438336.68,6710806.71],[438346.11,6710805.7],[438356.94,6710804.55],[438355.83,6710793.39],[438355.75,6710792.62],[438355.37,6710788.8],[438355.15,6710786.63],[438354.0,6710775.03]]]]}},{"type":"Feature","properties":{"idu":"49353000AV0203","section":"AV","numero":"0203","libelle":"AV 0203","code_insee":"49353","commune":"Trélazé","contenance":848},"geometry":{"type":"MultiPolygon","coordinates":[[[[438362.62,6710774.3],[438357.82,6710774.61],[438354.0,6710775.03],[438355.15,6710786.63],[438355.37,6710788.8],[438355.75,6710792.62],[438355.83,6710793.39],[438356.94,6710804.55],[438358.1,6710815.94],[438358.73,6710822.02],[438370.23,6710820.61],[438380.03,6710819.39],[438379.2,6710813.11],[438378.3,6710806.47],[438374.82,6710806.9],[438373.6,6710798.66],[438372.73,6710792.63],[438372.54,6710791.41],[438372.07,6710788.33],[438371.53,6710784.8],[438371.3,6710783.28],[438370.94,6710780.83],[438369.79,6710773.64],[438362.62,6710774.3]]]]}},{"type":"Feature","properties":{"idu":"49353000AV0204","section":"AV","numero":"0204","libelle":"AV 0204","code_insee":"49353","commune":"Trélazé","contenance":315},"geometry":{"type":"MultiPolygon","coordinates":[[[[438372.73,6710792.63],[438374.91,6710792.35],[438375.87,6710792.25],[438375.79,6710791.57],[438380.83,6710790.96],[438381.03,6710792.38],[438385.12,6710791.84],[438385.86,6710791.74],[438389.25,6710791.3],[438387.99,6710782.58],[438387.43,6710778.54],[438386.59,6710772.42],[438382.43,6710772.72],[438375.6,6710773.18],[438369.79,6710773.64],[438370.94,6710780.83],[438371.3,6710783.28],[438371.53,6710784.8],[438372.07,6710788.33],[438372.54,6710791.41],[438372.73,6710792.63]]]]}},{"type":"Feature","properties":{"idu":"49353000AV0207","section":"AV","numero":"0207","libelle":"AV 0207","code_insee":"49353","commune":"Trélazé","contenance":697},"geometry":{"type":"MultiPolygon","coordinates":[[[[438393.41,6710771.89],[438390.44,6710772.13],[438386.59,6710772.42],[438387.43,6710778.54],[438387.99,6710782.58],[438389.25,6710791.3],[438390.11,6710797.15],[438392.16,6710811.37],[438393.06,6710817.63],[438402.34,6710816.31],[438408.08,6710815.5],[438405.63,6710796.28],[438404.11,6710784.59],[438404.03,6710783.98],[438402.85,6710774.92],[438407.43,6710774.19],[438407.13,6710770.77],[438402.43,6710771.13],[438397.88,6710771.55],[438398.24,6710775.81],[438393.92,6710776.27],[438393.41,6710771.89]]]]}},{"type":"Feature","properties":{"idu":"49353000AV0210","section":"AV","numero":"0210","libelle":"AV 0210","code_insee":"49353","commune":"Trélazé","contenance":40},"geometry":{"type":"MultiPolygon","coordinates":[[[[438488.23,6710757.18],[438495.07,6710756.75],[438499.34,6710756.48],[438499.41,6710754.2],[438495.55,6710752.92],[438490.32,6710751.19],[438489.85,6710752.66],[438488.23,6710757.18]]]]}},{"type":"Feature","properties":{"idu":"49353000AV0211","section":"AV","numero":"0211","libelle":"AV 0211","code_insee":"49353","commune":"Trélazé","contenance":89},"geometry":{"type":"MultiPolygon","coordinates":[[[[438476.92,6710757.88],[438488.23,6710757.18],[438489.85,6710752.66],[438490.32,6710751.19],[438485.78,6710749.67],[438479.95,6710747.72],[438478.89,6710754.97],[438477.12,6710754.92],[438476.92,6710757.88]]]]}},{"type":"Feature","properties":{"idu":"49353000AV0212","section":"AV","numero":"0212","libelle":"AV 0212","code_insee":"49353","commune":"Trélazé","contenance":59},"geometry":{"type":"MultiPolygon","coordinates":[[[[438479.95,6710747.72],[438475.19,6710746.1],[438472.17,6710755.21],[438472.52,6710758.12],[438476.92,6710757.88],[438477.12,6710754.92],[438478.89,6710754.97],[438479.95,6710747.72]]]]}},{"type":"Feature","properties":{"idu":"49353000AV0217","section":"AV","numero":"0217","libelle":"AV 0217","code_insee":"49353","commune":"Trélazé","contenance":282},"geometry":{"type":"MultiPolygon","coordinates":[[[[438400.7,6710762.44],[438408.52,6710761.97],[438411.74,6710761.77],[438411.18,6710757.99],[438409.91,6710749.08],[438408.91,6710742.12],[438410.4,6710730.33],[438410.62,6710728.58],[438411.11,6710724.77],[438405.06,6710722.77],[438404.3,6710729.66],[438403.02,6710741.56],[438403.0,6710741.66],[438400.7,6710762.44]]]]}},{"type":"Feature","properties":{"idu":"49353000AV0218","section":"AV","numero":"0218","libelle":"AV 0218","code_insee":"49353","commune":"Trélazé","contenance":912},"geometry":{"type":"MultiPolygon","coordinates":[[[[438383.5,6710763.52],[438386.7,6710763.21],[438396.67,6710762.65],[438400.7,6710762.44],[438403.0,6710741.66],[438403.02,6710741.56],[438404.3,6710729.66],[438405.06,6710722.77],[438392.68,6710718.53],[438383.6,6710715.46],[438381.79,6710720.31],[438381.97,6710725.63],[438382.13,6710729.6],[438382.32,6710734.6],[438382.41,6710736.81],[438382.65,6710742.48],[438382.76,6710745.16],[438382.89,6710748.31],[438382.97,6710750.15],[438383.5,6710763.52]]]]}},{"type":"Feature","properties":{"idu":"49353000AV0219","section":"AV","numero":"0219","libelle":"AV 0219","code_insee":"49353","commune":"Trélazé","contenance":623},"geometry":{"type":"MultiPolygon","coordinates":[[[[438382.41,6710736.81],[438372.3,6710737.22],[438368.31,6710737.38],[438361.01,6710737.67],[438361.08,6710749.9],[438359.63,6710749.99],[438360.19,6710765.79],[438361.79,6710765.67],[438364.23,6710765.48],[438367.45,6710765.15],[438369.04,6710764.99],[438374.08,6710764.48],[438383.5,6710763.52],[438382.97,6710750.15],[438382.89,6710748.31],[438382.76,6710745.16],[438382.65,6710742.48],[438382.41,6710736.81]]]]}},{"type":"Feature","properties":{"idu":"49353000AV0220","section":"AV","numero":"0220","libelle":"AV 0220","code_insee":"49353","commune":"Trélazé","contenance":553},"geometry":{"type":"MultiPolygon","coordinates":[[[[438383.6,6710715.46],[438371.05,6710711.21],[438369.4,6710710.65],[438364.78,6710709.06],[438360.95,6710707.73],[438360.93,6710718.5],[438360.94,6710721.51],[438361.01,6710737.67],[438368.31,6710737.38],[438372.3,6710737.22],[438382.41,6710736.81],[438382.32,6710734.6],[438382.13,6710729.6],[438381.97,6710725.63],[438381.79,6710720.31],[438383.6,6710715.46]]]]}},{"type":"Feature","properties":{"idu":"49353000AV0222","section":"AV","numero":"0222","libelle":"AV 0222","code_insee":"49353","commune":"Trélazé","contenance":400},"geometry":{"type":"MultiPolygon","coordinates":[[[[438342.33,6710723.56],[438350.29,6710722.05],[438350.33,6710721.3],[438350.44,6710718.82],[438357.98,6710718.59],[438359.0,6710718.56],[438360.08,6710718.52],[438360.06,6710717.7],[438360.04,6710717.33],[438359.91,6710711.98],[438359.77,6710707.32],[438354.68,6710705.62],[438345.51,6710702.6],[438335.01,6710699.22],[438335.17,6710708.9],[438335.28,6710715.49],[438341.24,6710715.32],[438341.43,6710718.86],[438341.96,6710718.82],[438342.33,6710723.56]]]]}},{"type":"Feature","properties":{"idu":"49353000AV0223","section":"AV","numero":"0223","libelle":"AV 0223","code_insee":"49353","commune":"Trélazé","contenance":853},"geometry":{"type":"MultiPolygon","coordinates":[[[[438344.47,6710767.32],[438344.44,6710763.71],[438344.43,6710762.6],[438344.42,6710761.63],[438344.33,6710753.28],[438343.66,6710741.86],[438342.33,6710723.56],[438341.96,6710718.82],[438341.43,6710718.86],[438341.24,6710715.32],[438335.28,6710715.49],[438335.29,6710716.21],[438333.4,6710716.18],[438329.25,6710716.13],[438325.78,6710716.07],[438326.08,6710721.32],[438326.58,6710729.96],[438327.07,6710738.35],[438327.46,6710746.8],[438327.48,6710747.31],[438327.49,6710747.49],[438327.87,6710754.3],[438328.49,6710765.04],[438328.82,6710768.56],[438334.01,6710768.13],[438338.89,6710767.76],[438340.04,6710767.67],[438344.47,6710767.32]]]]}},{"type":"Feature","properties":{"idu":"49353000AV0225","section":"AV","numero":"0225","libelle":"AV 0225","code_insee":"49353","commune":"Trélazé","contenance":424},"geometry":{"type":"MultiPolygon","coordinates":[[[[438304.7,6710751.82],[438300.67,6710752.59],[438298.26,6710753.05],[438296.33,6710753.42],[438294.63,6710753.73],[438290.44,6710754.51],[438286.61,6710755.22],[438284.36,6710755.64],[438283.64,6710755.81],[438283.59,6710756.23],[438281.3,6710755.84],[438280.65,6710755.59],[438281.37,6710759.0],[438282.01,6710763.25],[438282.5,6710766.49],[438282.79,6710769.08],[438283.16,6710772.26],[438289.04,6710771.77],[438294.77,6710771.31],[438295.79,6710771.23],[438307.3,6710770.29],[438306.86,6710767.11],[438306.26,6710762.77],[438305.91,6710760.28],[438305.67,6710758.59],[438305.26,6710755.79],[438304.7,6710751.82]]]]}},{"type":"Feature","properties":{"idu":"49353000AV0227","section":"AV","numero":"0227","libelle":"AV 0227","code_insee":"49353","commune":"Trélazé","contenance":489},"geometry":{"type":"MultiPolygon","coordinates":[[[[438306.32,6710689.74],[438291.57,6710684.83],[438288.53,6710683.82],[438285.63,6710685.52],[438282.97,6710693.56],[438282.78,6710694.12],[438280.55,6710700.87],[438278.98,6710705.63],[438293.72,6710710.38],[438295.68,6710711.01],[438298.89,6710712.05],[438300.55,6710707.16],[438302.32,6710702.0],[438306.32,6710689.74]]]]}},{"type":"Feature","properties":{"idu":"49353000AV0228","section":"AV","numero":"0228","libelle":"AV 0228","code_insee":"49353","commune":"Trélazé","contenance":499},"geometry":{"type":"MultiPolygon","coordinates":[[[[438278.98,6710705.63],[438277.41,6710710.42],[438276.89,6710712.0],[438271.55,6710728.03],[438276.23,6710729.62],[438281.48,6710731.41],[438291.29,6710734.73],[438294.88,6710724.09],[438297.24,6710716.99],[438298.89,6710712.05],[438295.68,6710711.01],[438293.72,6710710.38],[438278.98,6710705.63]]]]}},{"type":"Feature","properties":{"idu":"49353000AV0229","section":"AV","numero":"0229","libelle":"AV 0229","code_insee":"49353","commune":"Trélazé","contenance":481},"geometry":{"type":"MultiPolygon","coordinates":[[[[438271.55,6710728.03],[438267.01,6710741.41],[438266.21,6710743.77],[438265.77,6710745.06],[438264.13,6710749.92],[438272.95,6710753.0],[438278.72,6710754.94],[438280.65,6710755.59],[438281.3,6710755.84],[438283.59,6710756.23],[438283.64,6710755.81],[438284.36,6710755.64],[438286.15,6710750.35],[438286.65,6710748.91],[438291.29,6710734.73],[438281.48,6710731.41],[438276.23,6710729.62],[438271.55,6710728.03]]]]}},{"type":"Feature","properties":{"idu":"49353000AV0230","section":"AV","numero":"0230","libelle":"AV 0230","code_insee":"49353","commune":"Trélazé","contenance":459},"geometry":{"type":"MultiPolygon","coordinates":[[[[438280.65,6710755.59],[438278.72,6710754.94],[438272.95,6710753.0],[438264.13,6710749.92],[438262.57,6710754.63],[438259.79,6710763.05],[438256.56,6710773.02],[438257.74,6710774.39],[438273.18,6710773.12],[438280.17,6710772.52],[438283.16,6710772.26],[438282.79,6710769.08],[438282.5,6710766.49],[438282.01,6710763.25],[438281.37,6710759.0],[438280.65,6710755.59]]]]}},{"type":"Feature","properties":{"idu":"49353000AV0232","section":"AV","numero":"0232","libelle":"AV 0232","code_insee":"49353","commune":"Trélazé","contenance":123},"geometry":{"type":"MultiPolygon","coordinates":[[[[438840.37,6710911.6],[438840.21,6710909.7],[438837.65,6710909.91],[438837.55,6710908.37],[438846.69,6710907.75],[438846.27,6710902.22],[438842.94,6710902.55],[438842.8,6710900.71],[438835.15,6710901.18],[438835.64,6710908.26],[438834.86,6710908.32],[438835.01,6710909.81],[438835.25,6710912.0],[438840.37,6710911.6]]]]}},{"type":"Feature","properties":{"idu":"49353000AV0235","section":"AV","numero":"0235","libelle":"AV 0235","code_insee":"49353","commune":"Trélazé","contenance":255},"geometry":{"type":"MultiPolygon","coordinates":[[[[438833.1,6710893.17],[438834.12,6710909.98],[438833.95,6710910.01],[438834.12,6710912.08],[438835.25,6710912.0],[438835.01,6710909.81],[438834.86,6710908.32],[438835.64,6710908.26],[438835.15,6710901.18],[438842.8,6710900.71],[438842.94,6710902.55],[438846.27,6710902.22],[438846.69,6710907.75],[438837.55,6710908.37],[438837.65,6710909.91],[438840.21,6710909.7],[438840.37,6710911.6],[438846.95,6710911.08],[438853.16,6710910.57],[438852.31,6710899.22],[438851.78,6710891.75],[438833.1,6710893.17]]]]}},{"type":"Feature","properties":{"idu":"49353000AV0239","section":"AV","numero":"0239","libelle":"AV 0239","code_insee":"49353","commune":"Trélazé","contenance":1165},"geometry":{"type":"MultiPolygon","coordinates":[[[[439097.36,6710924.47],[439117.16,6710926.19],[439146.7,6710928.74],[439146.66,6710924.63],[439146.64,6710921.34],[439146.68,6710918.45],[439146.66,6710916.78],[439146.71,6710915.77],[439146.66,6710914.78],[439146.61,6710913.41],[439146.46,6710910.85],[439146.3,6710907.76],[439146.25,6710904.65],[439133.21,6710903.53],[439130.01,6710903.25],[439119.99,6710902.38],[439106.92,6710901.24],[439097.75,6710900.43],[439097.6,6710910.94],[439097.58,6710911.86],[439097.46,6710919.05],[439097.36,6710924.47]]]]}},{"type":"Feature","properties":{"idu":"49353000AV0240","section":"AV","numero":"0240","libelle":"AV 0240","code_insee":"49353","commune":"Trélazé","contenance":1168},"geometry":{"type":"MultiPolygon","coordinates":[[[[439096.85,6710948.42],[439116.53,6710949.93],[439117.03,6710949.98],[439132.02,6710951.15],[439147.19,6710952.33],[439147.09,6710946.4],[439146.92,6710939.21],[439146.82,6710933.41],[439146.7,6710928.74],[439117.16,6710926.19],[439097.36,6710924.47],[439097.03,6710937.74],[439096.85,6710948.42]]]]}},{"type":"Feature","properties":{"idu":"49353000AV0241","section":"AV","numero":"0241","libelle":"AV 0241","code_insee":"49353","commune":"Trélazé","contenance":1175},"geometry":{"type":"MultiPolygon","coordinates":[[[[439096.85,6710948.42],[439096.63,6710956.62],[439096.48,6710963.91],[439096.31,6710972.23],[439112.05,6710973.05],[439131.32,6710974.16],[439148.91,6710975.25],[439148.59,6710970.51],[439148.21,6710965.06],[439147.82,6710960.45],[439147.44,6710956.09],[439147.28,6710953.53],[439147.19,6710952.33],[439132.02,6710951.15],[439117.03,6710949.98],[439116.53,6710949.93],[439096.85,6710948.42]]]]}},{"type":"Feature","properties":{"idu":"49353000AV0242","section":"AV","numero":"0242","libelle":"AV 0242","code_insee":"49353","commune":"Trélazé","contenance":405},"geometry":{"type":"MultiPolygon","coordinates":[[[[439096.31,6710972.23],[439096.3,6710972.81],[439096.15,6710980.27],[439111.96,6710980.73],[439129.67,6710981.21],[439149.41,6710981.64],[439149.22,6710979.09],[439148.91,6710975.25],[439131.32,6710974.16],[439112.05,6710973.05],[439096.31,6710972.23]]]]}},{"type":"Feature","properties":{"idu":"49353000AV0245","section":"AV","numero":"0245","libelle":"AV 0245","code_insee":"49353","commune":"Trélazé","contenance":296},"geometry":{"type":"MultiPolygon","coordinates":[[[[439044.35,6710792.09],[439040.17,6710814.15],[439038.27,6710823.97],[439045.94,6710825.42],[439047.91,6710815.41],[439050.17,6710804.2],[439051.88,6710795.59],[439052.91,6710790.55],[439044.89,6710789.12],[439044.35,6710792.09]]]]}},{"type":"Feature","properties":{"idu":"49353000AV0246","section":"AV","numero":"0246","libelle":"AV 0246","code_insee":"49353","commune":"Trélazé","contenance":17},"geometry":{"type":"MultiPolygon","coordinates":[[[[439045.55,6710785.75],[439044.89,6710789.12],[439052.91,6710790.55],[439053.5,6710787.28],[439045.55,6710785.75]]]]}},{"type":"Feature","properties":{"idu":"49353000AV0249","section":"AV","numero":"0249","libelle":"AV 0249","code_insee":"49353","commune":"Trélazé","contenance":10},"geometry":{"type":"MultiPolygon","coordinates":[[[[438275.43,6710811.98],[438276.35,6710809.49],[438276.63,6710805.52],[438274.84,6710805.27],[438274.09,6710812.01],[438275.43,6710811.98]]]]}},{"type":"Feature","properties":{"idu":"49353000AV0251","section":"AV","numero":"0251","libelle":"AV 0251","code_insee":"49353","commune":"Trélazé","contenance":22},"geometry":{"type":"MultiPolygon","coordinates":[[[[438272.31,6710782.26],[438270.66,6710782.37],[438270.94,6710785.91],[438271.57,6710793.6],[438271.62,6710794.87],[438272.72,6710794.72],[438273.25,6710794.73],[438273.36,6710794.7],[438272.92,6710793.48],[438272.65,6710789.01],[438272.49,6710785.82],[438272.31,6710782.26]]]]}},{"type":"Feature","properties":{"idu":"49353000AV0256","section":"AV","numero":"0256","libelle":"AV 0256","code_insee":"49353","commune":"Trélazé","contenance":4},"geometry":{"type":"MultiPolygon","coordinates":[[[[438290.83,6710823.2],[438293.85,6710820.67],[438293.36,6710820.18],[438293.19,6710820.02],[438290.24,6710822.47],[438290.83,6710823.2]]]]}},{"type":"Feature","properties":{"idu":"49353000AV0257","section":"AV","numero":"0257","libelle":"AV 0257","code_insee":"49353","commune":"Trélazé","contenance":23},"geometry":{"type":"MultiPolygon","coordinates":[[[[438294.81,6710827.82],[438296.37,6710826.29],[438297.14,6710825.55],[438297.36,6710825.34],[438297.9,6710824.86],[438297.66,6710824.61],[438296.31,6710823.2],[438293.85,6710820.67],[438290.83,6710823.2],[438294.81,6710827.82]]]]}},{"type":"Feature","properties":{"idu":"49353000AV0258","section":"AV","numero":"0258","libelle":"AV 0258","code_insee":"49353","commune":"Trélazé","contenance":74},"geometry":{"type":"MultiPolygon","coordinates":[[[[438280.97,6710792.94],[438282.96,6710793.39],[438285.43,6710793.96],[438285.89,6710787.21],[438286.33,6710781.04],[438279.44,6710781.65],[438279.7,6710785.38],[438279.73,6710785.84],[438280.75,6710792.82],[438280.97,6710792.94]]]]}},{"type":"Feature","properties":{"idu":"49353000AV0259","section":"AV","numero":"0259","libelle":"AV 0259","code_insee":"49353","commune":"Trélazé","contenance":46},"geometry":{"type":"MultiPolygon","coordinates":[[[[438280.97,6710792.94],[438280.75,6710792.82],[438279.73,6710785.84],[438279.7,6710785.38],[438279.44,6710781.65],[438275.32,6710782.02],[438275.65,6710785.62],[438276.34,6710793.23],[438276.52,6710795.1],[438280.58,6710795.6],[438280.78,6710794.07],[438280.97,6710792.94]]]]}},{"type":"Feature","properties":{"idu":"49353000AV0260","section":"AV","numero":"0260","libelle":"AV 0260","code_insee":"49353","commune":"Trélazé","contenance":42},"geometry":{"type":"MultiPolygon","coordinates":[[[[438273.36,6710794.7],[438276.52,6710795.1],[438276.34,6710793.23],[438275.65,6710785.62],[438275.32,6710782.02],[438272.31,6710782.26],[438272.49,6710785.82],[438272.65,6710789.01],[438272.92,6710793.48],[438273.36,6710794.7]]]]}},{"type":"Feature","properties":{"idu":"49353000AV0261","section":"AV","numero":"0261","libelle":"AV 0261","code_insee":"49353","commune":"Trélazé","contenance":65},"geometry":{"type":"MultiPolygon","coordinates":[[[[438273.36,6710794.7],[438272.5,6710800.5],[438272.37,6710801.57],[438274.82,6710801.86],[438280.26,6710802.54],[438280.36,6710801.98],[438280.52,6710801.41],[438280.63,6710800.96],[438280.74,6710800.59],[438280.8,6710800.15],[438280.88,6710799.76],[438280.87,6710799.13],[438280.81,6710797.71],[438280.58,6710795.6],[438276.52,6710795.1],[438273.36,6710794.7]]]]}},{"type":"Feature","properties":{"idu":"49353000AV0263","section":"AV","numero":"0263","libelle":"AV 0263","code_insee":"49353","commune":"Trélazé","contenance":79},"geometry":{"type":"MultiPolygon","coordinates":[[[[438274.7,6710802.81],[438275.09,6710802.83],[438274.84,6710805.27],[438276.63,6710805.52],[438278.75,6710805.87],[438279.86,6710810.25],[438284.92,6710816.2],[438290.24,6710822.47],[438293.19,6710820.02],[438288.6,6710815.34],[438287.06,6710813.76],[438285.61,6710812.33],[438282.2,6710808.94],[438281.57,6710807.81],[438280.66,6710806.18],[438279.96,6710806.07],[438280.26,6710802.54],[438274.82,6710801.86],[438274.7,6710802.81]]]]}},{"type":"Feature","properties":{"idu":"49353000AV0266","section":"AV","numero":"0266","libelle":"AV 0266","code_insee":"49353","commune":"Trélazé","contenance":34},"geometry":{"type":"MultiPolygon","coordinates":[[[[438291.25,6710780.55],[438288.12,6710780.85],[438288.23,6710783.37],[438288.38,6710786.95],[438288.44,6710791.12],[438291.43,6710790.87],[438291.35,6710789.98],[438292.01,6710789.96],[438291.47,6710783.11],[438291.25,6710780.55]]]]}},{"type":"Feature","properties":{"idu":"49353000AV0267","section":"AV","numero":"0267","libelle":"AV 0267","code_insee":"49353","commune":"Trélazé","contenance":93},"geometry":{"type":"MultiPolygon","coordinates":[[[[438288.52,6710807.56],[438288.73,6710807.59],[438289.3,6710804.37],[438293.17,6710804.87],[438293.8,6710798.37],[438294.02,6710796.18],[438294.28,6710793.71],[438289.78,6710793.21],[438289.22,6710796.71],[438286.03,6710796.35],[438285.62,6710799.28],[438286.09,6710799.41],[438284.99,6710806.94],[438288.52,6710807.56]]]]}},{"type":"Feature","properties":{"idu":"49353000AV0271","section":"AV","numero":"0271","libelle":"AV 0271","code_insee":"49353","commune":"Trélazé","contenance":217},"geometry":{"type":"MultiPolygon","coordinates":[[[[438830.33,6710866.41],[438810.19,6710867.69],[438810.94,6710882.84],[438816.93,6710882.38],[438816.34,6710875.0],[438835.13,6710873.37],[438834.84,6710869.03],[438830.47,6710869.35],[438830.42,6710868.32],[438830.33,6710866.41]]]]}},{"type":"Feature","properties":{"idu":"49353000AV0275","section":"AV","numero":"0275","libelle":"AV 0275","code_insee":"49353","commune":"Trélazé","contenance":417},"geometry":{"type":"MultiPolygon","coordinates":[[[[439156.83,6711052.89],[439156.83,6711051.39],[439156.73,6711047.35],[439156.57,6711043.21],[439156.48,6711041.0],[439144.14,6711040.7],[439132.73,6711040.48],[439124.84,6711040.31],[439121.48,6711040.23],[439121.21,6711052.18],[439124.47,6711052.24],[439137.16,6711052.48],[439144.36,6711052.63],[439152.27,6711052.79],[439156.83,6711052.89]]]]}},{"type":"Feature","properties":{"idu":"49353000AV0276","section":"AV","numero":"0276","libelle":"AV 0276","code_insee":"49353","commune":"Trélazé","contenance":282},"geometry":{"type":"MultiPolygon","coordinates":[[[[439121.21,6711052.18],[439121.0,6711060.19],[439124.22,6711060.24],[439132.21,6711060.38],[439144.13,6711060.62],[439144.62,6711060.64],[439152.02,6711060.78],[439156.7,6711060.87],[439156.78,6711057.93],[439156.79,6711055.22],[439156.83,6711052.89],[439152.27,6711052.79],[439144.36,6711052.63],[439137.16,6711052.48],[439124.47,6711052.24],[439121.21,6711052.18]]]]}},{"type":"Feature","properties":{"idu":"49353000AV0277","section":"AV","numero":"0277","libelle":"AV 0277","code_insee":"49353","commune":"Trélazé","contenance":286},"geometry":{"type":"MultiPolygon","coordinates":[[[[439121.0,6711060.19],[439120.8,6711068.06],[439123.99,6711068.15],[439137.74,6711068.54],[439143.88,6711068.66],[439151.84,6711068.82],[439156.31,6711068.85],[439156.42,6711066.77],[439156.59,6711063.35],[439156.7,6711060.87],[439152.02,6711060.78],[439144.62,6711060.64],[439144.13,6711060.62],[439132.21,6711060.38],[439124.22,6711060.24],[439121.0,6711060.19]]]]}},{"type":"Feature","properties":{"idu":"49353000AV0278","section":"AV","numero":"0278","libelle":"AV 0278","code_insee":"49353","commune":"Trélazé","contenance":283},"geometry":{"type":"MultiPolygon","coordinates":[[[[439156.31,6711068.85],[439151.84,6711068.82],[439143.88,6711068.66],[439137.74,6711068.54],[439123.99,6711068.15],[439120.8,6711068.06],[439120.75,6711070.61],[439120.64,6711075.81],[439123.78,6711075.93],[439139.33,6711076.48],[439143.65,6711076.62],[439151.51,6711076.87],[439155.72,6711077.0],[439156.1,6711072.17],[439156.31,6711068.85]]]]}},{"type":"Feature","properties":{"idu":"49353000AV0279","section":"AV","numero":"0279","libelle":"AV 0279","code_insee":"49353","commune":"Trélazé","contenance":420},"geometry":{"type":"MultiPolygon","coordinates":[[[[439120.34,6711087.8],[439123.44,6711087.88],[439134.11,6711088.14],[439155.04,6711088.7],[439155.33,6711083.0],[439155.72,6711077.0],[439151.51,6711076.87],[439143.65,6711076.62],[439139.33,6711076.48],[439123.78,6711075.93],[439120.64,6711075.81],[439120.54,6711079.95],[439120.49,6711081.66],[439120.37,6711085.84],[439120.34,6711087.8]]]]}},{"type":"Feature","properties":{"idu":"49353000AV0280","section":"AV","numero":"0280","libelle":"AV 0280","code_insee":"49353","commune":"Trélazé","contenance":413},"geometry":{"type":"MultiPolygon","coordinates":[[[[439120.34,6711087.8],[439120.25,6711092.57],[439120.17,6711095.56],[439120.11,6711097.36],[439120.08,6711099.45],[439123.08,6711099.54],[439134.42,6711099.92],[439135.87,6711099.96],[439139.05,6711100.09],[439146.81,6711100.36],[439154.2,6711100.62],[439154.67,6711094.66],[439155.04,6711088.7],[439134.11,6711088.14],[439123.44,6711087.88],[439120.34,6711087.8]]]]}},{"type":"Feature","properties":{"idu":"49353000AV0281","section":"AV","numero":"0281","libelle":"AV 0281","code_insee":"49353","commune":"Trélazé","contenance":273},"geometry":{"type":"MultiPolygon","coordinates":[[[[439120.08,6711099.45],[439119.97,6711103.56],[439119.88,6711107.69],[439135.55,6711108.03],[439136.58,6711108.05],[439138.79,6711108.08],[439146.59,6711108.21],[439153.89,6711108.32],[439153.99,6711106.02],[439154.05,6711104.17],[439154.2,6711100.62],[439146.81,6711100.36],[439139.05,6711100.09],[439135.87,6711099.96],[439134.42,6711099.92],[439123.08,6711099.54],[439120.08,6711099.45]]]]}},{"type":"Feature","properties":{"idu":"49353000AV0282","section":"AV","numero":"0282","libelle":"AV 0282","code_insee":"49353","commune":"Trélazé","contenance":269},"geometry":{"type":"MultiPolygon","coordinates":[[[[439119.7,6711115.44],[439122.65,6711115.5],[439133.72,6711115.71],[439138.54,6711115.8],[439146.37,6711115.95],[439153.35,6711116.07],[439153.67,6711112.35],[439153.89,6711108.32],[439146.59,6711108.21],[439138.79,6711108.08],[439136.58,6711108.05],[439135.55,6711108.03],[439119.88,6711107.69],[439119.8,6711111.47],[439119.7,6711115.44]]]]}},{"type":"Feature","properties":{"idu":"49353000AV0283","section":"AV","numero":"0283","libelle":"AV 0283","code_insee":"49353","commune":"Trélazé","contenance":266},"geometry":{"type":"MultiPolygon","coordinates":[[[[439119.7,6711115.44],[439119.58,6711119.19],[439119.48,6711123.06],[439132.94,6711123.43],[439138.3,6711123.62],[439146.13,6711123.91],[439152.62,6711124.13],[439153.16,6711118.46],[439153.35,6711116.07],[439146.37,6711115.95],[439138.54,6711115.8],[439133.72,6711115.71],[439122.65,6711115.5],[439119.7,6711115.44]]]]}},{"type":"Feature","properties":{"idu":"49353000AV0284","section":"AV","numero":"0284","libelle":"AV 0284","code_insee":"49353","commune":"Trélazé","contenance":455},"geometry":{"type":"MultiPolygon","coordinates":[[[[439152.62,6711124.13],[439146.13,6711123.91],[439138.3,6711123.62],[439132.94,6711123.43],[439119.48,6711123.06],[439119.51,6711123.25],[439130.79,6711134.19],[439133.34,6711136.66],[439133.79,6711137.08],[439147.07,6711149.83],[439147.66,6711149.26],[439148.38,6711148.59],[439149.0,6711147.72],[439149.42,6711147.32],[439150.04,6711146.36],[439150.46,6711145.61],[439150.74,6711144.88],[439151.03,6711143.94],[439151.18,6711143.15],[439151.29,6711142.07],[439151.42,6711140.43],[439151.71,6711136.63],[439151.93,6711133.08],[439152.19,6711129.69],[439152.43,6711126.45],[439152.62,6711124.13]]]]}},{"type":"Feature","properties":{"idu":"49353000AV0285","section":"AV","numero":"0285","libelle":"AV 0285","code_insee":"49353","commune":"Trélazé","contenance":432},"geometry":{"type":"MultiPolygon","coordinates":[[[[439122.08,6711154.38],[439124.12,6711154.11],[439126.22,6711153.79],[439131.99,6711152.97],[439138.35,6711151.99],[439142.41,6711151.3],[439146.07,6711150.75],[439147.07,6711149.83],[439133.79,6711137.08],[439133.34,6711136.66],[439130.79,6711134.19],[439119.51,6711123.25],[439118.9,6711122.95],[439118.35,6711122.61],[439117.93,6711122.59],[439118.42,6711126.26],[439119.71,6711135.75],[439120.53,6711142.14],[439121.53,6711150.02],[439122.08,6711154.38]]]]}},{"type":"Feature","properties":{"idu":"49353000AV0286","section":"AV","numero":"0286","libelle":"AV 0286","code_insee":"49353","commune":"Trélazé","contenance":252},"geometry":{"type":"MultiPolygon","coordinates":[[[[439114.09,6711155.38],[439122.08,6711154.38],[439121.53,6711150.02],[439120.53,6711142.14],[439119.71,6711135.75],[439118.42,6711126.26],[439117.93,6711122.59],[439114.06,6711123.16],[439109.92,6711123.77],[439111.8,6711138.04],[439112.02,6711139.6],[439112.48,6711143.11],[439113.52,6711150.98],[439114.09,6711155.38]]]]}},{"type":"Feature","properties":{"idu":"49353000AV0287","section":"AV","numero":"0287","libelle":"AV 0287","code_insee":"49353","commune":"Trélazé","contenance":252},"geometry":{"type":"MultiPolygon","coordinates":[[[[439102.2,6711124.94],[439102.62,6711128.33],[439104.0,6711139.18],[439104.65,6711144.07],[439105.66,6711151.91],[439106.24,6711156.39],[439109.95,6711155.91],[439114.09,6711155.38],[439113.52,6711150.98],[439112.48,6711143.11],[439112.02,6711139.6],[439111.8,6711138.04],[439109.92,6711123.77],[439105.68,6711124.42],[439102.2,6711124.94]]]]}},{"type":"Feature","properties":{"idu":"49353000AV0288","section":"AV","numero":"0288","libelle":"AV 0288","code_insee":"49353","commune":"Trélazé","contenance":378},"geometry":{"type":"MultiPolygon","coordinates":[[[[439102.2,6711124.94],[439098.22,6711125.51],[439090.46,6711126.58],[439092.69,6711144.67],[439094.39,6711157.95],[439099.19,6711157.32],[439103.66,6711156.65],[439106.24,6711156.39],[439105.66,6711151.91],[439104.65,6711144.07],[439104.0,6711139.18],[439102.62,6711128.33],[439102.2,6711124.94]]]]}},{"type":"Feature","properties":{"idu":"49353000AV0289","section":"AV","numero":"0289","libelle":"AV 0289","code_insee":"49353","commune":"Trélazé","contenance":378},"geometry":{"type":"MultiPolygon","coordinates":[[[[439082.7,6711159.46],[439088.58,6711158.75],[439094.39,6711157.95],[439092.69,6711144.67],[439090.46,6711126.58],[439082.04,6711127.71],[439078.34,6711128.21],[439078.75,6711131.16],[439080.44,6711143.1],[439081.07,6711147.7],[439082.13,6711155.34],[439082.7,6711159.46]]]]}},{"type":"Feature","properties":{"idu":"49353000AV0290","section":"AV","numero":"0290","libelle":"AV 0290","code_insee":"49353","commune":"Trélazé","contenance":252},"geometry":{"type":"MultiPolygon","coordinates":[[[[439075.09,6711160.45],[439082.7,6711159.46],[439082.13,6711155.34],[439081.07,6711147.7],[439080.44,6711143.1],[439078.75,6711131.16],[439078.34,6711128.21],[439074.44,6711128.77],[439070.69,6711129.31],[439071.11,6711132.34],[439072.62,6711143.12],[439073.4,6711148.61],[439074.49,6711156.24],[439075.09,6711160.45]]]]}},{"type":"Feature","properties":{"idu":"49353000AV0291","section":"AV","numero":"0291","libelle":"AV 0291","code_insee":"49353","commune":"Trélazé","contenance":252},"geometry":{"type":"MultiPolygon","coordinates":[[[[439075.09,6711160.45],[439074.49,6711156.24],[439073.4,6711148.61],[439072.62,6711143.12],[439071.11,6711132.34],[439070.69,6711129.31],[439062.66,6711130.56],[439063.11,6711133.58],[439065.05,6711146.37],[439065.49,6711149.55],[439066.55,6711157.18],[439067.14,6711161.45],[439075.09,6711160.45]]]]}},{"type":"Feature","properties":{"idu":"49353000AV0292","section":"AV","numero":"0292","libelle":"AV 0292","code_insee":"49353","commune":"Trélazé","contenance":252},"geometry":{"type":"MultiPolygon","coordinates":[[[[439059.32,6711162.46],[439067.14,6711161.45],[439066.55,6711157.18],[439065.49,6711149.55],[439065.05,6711146.37],[439063.11,6711133.58],[439062.66,6711130.56],[439058.92,6711131.11],[439054.83,6711131.7],[439056.8,6711144.98],[439056.96,6711146.06],[439057.1,6711147.02],[439058.38,6711155.92],[439058.69,6711158.09],[439059.32,6711162.46]]]]}},{"type":"Feature","properties":{"idu":"49353000AV0293","section":"AV","numero":"0293","libelle":"AV 0293","code_insee":"49353","commune":"Trélazé","contenance":269},"geometry":{"type":"MultiPolygon","coordinates":[[[[439050.96,6711162.53],[439053.68,6711162.7],[439055.83,6711162.77],[439057.02,6711162.65],[439058.38,6711162.61],[439059.32,6711162.46],[439058.69,6711158.09],[439058.38,6711155.92],[439057.1,6711147.02],[439056.96,6711146.06],[439056.8,6711144.98],[439054.83,6711131.7],[439054.38,6711128.67],[439050.64,6711129.22],[439047.1,6711129.62],[439046.72,6711129.78],[439048.89,6711146.83],[439049.18,6711149.01],[439050.22,6711156.97],[439050.96,6711162.53]]]]}},{"type":"Feature","properties":{"idu":"49353000AV0294","section":"AV","numero":"0294","libelle":"AV 0294","code_insee":"49353","commune":"Trélazé","contenance":325},"geometry":{"type":"MultiPolygon","coordinates":[[[[439042.11,6711128.82],[439041.33,6711132.39],[439040.73,6711135.22],[439038.67,6711144.7],[439035.54,6711159.32],[439038.2,6711160.32],[439040.82,6711161.28],[439042.45,6711161.94],[439043.4,6711162.17],[439044.01,6711162.2],[439045.75,6711162.31],[439048.23,6711162.43],[439050.96,6711162.53],[439050.22,6711156.97],[439049.18,6711149.01],[439048.89,6711146.83],[439046.72,6711129.78],[439045.18,6711129.63],[439042.11,6711128.82]]]]}},{"type":"Feature","properties":{"idu":"49353000AV0295","section":"AV","numero":"0295","libelle":"AV 0295","code_insee":"49353","commune":"Trélazé","contenance":324},"geometry":{"type":"MultiPolygon","coordinates":[[[[439035.54,6711159.32],[439038.67,6711144.7],[439040.73,6711135.22],[439041.33,6711132.39],[439042.11,6711128.82],[439039.29,6711128.02],[439038.05,6711127.16],[439033.6,6711133.93],[439030.79,6711138.08],[439029.46,6711140.04],[439028.07,6711142.08],[439023.85,6711148.29],[439021.3,6711152.04],[439027.49,6711156.37],[439031.25,6711157.74],[439035.54,6711159.32]]]]}},{"type":"Feature","properties":{"idu":"49353000AV0296","section":"AV","numero":"0296","libelle":"AV 0296","code_insee":"49353","commune":"Trélazé","contenance":244},"geometry":{"type":"MultiPolygon","coordinates":[[[[439014.61,6711147.55],[439021.3,6711152.04],[439023.85,6711148.29],[439028.07,6711142.08],[439029.46,6711140.04],[439030.79,6711138.08],[439033.6,6711133.93],[439038.05,6711127.16],[439034.88,6711124.87],[439035.07,6711124.45],[439031.79,6711122.19],[439030.07,6711124.75],[439023.06,6711135.22],[439021.52,6711137.48],[439017.21,6711143.75],[439014.61,6711147.55]]]]}},{"type":"Feature","properties":{"idu":"49353000AV0297","section":"AV","numero":"0297","libelle":"AV 0297","code_insee":"49353","commune":"Trélazé","contenance":250},"geometry":{"type":"MultiPolygon","coordinates":[[[[439008.22,6711143.13],[439014.61,6711147.55],[439017.21,6711143.75],[439021.52,6711137.48],[439023.06,6711135.22],[439030.07,6711124.75],[439031.79,6711122.19],[439029.57,6711120.6],[439028.66,6711119.95],[439025.48,6711117.7],[439016.85,6711130.47],[439015.09,6711133.04],[439010.79,6711139.35],[439008.22,6711143.13]]]]}},{"type":"Feature","properties":{"idu":"49353000AV0298","section":"AV","numero":"0298","libelle":"AV 0298","code_insee":"49353","commune":"Trélazé","contenance":248},"geometry":{"type":"MultiPolygon","coordinates":[[[[439019.12,6711113.14],[439017.27,6711115.83],[439010.62,6711125.59],[439008.61,6711128.57],[439004.3,6711134.9],[439001.79,6711138.61],[439008.22,6711143.13],[439010.79,6711139.35],[439015.09,6711133.04],[439016.85,6711130.47],[439025.48,6711117.7],[439023.49,6711116.23],[439022.0,6711115.18],[439019.12,6711113.14]]]]}},{"type":"Feature","properties":{"idu":"49353000AV0299","section":"AV","numero":"0299","libelle":"AV 0299","code_insee":"49353","commune":"Trélazé","contenance":327},"geometry":{"type":"MultiPolygon","coordinates":[[[[438989.24,6711129.46],[438990.2,6711130.6],[438991.89,6711131.84],[438994.44,6711133.59],[438997.4,6711135.61],[439001.79,6711138.61],[439004.3,6711134.9],[439008.61,6711128.57],[439010.62,6711125.59],[439017.27,6711115.83],[439019.12,6711113.14],[439015.91,6711110.88],[439015.73,6711110.76],[439016.26,6711108.79],[438999.02,6711121.97],[438992.59,6711126.89],[438989.24,6711129.46]]]]}},{"type":"Feature","properties":{"idu":"49353000AV0300","section":"AV","numero":"0300","libelle":"AV 0300","code_insee":"49353","commune":"Trélazé","contenance":404},"geometry":{"type":"MultiPolygon","coordinates":[[[[439018.54,6711102.48],[439015.48,6711103.41],[439003.38,6711107.07],[439002.7,6711107.28],[438999.94,6711108.12],[438992.33,6711110.45],[438984.21,6711112.92],[438984.54,6711116.61],[438984.73,6711119.87],[438984.89,6711121.67],[438984.92,6711122.46],[438984.98,6711123.17],[438985.12,6711123.79],[438985.24,6711124.29],[438985.49,6711124.82],[438986.07,6711125.66],[438987.13,6711127.03],[438988.38,6711128.44],[438989.24,6711129.46],[438992.59,6711126.89],[438999.02,6711121.97],[439016.26,6711108.79],[439016.62,6711107.24],[439019.59,6711106.25],[439018.54,6711102.48]]]]}},{"type":"Feature","properties":{"idu":"49353000AV0301","section":"AV","numero":"0301","libelle":"AV 0301","code_insee":"49353","commune":"Trélazé","contenance":291},"geometry":{"type":"MultiPolygon","coordinates":[[[[439018.54,6711102.48],[439017.38,6711098.67],[439016.27,6711095.01],[439013.22,6711095.94],[439012.99,6711095.27],[439009.29,6711096.37],[439009.52,6711097.13],[439002.56,6711099.25],[438999.84,6711100.07],[438997.68,6711100.72],[438990.0,6711102.99],[438983.63,6711104.87],[438983.89,6711108.11],[438984.14,6711111.35],[438984.21,6711112.92],[438992.33,6711110.45],[438999.94,6711108.12],[439002.7,6711107.28],[439003.38,6711107.07],[439015.48,6711103.41],[439018.54,6711102.48]]]]}},{"type":"Feature","properties":{"idu":"49353000AV0302","section":"AV","numero":"0302","libelle":"AV 0302","code_insee":"49353","commune":"Trélazé","contenance":269},"geometry":{"type":"MultiPolygon","coordinates":[[[[439016.27,6711095.01],[439015.15,6711091.36],[439013.94,6711087.35],[439010.82,6711088.29],[438997.99,6711092.15],[438995.33,6711092.93],[438987.55,6711095.22],[438982.47,6711096.7],[438982.83,6711098.46],[438983.09,6711099.68],[438983.24,6711101.13],[438983.44,6711102.51],[438983.6,6711104.06],[438983.63,6711104.87],[438990.0,6711102.99],[438997.68,6711100.72],[438999.84,6711100.07],[439002.56,6711099.25],[439009.52,6711097.13],[439009.29,6711096.37],[439012.99,6711095.27],[439013.22,6711095.94],[439016.27,6711095.01]]]]}},{"type":"Feature","properties":{"idu":"49353000AV0303","section":"AV","numero":"0303","libelle":"AV 0303","code_insee":"49353","commune":"Trélazé","contenance":265},"geometry":{"type":"MultiPolygon","coordinates":[[[[439011.6,6711079.64],[439009.93,6711080.15],[438999.48,6711083.35],[438997.51,6711083.95],[438992.9,6711085.38],[438988.22,6711086.81],[438985.22,6711087.75],[438980.37,6711089.24],[438981.74,6711093.96],[438982.47,6711096.7],[438987.55,6711095.22],[438995.33,6711092.93],[438997.99,6711092.15],[439010.82,6711088.29],[439013.94,6711087.35],[439012.77,6711083.5],[439011.6,6711079.64]]]]}},{"type":"Feature","properties":{"idu":"49353000AV0304","section":"AV","numero":"0304","libelle":"AV 0304","code_insee":"49353","commune":"Trélazé","contenance":277},"geometry":{"type":"MultiPolygon","coordinates":[[[[438977.47,6711081.44],[438980.23,6711088.61],[438980.37,6711089.24],[438985.22,6711087.75],[438988.22,6711086.81],[438992.9,6711085.38],[438997.51,6711083.95],[438999.48,6711083.35],[439009.93,6711080.15],[439011.6,6711079.64],[439012.79,6711079.3],[439010.4,6711071.51],[439007.01,6711072.53],[439006.36,6711072.72],[439003.49,6711073.59],[438996.66,6711075.63],[438996.16,6711075.78],[438993.05,6711076.73],[438985.77,6711078.93],[438977.47,6711081.44]]]]}},{"type":"Feature","properties":{"idu":"49353000AV0305","section":"AV","numero":"0305","libelle":"AV 0305","code_insee":"49353","commune":"Trélazé","contenance":284},"geometry":{"type":"MultiPolygon","coordinates":[[[[438977.47,6711081.44],[438985.77,6711078.93],[438993.05,6711076.73],[438996.16,6711075.78],[438996.66,6711075.63],[439003.49,6711073.59],[439006.36,6711072.72],[439007.01,6711072.53],[439010.4,6711071.51],[439008.12,6711064.07],[438994.85,6711068.16],[438990.79,6711069.42],[438983.51,6711071.63],[438974.7,6711074.32],[438977.47,6711081.44]]]]}},{"type":"Feature","properties":{"idu":"49353000AV0306","section":"AV","numero":"0306","libelle":"AV 0306","code_insee":"49353","commune":"Trélazé","contenance":278},"geometry":{"type":"MultiPolygon","coordinates":[[[[439008.12,6711064.07],[439007.45,6711061.77],[439002.47,6711058.61],[438999.09,6711056.44],[438997.49,6711058.81],[438988.39,6711061.58],[438981.08,6711063.8],[438971.55,6711066.7],[438972.12,6711067.86],[438974.7,6711074.32],[438983.51,6711071.63],[438990.79,6711069.42],[438994.85,6711068.16],[439008.12,6711064.07]]]]}},{"type":"Feature","properties":{"idu":"49353000AV0307","section":"AV","numero":"0307","libelle":"AV 0307","code_insee":"49353","commune":"Trélazé","contenance":285},"geometry":{"type":"MultiPolygon","coordinates":[[[[438999.09,6711056.44],[438995.89,6711054.3],[438993.54,6711052.72],[438985.82,6711047.56],[438981.86,6711047.95],[438976.17,6711055.61],[438969.45,6711064.46],[438971.55,6711066.7],[438981.08,6711063.8],[438988.39,6711061.58],[438997.49,6711058.81],[438999.09,6711056.44]]]]}},{"type":"Feature","properties":{"idu":"49353000AV0315","section":"AV","numero":"0315","libelle":"AV 0315","code_insee":"49353","commune":"Trélazé","contenance":4},"geometry":{"type":"MultiPolygon","coordinates":[[[[439000.83,6710853.95],[439000.43,6710853.72],[439000.12,6710853.55],[438999.98,6710853.33],[438999.86,6710853.02],[438999.77,6710852.59],[438999.71,6710852.24],[438999.66,6710851.88],[438999.71,6710851.62],[438999.72,6710850.88],[438999.89,6710849.82],[439000.39,6710847.96],[438998.91,6710847.48],[438999.17,6710853.62],[439000.83,6710853.95]]]]}},{"type":"Feature","properties":{"idu":"49353000AV0317","section":"AV","numero":"0317","libelle":"AV 0317","code_insee":"49353","commune":"Trélazé","contenance":45},"geometry":{"type":"MultiPolygon","coordinates":[[[[438310.47,6710801.13],[438309.04,6710804.27],[438308.12,6710806.3],[438311.02,6710808.26],[438309.9,6710809.9],[438311.44,6710811.0],[438312.37,6710810.24],[438313.27,6710809.45],[438313.74,6710809.02],[438314.13,6710808.64],[438314.39,6710808.35],[438314.87,6710807.74],[438315.27,6710807.07],[438316.99,6710803.55],[438310.47,6710801.13]]]]}},{"type":"Feature","properties":{"idu":"49353000AV0318","section":"AV","numero":"0318","libelle":"AV 0318","code_insee":"49353","commune":"Trélazé","contenance":167},"geometry":{"type":"MultiPolygon","coordinates":[[[[438436.79,6710746.03],[438434.92,6710745.91],[438424.2,6710745.21],[438424.36,6710746.37],[438424.71,6710748.78],[438425.54,6710754.65],[438425.76,6710756.2],[438426.36,6710760.8],[438437.13,6710760.19],[438436.97,6710754.16],[438436.79,6710746.03]]]]}},{"type":"Feature","properties":{"idu":"49353000AV0319","section":"AV","numero":"0319","libelle":"AV 0319","code_insee":"49353","commune":"Trélazé","contenance":153},"geometry":{"type":"MultiPolygon","coordinates":[[[[438436.79,6710746.03],[438436.97,6710754.16],[438437.13,6710760.19],[438446.0,6710759.66],[438447.85,6710759.54],[438447.61,6710753.67],[438448.79,6710746.89],[438444.38,6710746.59],[438443.31,6710746.51],[438436.79,6710746.03]]]]}},{"type":"Feature","properties":{"idu":"49353000AV0320","section":"AV","numero":"0320","libelle":"AV 0320","code_insee":"49353","commune":"Trélazé","contenance":114},"geometry":{"type":"MultiPolygon","coordinates":[[[[438260.13,6710783.29],[438260.23,6710784.31],[438260.44,6710786.57],[438261.21,6710794.38],[438262.66,6710794.27],[438262.96,6710797.1],[438268.56,6710796.51],[438268.27,6710793.83],[438271.57,6710793.6],[438270.94,6710785.91],[438270.66,6710782.37],[438260.13,6710783.29]]]]}},{"type":"Feature","properties":{"idu":"49353000AV0322","section":"AV","numero":"0322","libelle":"AV 0322","code_insee":"49353","commune":"Trélazé","contenance":221},"geometry":{"type":"MultiPolygon","coordinates":[[[[438268.48,6710818.8],[438268.34,6710812.79],[438268.31,6710811.68],[438267.65,6710811.59],[438268.15,6710807.86],[438267.3,6710807.78],[438267.44,6710806.91],[438265.78,6710806.75],[438266.33,6710801.85],[438274.7,6710802.81],[438274.82,6710801.86],[438272.37,6710801.57],[438272.5,6710800.5],[438271.79,6710800.44],[438271.46,6710800.43],[438271.06,6710800.4],[438270.7,6710800.34],[438270.36,6710800.27],[438270.07,6710800.13],[438269.73,6710799.96],[438269.86,6710797.8],[438269.08,6710797.77],[438269.08,6710795.06],[438271.62,6710794.87],[438271.57,6710793.6],[438268.27,6710793.83],[438268.56,6710796.51],[438262.96,6710797.1],[438262.66,6710794.27],[438261.21,6710794.38],[438255.49,6710794.87],[438258.81,6710803.55],[438260.26,6710807.46],[438261.87,6710811.77],[438263.67,6710816.54],[438264.62,6710819.09],[438268.48,6710818.8]]]]}},{"type":"Feature","properties":{"idu":"49353000AV0323","section":"AV","numero":"0323","libelle":"AV 0323","code_insee":"49353","commune":"Trélazé","contenance":19},"geometry":{"type":"MultiPolygon","coordinates":[[[[438271.62,6710794.87],[438269.08,6710795.06],[438269.08,6710797.77],[438269.86,6710797.8],[438269.73,6710799.96],[438270.07,6710800.13],[438270.36,6710800.27],[438270.7,6710800.34],[438271.06,6710800.4],[438271.46,6710800.43],[438271.79,6710800.44],[438272.5,6710800.5],[438273.36,6710794.7],[438273.25,6710794.73],[438272.72,6710794.72],[438271.62,6710794.87]]]]}},{"type":"Feature","properties":{"idu":"49353000AV0324","section":"AV","numero":"0324","libelle":"AV 0324","code_insee":"49353","commune":"Trélazé","contenance":70},"geometry":{"type":"MultiPolygon","coordinates":[[[[438274.84,6710805.27],[438275.09,6710802.83],[438274.7,6710802.81],[438266.33,6710801.85],[438265.78,6710806.75],[438267.44,6710806.91],[438267.3,6710807.78],[438268.15,6710807.86],[438267.65,6710811.59],[438268.31,6710811.68],[438274.09,6710812.01],[438274.84,6710805.27]]]]}},{"type":"Feature","properties":{"idu":"49353000AV0326","section":"AV","numero":"0326","libelle":"AV 0326","code_insee":"49353","commune":"Trélazé","contenance":122},"geometry":{"type":"MultiPolygon","coordinates":[[[[438475.19,6710746.1],[438469.95,6710744.38],[438468.1,6710751.47],[438461.79,6710749.88],[438460.42,6710755.43],[438460.42,6710758.84],[438463.19,6710758.64],[438466.27,6710758.47],[438470.63,6710758.22],[438472.52,6710758.12],[438472.17,6710755.21],[438475.19,6710746.1]]]]}},{"type":"Feature","properties":{"idu":"49353000AV0327","section":"AV","numero":"0327","libelle":"AV 0327","code_insee":"49353","commune":"Trélazé","contenance":49},"geometry":{"type":"MultiPolygon","coordinates":[[[[438461.79,6710749.88],[438468.1,6710751.47],[438469.95,6710744.38],[438463.64,6710742.28],[438461.79,6710749.88]]]]}},{"type":"Feature","properties":{"idu":"49353000AV0328","section":"AV","numero":"0328","libelle":"AV 0328","code_insee":"49353","commune":"Trélazé","contenance":416},"geometry":{"type":"MultiPolygon","coordinates":[[[[438957.7,6711010.69],[438952.97,6711008.56],[438948.51,6711006.52],[438939.02,6711018.43],[438938.84,6711018.54],[438926.88,6711026.56],[438929.82,6711031.12],[438929.24,6711034.38],[438940.95,6711031.36],[438950.67,6711028.93],[438953.99,6711020.48],[438957.7,6711010.69]]]]}},{"type":"Feature","properties":{"idu":"49353000AV0330","section":"AV","numero":"0330","libelle":"AV 0330","code_insee":"49353","commune":"Trélazé","contenance":524},"geometry":{"type":"MultiPolygon","coordinates":[[[[439080.37,6710793.8],[439095.44,6710795.75],[439097.55,6710779.56],[439098.65,6710771.17],[439099.77,6710762.33],[439093.74,6710761.62],[439084.63,6710760.29],[439084.02,6710764.92],[439082.03,6710780.27],[439081.91,6710781.22],[439081.79,6710782.22],[439081.07,6710788.11],[439080.37,6710793.8]]]]}},{"type":"Feature","properties":{"idu":"49353000AV0339","section":"AV","numero":"0339","libelle":"AV 0339","code_insee":"49353","commune":"Trélazé","contenance":557},"geometry":{"type":"MultiPolygon","coordinates":[[[[438812.04,6711078.67],[438812.46,6711079.54],[438805.8,6711082.86],[438808.63,6711088.25],[438809.58,6711087.8],[438813.86,6711095.86],[438815.39,6711095.03],[438815.78,6711095.72],[438815.92,6711095.89],[438816.16,6711096.0],[438816.42,6711096.02],[438816.76,6711096.0],[438816.99,6711095.99],[438817.27,6711095.87],[438817.43,6711095.78],[438817.63,6711095.63],[438817.92,6711095.43],[438818.02,6711095.26],[438818.15,6711094.91],[438818.2,6711094.56],[438818.52,6711095.29],[438823.06,6711093.69],[438823.63,6711095.16],[438830.33,6711094.46],[438830.05,6711090.81],[438831.76,6711086.8],[438832.74,6711084.53],[438834.23,6711080.98],[438835.96,6711077.08],[438837.16,6711074.13],[438840.06,6711067.37],[438842.19,6711062.27],[438834.66,6711066.31],[438826.95,6711070.61],[438816.85,6711076.11],[438814.25,6711077.5],[438812.04,6711078.67]]]]}},{"type":"Feature","properties":{"idu":"49353000AV0344","section":"AV","numero":"0344","libelle":"AV 0344","code_insee":"49353","commune":"Trélazé","contenance":84},"geometry":{"type":"MultiPolygon","coordinates":[[[[438374.91,6710792.35],[438375.65,6710798.36],[438384.99,6710796.77],[438386.74,6710797.51],[438390.11,6710797.15],[438389.25,6710791.3],[438385.86,6710791.74],[438385.12,6710791.84],[438381.03,6710792.38],[438380.83,6710790.96],[438375.79,6710791.57],[438375.87,6710792.25],[438374.91,6710792.35]]]]}},{"type":"Feature","properties":{"idu":"49353000AV0346","section":"AV","numero":"0346","libelle":"AV 0346","code_insee":"49353","commune":"Trélazé","contenance":553},"geometry":{"type":"MultiPolygon","coordinates":[[[[439122.02,6711024.15],[439121.93,6711026.82],[439121.48,6711040.23],[439124.84,6711040.31],[439132.73,6711040.48],[439144.14,6711040.7],[439156.48,6711041.0],[439156.33,6711038.56],[439156.12,6711035.71],[439155.87,6711032.32],[439155.61,6711028.92],[439155.49,6711026.42],[439155.31,6711024.75],[439148.66,6711024.66],[439147.92,6711024.65],[439139.39,6711024.47],[439134.42,6711024.37],[439122.02,6711024.15]]]]}},{"type":"Feature","properties":{"idu":"49353000AV0347","section":"AV","numero":"0347","libelle":"AV 0347","code_insee":"49353","commune":"Trélazé","contenance":395},"geometry":{"type":"MultiPolygon","coordinates":[[[[439122.35,6711011.76],[439122.02,6711024.15],[439134.42,6711024.37],[439139.39,6711024.47],[439147.92,6711024.65],[439148.66,6711024.66],[439155.31,6711024.75],[439154.89,6711021.37],[439154.35,6711017.14],[439153.8,6711012.58],[439148.11,6711012.42],[439144.48,6711012.31],[439142.72,6711012.27],[439139.61,6711012.19],[439135.88,6711012.1],[439134.28,6711012.05],[439122.35,6711011.76]]]]}},{"type":"Feature","properties":{"idu":"49353000AV0348","section":"AV","numero":"0348","libelle":"AV 0348","code_insee":"49353","commune":"Trélazé","contenance":315},"geometry":{"type":"MultiPolygon","coordinates":[[[[439122.56,6711001.71],[439122.35,6711011.76],[439134.28,6711012.05],[439135.88,6711012.1],[439139.61,6711012.19],[439142.72,6711012.27],[439144.48,6711012.31],[439148.11,6711012.42],[439153.8,6711012.58],[439153.36,6711008.92],[439152.83,6711004.34],[439152.58,6711002.33],[439144.67,6711002.11],[439138.5,6711001.94],[439136.08,6711001.9],[439122.56,6711001.71]]]]}},{"type":"Feature","properties":{"idu":"49353000AV0349","section":"AV","numero":"0349","libelle":"AV 0349","code_insee":"49353","commune":"Trélazé","contenance":471},"geometry":{"type":"MultiPolygon","coordinates":[[[[439149.25,6710985.96],[439133.35,6710985.28],[439122.98,6710984.75],[439122.56,6711001.71],[439136.08,6711001.9],[439138.5,6711001.94],[439144.67,6711002.11],[439152.58,6711002.33],[439151.85,6710998.76],[439151.05,6710994.63],[439150.11,6710989.97],[439149.25,6710985.96]]]]}},{"type":"Feature","properties":{"idu":"49353000AV0359","section":"AV","numero":"0359","libelle":"AV 0359","code_insee":"49353","commune":"Trélazé","contenance":663},"geometry":{"type":"MultiPolygon","coordinates":[[[[438886.75,6710800.6],[438885.53,6710800.46],[438884.57,6710800.36],[438883.58,6710800.25],[438882.57,6710800.09],[438881.37,6710799.92],[438879.81,6710799.69],[438878.27,6710799.45],[438875.84,6710799.11],[438874.51,6710798.89],[438865.79,6710797.45],[438863.4,6710797.08],[438861.89,6710796.96],[438861.37,6710796.96],[438853.97,6710797.24],[438854.67,6710806.86],[438855.4,6710817.92],[438860.72,6710817.57],[438861.49,6710817.53],[438870.48,6710816.86],[438871.0,6710816.82],[438881.38,6710816.16],[438887.18,6710815.76],[438891.29,6710815.48],[438891.91,6710815.44],[438891.81,6710813.73],[438891.02,6710800.96],[438890.46,6710800.96],[438889.46,6710800.87],[438888.28,6710800.76],[438886.75,6710800.6]]]]}},{"type":"Feature","properties":{"idu":"49353000AV0360","section":"AV","numero":"0360","libelle":"AV 0360","code_insee":"49353","commune":"Trélazé","contenance":697},"geometry":{"type":"MultiPolygon","coordinates":[[[[438894.43,6710800.85],[438891.02,6710800.96],[438891.81,6710813.73],[438891.91,6710815.44],[438893.06,6710815.34],[438893.84,6710815.28],[438894.87,6710815.21],[438900.48,6710814.84],[438902.95,6710814.68],[438912.39,6710813.99],[438915.57,6710813.77],[438936.5,6710812.49],[438936.7,6710805.49],[438936.72,6710804.81],[438936.89,6710793.05],[438936.95,6710792.52],[438936.43,6710792.54],[438936.0,6710792.61],[438935.59,6710792.67],[438935.32,6710792.7],[438934.95,6710792.78],[438934.4,6710792.9],[438933.89,6710793.07],[438933.26,6710793.26],[438932.74,6710793.39],[438931.54,6710793.82],[438931.12,6710794.0],[438930.72,6710794.15],[438930.31,6710794.34],[438929.68,6710794.62],[438928.47,6710795.1],[438927.31,6710795.62],[438925.88,6710796.19],[438924.82,6710796.62],[438923.86,6710797.08],[438923.67,6710797.15],[438922.68,6710797.51],[438922.08,6710797.77],[438921.21,6710798.01],[438920.85,6710798.15],[438920.36,6710798.25],[438919.95,6710798.32],[438918.8,6710798.54],[438917.75,6710798.77],[438916.48,6710799.0],[438914.97,6710799.3],[438913.18,6710799.56],[438911.45,6710799.8],[438910.79,6710799.85],[438910.23,6710799.9],[438909.13,6710800.02],[438908.2,6710800.12],[438906.67,6710800.29],[438906.55,6710800.3],[438904.31,6710800.41],[438901.51,6710800.59],[438899.62,6710800.74],[438899.48,6710800.74],[438897.05,6710800.79],[438894.43,6710800.85]]]]}},{"type":"Feature","properties":{"idu":"49353000AV0361","section":"AV","numero":"0361","libelle":"AV 0361","code_insee":"49353","commune":"Trélazé","contenance":154},"geometry":{"type":"MultiPolygon","coordinates":[[[[438957.7,6711010.69],[438953.99,6711020.48],[438950.67,6711028.93],[438949.83,6711034.24],[438949.17,6711038.26],[438948.67,6711041.36],[438952.4,6711042.77],[438957.29,6711026.94],[438961.84,6711012.56],[438957.7,6711010.69]]]]}},{"type":"Feature","properties":{"idu":"49353000AV0362","section":"AV","numero":"0362","libelle":"AV 0362","code_insee":"49353","commune":"Trélazé","contenance":839},"geometry":{"type":"MultiPolygon","coordinates":[[[[438990.3,6711025.57],[438985.43,6711023.32],[438978.88,6711020.37],[438972.43,6711017.4],[438961.84,6711012.56],[438957.29,6711026.94],[438952.4,6711042.77],[438960.55,6711046.0],[438965.55,6711048.05],[438967.27,6711048.76],[438973.94,6711051.38],[438978.08,6711044.91],[438982.78,6711037.55],[438987.28,6711030.43],[438990.3,6711025.57]]]]}},{"type":"Feature","properties":{"idu":"49353000AV0369","section":"AV","numero":"0369","libelle":"AV 0369","code_insee":"49353","commune":"Trélazé","contenance":647},"geometry":{"type":"MultiPolygon","coordinates":[[[[438880.93,6711248.66],[438881.52,6711245.54],[438882.46,6711240.21],[438883.17,6711236.29],[438883.78,6711232.9],[438879.94,6711232.72],[438873.97,6711232.44],[438870.3,6711232.26],[438862.2,6711231.88],[438853.97,6711239.04],[438853.2,6711256.09],[438853.86,6711256.11],[438860.73,6711256.43],[438862.12,6711256.5],[438869.02,6711256.9],[438879.47,6711257.5],[438879.56,6711257.15],[438880.09,6711253.77],[438880.93,6711248.66]]]]}},{"type":"Feature","properties":{"idu":"49353000AV0380","section":"AV","numero":"0380","libelle":"AV 0380","code_insee":"49353","commune":"Trélazé","contenance":46},"geometry":{"type":"MultiPolygon","coordinates":[[[[438857.62,6711092.61],[438862.17,6711091.9],[438869.87,6711090.7],[438869.48,6711086.77],[438865.12,6711087.58],[438858.33,6711088.86],[438857.04,6711089.1],[438857.62,6711092.61]]]]}},{"type":"Feature","properties":{"idu":"49353000AV0381","section":"AV","numero":"0381","libelle":"AV 0381","code_insee":"49353","commune":"Trélazé","contenance":502},"geometry":{"type":"MultiPolygon","coordinates":[[[[438869.87,6711090.7],[438862.17,6711091.9],[438857.62,6711092.61],[438858.11,6711096.21],[438858.72,6711101.29],[438859.03,6711104.45],[438861.39,6711104.54],[438872.69,6711105.02],[438876.75,6711105.21],[438891.53,6711105.9],[438892.1,6711096.15],[438892.53,6711088.24],[438887.98,6711088.83],[438877.02,6711089.98],[438869.87,6711090.7]]]]}},{"type":"Feature","properties":{"idu":"49353000AV0382","section":"AV","numero":"0382","libelle":"AV 0382","code_insee":"49353","commune":"Trélazé","contenance":447},"geometry":{"type":"MultiPolygon","coordinates":[[[[438890.74,6711119.96],[438891.06,6711114.6],[438891.53,6711105.9],[438876.75,6711105.21],[438872.69,6711105.02],[438861.39,6711104.54],[438859.03,6711104.45],[438859.22,6711107.46],[438859.39,6711109.7],[438859.48,6711112.32],[438859.57,6711115.0],[438859.62,6711116.94],[438859.67,6711118.5],[438866.4,6711118.8],[438868.82,6711118.9],[438877.93,6711119.36],[438878.55,6711119.38],[438890.74,6711119.96]]]]}},{"type":"Feature","properties":{"idu":"49353000AV0383","section":"AV","numero":"0383","libelle":"AV 0383","code_insee":"49353","commune":"Trélazé","contenance":462},"geometry":{"type":"MultiPolygon","coordinates":[[[[438857.13,6711169.78],[438866.98,6711170.27],[438867.95,6711170.31],[438874.99,6711170.69],[438878.13,6711170.86],[438888.82,6711171.37],[438889.15,6711164.3],[438889.44,6711156.35],[438878.84,6711155.74],[438878.36,6711155.72],[438875.77,6711155.59],[438869.88,6711155.28],[438866.92,6711155.16],[438865.7,6711155.11],[438857.92,6711154.8],[438857.13,6711169.78]]]]}},{"type":"Feature","properties":{"idu":"49353000AV0384","section":"AV","numero":"0384","libelle":"AV 0384","code_insee":"49353","commune":"Trélazé","contenance":461},"geometry":{"type":"MultiPolygon","coordinates":[[[[438857.13,6711169.78],[438856.43,6711184.73],[438864.12,6711185.08],[438865.21,6711185.13],[438866.88,6711185.22],[438872.45,6711185.47],[438874.23,6711185.55],[438876.67,6711185.66],[438888.24,6711186.22],[438888.44,6711181.42],[438888.8,6711172.89],[438888.82,6711171.37],[438878.13,6711170.86],[438874.99,6711170.69],[438867.95,6711170.31],[438866.98,6711170.27],[438857.13,6711169.78]]]]}},{"type":"Feature","properties":{"idu":"49353000AV0385","section":"AV","numero":"0385","libelle":"AV 0385","code_insee":"49353","commune":"Trélazé","contenance":462},"geometry":{"type":"MultiPolygon","coordinates":[[[[438887.65,6711201.13],[438887.77,6711198.64],[438888.08,6711189.95],[438888.24,6711186.22],[438876.67,6711185.66],[438874.23,6711185.55],[438872.45,6711185.47],[438866.88,6711185.22],[438865.21,6711185.13],[438864.12,6711185.08],[438856.43,6711184.73],[438855.76,6711199.4],[438868.77,6711200.15],[438879.27,6711200.71],[438887.65,6711201.13]]]]}},{"type":"Feature","properties":{"idu":"49353000AV0387","section":"AV","numero":"0387","libelle":"AV 0387","code_insee":"49353","commune":"Trélazé","contenance":541},"geometry":{"type":"MultiPolygon","coordinates":[[[[438708.66,6711280.63],[438709.34,6711266.51],[438703.12,6711266.17],[438701.69,6711266.09],[438694.46,6711265.69],[438694.34,6711265.68],[438671.34,6711264.31],[438670.03,6711278.84],[438692.63,6711279.88],[438693.84,6711279.94],[438701.67,6711280.31],[438703.42,6711280.39],[438708.66,6711280.63]]]]}},{"type":"Feature","properties":{"idu":"49353000AV0388","section":"AV","numero":"0388","libelle":"AV 0388","code_insee":"49353","commune":"Trélazé","contenance":550},"geometry":{"type":"MultiPolygon","coordinates":[[[[438708.0,6711295.11],[438708.66,6711280.63],[438703.42,6711280.39],[438701.67,6711280.31],[438693.84,6711279.94],[438692.63,6711279.88],[438670.03,6711278.84],[438669.28,6711287.01],[438668.73,6711293.02],[438671.48,6711293.16],[438689.77,6711294.12],[438698.75,6711294.61],[438699.77,6711294.66],[438702.51,6711294.81],[438708.0,6711295.11]]]]}},{"type":"Feature","properties":{"idu":"49353000AV0389","section":"AV","numero":"0389","libelle":"AV 0389","code_insee":"49353","commune":"Trélazé","contenance":624},"geometry":{"type":"MultiPolygon","coordinates":[[[[438668.73,6711293.02],[438667.83,6711302.95],[438667.08,6711311.63],[438671.04,6711311.28],[438677.38,6711310.84],[438686.53,6711310.15],[438687.15,6711310.1],[438695.86,6711309.4],[438696.62,6711309.35],[438707.4,6711308.64],[438708.0,6711295.11],[438702.51,6711294.81],[438699.77,6711294.66],[438698.75,6711294.61],[438689.77,6711294.12],[438671.48,6711293.16],[438668.73,6711293.02]]]]}},{"type":"Feature","properties":{"idu":"49353000AV0390","section":"AV","numero":"0390","libelle":"AV 0390","code_insee":"49353","commune":"Trélazé","contenance":148},"geometry":{"type":"MultiPolygon","coordinates":[[[[438810.03,6711208.85],[438810.36,6711202.94],[438804.52,6711202.67],[438799.43,6711202.45],[438794.86,6711202.24],[438787.5,6711201.89],[438783.75,6711207.66],[438792.53,6711208.06],[438794.64,6711208.15],[438795.26,6711208.17],[438804.3,6711208.6],[438805.26,6711208.64],[438810.03,6711208.85]]]]}},{"type":"Feature","properties":{"idu":"49353000AV0391","section":"AV","numero":"0391","libelle":"AV 0391","code_insee":"49353","commune":"Trélazé","contenance":167},"geometry":{"type":"MultiPolygon","coordinates":[[[[438810.03,6711208.85],[438805.26,6711208.64],[438804.3,6711208.6],[438795.26,6711208.17],[438794.64,6711208.15],[438792.53,6711208.06],[438783.75,6711207.66],[438779.88,6711213.65],[438790.05,6711214.1],[438792.3,6711214.19],[438795.11,6711214.32],[438799.71,6711214.53],[438805.0,6711214.76],[438807.75,6711214.97],[438809.85,6711212.99],[438810.03,6711208.85]]]]}},{"type":"Feature","properties":{"idu":"49353000AV0392","section":"AV","numero":"0392","libelle":"AV 0392","code_insee":"49353","commune":"Trélazé","contenance":150},"geometry":{"type":"MultiPolygon","coordinates":[[[[438804.63,6711220.81],[438805.0,6711214.76],[438799.71,6711214.53],[438795.11,6711214.32],[438792.3,6711214.19],[438790.05,6711214.1],[438779.88,6711213.65],[438779.66,6711219.88],[438789.83,6711220.25],[438799.44,6711220.61],[438804.63,6711220.81]]]]}},{"type":"Feature","properties":{"idu":"49353000AV0393","section":"AV","numero":"0393","libelle":"AV 0393","code_insee":"49353","commune":"Trélazé","contenance":161},"geometry":{"type":"MultiPolygon","coordinates":[[[[438802.52,6711226.58],[438804.37,6711224.79],[438804.63,6711220.81],[438799.44,6711220.61],[438789.83,6711220.25],[438779.66,6711219.88],[438775.49,6711223.56],[438777.7,6711225.83],[438786.47,6711226.1],[438789.63,6711226.19],[438796.42,6711226.4],[438799.19,6711226.48],[438802.52,6711226.58]]]]}},{"type":"Feature","properties":{"idu":"49353000AV0394","section":"AV","numero":"0394","libelle":"AV 0394","code_insee":"49353","commune":"Trélazé","contenance":332},"geometry":{"type":"MultiPolygon","coordinates":[[[[438775.49,6711223.56],[438767.0,6711231.21],[438779.2,6711236.03],[438793.23,6711241.64],[438795.99,6711234.87],[438796.07,6711232.45],[438796.17,6711232.46],[438799.89,6711232.67],[438802.11,6711230.7],[438802.24,6711226.92],[438802.52,6711226.58],[438799.19,6711226.48],[438796.42,6711226.4],[438789.63,6711226.19],[438786.47,6711226.1],[438777.7,6711225.83],[438775.49,6711223.56]]]]}},{"type":"Feature","properties":{"idu":"49353000AV0395","section":"AV","numero":"0395","libelle":"AV 0395","code_insee":"49353","commune":"Trélazé","contenance":380},"geometry":{"type":"MultiPolygon","coordinates":[[[[438344.47,6710767.32],[438347.57,6710766.99],[438348.99,6710766.84],[438351.9,6710766.61],[438351.54,6710745.13],[438351.15,6710723.14],[438356.43,6710722.46],[438356.37,6710721.27],[438358.06,6710721.25],[438357.98,6710718.59],[438350.44,6710718.82],[438350.33,6710721.3],[438350.29,6710722.05],[438342.33,6710723.56],[438343.66,6710741.86],[438344.33,6710753.28],[438344.42,6710761.63],[438344.43,6710762.6],[438344.44,6710763.71],[438344.47,6710767.32]]]]}},{"type":"Feature","properties":{"idu":"49353000AV0396","section":"AV","numero":"0396","libelle":"AV 0396","code_insee":"49353","commune":"Trélazé","contenance":404},"geometry":{"type":"MultiPolygon","coordinates":[[[[438351.9,6710766.61],[438353.39,6710766.47],[438360.19,6710765.79],[438359.63,6710749.99],[438361.08,6710749.9],[438361.01,6710737.67],[438360.94,6710721.51],[438360.93,6710718.5],[438360.08,6710718.52],[438359.0,6710718.56],[438357.98,6710718.59],[438358.06,6710721.25],[438356.37,6710721.27],[438356.43,6710722.46],[438351.15,6710723.14],[438351.54,6710745.13],[438351.9,6710766.61]]]]}},{"type":"Feature","properties":{"idu":"49353000AV0397","section":"AV","numero":"0397","libelle":"AV 0397","code_insee":"49353","commune":"Trélazé","contenance":11},"geometry":{"type":"MultiPolygon","coordinates":[[[[438360.08,6710718.52],[438360.93,6710718.5],[438360.95,6710707.73],[438359.77,6710707.32],[438359.91,6710711.98],[438360.04,6710717.33],[438360.06,6710717.7],[438360.08,6710718.52]]]]}},{"type":"Feature","properties":{"idu":"49353000AV0398","section":"AV","numero":"0398","libelle":"AV 0398","code_insee":"49353","commune":"Trélazé","contenance":270},"geometry":{"type":"MultiPolygon","coordinates":[[[[438787.5,6711248.09],[438791.37,6711249.59],[438793.59,6711243.96],[438783.99,6711240.1],[438778.03,6711237.7],[438765.19,6711232.6],[438758.05,6711239.13],[438756.84,6711240.22],[438753.67,6711243.08],[438752.24,6711244.39],[438753.12,6711245.74],[438753.55,6711246.43],[438753.92,6711247.13],[438754.22,6711247.8],[438754.48,6711248.45],[438758.68,6711246.67],[438758.98,6711246.54],[438758.65,6711245.39],[438760.49,6711244.44],[438768.25,6711240.46],[438777.0,6711243.92],[438777.7,6711244.2],[438781.72,6711245.79],[438785.99,6711247.49],[438787.5,6711248.09]]]]}},{"type":"Feature","properties":{"idu":"49353000AV0399","section":"AV","numero":"0399","libelle":"AV 0399","code_insee":"49353","commune":"Trélazé","contenance":187},"geometry":{"type":"MultiPolygon","coordinates":[[[[438785.31,6711253.55],[438787.5,6711248.09],[438785.99,6711247.49],[438781.72,6711245.79],[438777.7,6711244.2],[438777.0,6711243.92],[438768.25,6711240.46],[438760.49,6711244.44],[438758.65,6711245.39],[438758.98,6711246.54],[438758.68,6711246.67],[438754.48,6711248.45],[438754.74,6711248.98],[438754.9,6711249.5],[438754.99,6711250.06],[438755.13,6711250.57],[438759.63,6711249.57],[438764.79,6711248.43],[438769.66,6711247.35],[438774.82,6711249.39],[438783.77,6711252.95],[438785.31,6711253.55]]]]}},{"type":"Feature","properties":{"idu":"49353000AV0400","section":"AV","numero":"0400","libelle":"AV 0400","code_insee":"49353","commune":"Trélazé","contenance":147},"geometry":{"type":"MultiPolygon","coordinates":[[[[438785.31,6711253.55],[438783.77,6711252.95],[438774.82,6711249.39],[438769.66,6711247.35],[438764.79,6711248.43],[438759.63,6711249.57],[438755.13,6711250.57],[438755.29,6711251.28],[438755.39,6711251.89],[438755.5,6711252.46],[438755.56,6711253.02],[438760.09,6711252.78],[438765.05,6711252.51],[438766.35,6711252.43],[438772.6,6711254.93],[438773.66,6711255.35],[438774.83,6711255.81],[438781.55,6711258.42],[438783.1,6711259.03],[438785.31,6711253.55]]]]}},{"type":"Feature","properties":{"idu":"49353000AV0401","section":"AV","numero":"0401","libelle":"AV 0401","code_insee":"49353","commune":"Trélazé","contenance":147},"geometry":{"type":"MultiPolygon","coordinates":[[[[438755.56,6711253.02],[438755.61,6711253.83],[438755.57,6711254.65],[438755.54,6711255.53],[438759.55,6711255.98],[438760.1,6711256.21],[438763.01,6711257.37],[438765.06,6711258.2],[438772.71,6711261.29],[438773.63,6711261.66],[438779.37,6711263.99],[438780.84,6711264.59],[438783.1,6711259.03],[438781.55,6711258.42],[438774.83,6711255.81],[438773.66,6711255.35],[438772.6,6711254.93],[438766.35,6711252.43],[438765.05,6711252.51],[438760.09,6711252.78],[438755.56,6711253.02]]]]}},{"type":"Feature","properties":{"idu":"49353000AV0404","section":"AV","numero":"0404","libelle":"AV 0404","code_insee":"49353","commune":"Trélazé","contenance":580},"geometry":{"type":"MultiPolygon","coordinates":[[[[438740.99,6711175.69],[438740.82,6711181.02],[438748.29,6711181.35],[438749.85,6711181.43],[438754.0,6711181.68],[438754.31,6711174.68],[438754.66,6711167.08],[438754.74,6711165.39],[438754.85,6711162.99],[438755.0,6711159.5],[438755.88,6711138.22],[438749.27,6711137.79],[438742.02,6711137.32],[438742.01,6711138.61],[438741.47,6711157.21],[438740.99,6711175.69]]]]}},{"type":"Feature","properties":{"idu":"49353000AV0405","section":"AV","numero":"0405","libelle":"AV 0405","code_insee":"49353","commune":"Trélazé","contenance":354},"geometry":{"type":"MultiPolygon","coordinates":[[[[438764.41,6711138.73],[438758.32,6711138.37],[438755.88,6711138.22],[438755.0,6711159.5],[438754.85,6711162.99],[438754.74,6711165.39],[438754.66,6711167.08],[438754.31,6711174.68],[438754.0,6711181.68],[438757.83,6711181.87],[438762.0,6711182.09],[438762.39,6711175.14],[438762.81,6711167.36],[438763.23,6711159.9],[438763.39,6711156.95],[438764.41,6711138.73]]]]}},{"type":"Feature","properties":{"idu":"49353000AV0406","section":"AV","numero":"0406","libelle":"AV 0406","code_insee":"49353","commune":"Trélazé","contenance":348},"geometry":{"type":"MultiPolygon","coordinates":[[[[438772.25,6711139.2],[438767.38,6711138.91],[438764.41,6711138.73],[438763.39,6711156.95],[438763.23,6711159.9],[438762.81,6711167.36],[438762.39,6711175.14],[438762.0,6711182.09],[438765.63,6711182.28],[438770.05,6711182.49],[438770.74,6711168.91],[438771.19,6711160.17],[438772.25,6711139.2]]]]}},{"type":"Feature","properties":{"idu":"49353000AV0407","section":"AV","numero":"0407","libelle":"AV 0407","code_insee":"49353","commune":"Trélazé","contenance":348},"geometry":{"type":"MultiPolygon","coordinates":[[[[438778.34,6711182.99],[438778.65,6711175.88],[438779.0,6711168.07],[438779.12,6711165.52],[438779.35,6711160.45],[438779.47,6711157.63],[438780.28,6711139.68],[438776.42,6711139.45],[438772.25,6711139.2],[438771.19,6711160.17],[438770.74,6711168.91],[438770.05,6711182.49],[438774.16,6711182.73],[438778.34,6711182.99]]]]}},{"type":"Feature","properties":{"idu":"49353000AV0408","section":"AV","numero":"0408","libelle":"AV 0408","code_insee":"49353","commune":"Trélazé","contenance":355},"geometry":{"type":"MultiPolygon","coordinates":[[[[438788.64,6711140.2],[438785.47,6711140.0],[438780.28,6711139.68],[438779.47,6711157.63],[438779.35,6711160.45],[438779.12,6711165.52],[438779.0,6711168.07],[438778.65,6711175.88],[438778.34,6711182.99],[438782.49,6711183.17],[438786.61,6711183.36],[438786.93,6711176.23],[438787.29,6711168.43],[438787.35,6711166.99],[438787.44,6711165.3],[438787.65,6711160.82],[438788.64,6711140.2]]]]}},{"type":"Feature","properties":{"idu":"49353000AV0409","section":"AV","numero":"0409","libelle":"AV 0409","code_insee":"49353","commune":"Trélazé","contenance":342},"geometry":{"type":"MultiPolygon","coordinates":[[[[438793.79,6711140.38],[438788.64,6711140.2],[438787.65,6711160.82],[438787.44,6711165.3],[438787.35,6711166.99],[438787.29,6711168.43],[438786.93,6711176.23],[438786.61,6711183.36],[438790.25,6711183.53],[438794.59,6711183.72],[438795.02,6711175.85],[438795.04,6711175.45],[438795.29,6711170.56],[438795.44,6711167.27],[438795.52,6711165.85],[438795.75,6711160.07],[438795.93,6711156.11],[438796.08,6711151.96],[438796.24,6711148.22],[438796.53,6711142.54],[438793.79,6711140.38]]]]}},{"type":"Feature","properties":{"idu":"49353000AV0410","section":"AV","numero":"0410","libelle":"AV 0410","code_insee":"49353","commune":"Trélazé","contenance":377},"geometry":{"type":"MultiPolygon","coordinates":[[[[438740.12,6711218.14],[438754.11,6711218.87],[438754.34,6711213.98],[438754.81,6711204.14],[438754.84,6711203.4],[438755.11,6711198.02],[438755.23,6711195.64],[438755.41,6711191.87],[438751.87,6711191.7],[438745.03,6711191.39],[438740.57,6711191.17],[438740.57,6711193.17],[438740.33,6711203.1],[438740.19,6711211.41],[438740.12,6711218.14]]]]}},{"type":"Feature","properties":{"idu":"49353000AV0411","section":"AV","numero":"0411","libelle":"AV 0411","code_insee":"49353","commune":"Trélazé","contenance":309},"geometry":{"type":"MultiPolygon","coordinates":[[[[438754.11,6711218.87],[438765.7,6711219.59],[438765.95,6711213.76],[438766.33,6711204.94],[438766.44,6711202.85],[438766.66,6711198.58],[438766.98,6711192.45],[438761.26,6711192.16],[438755.41,6711191.87],[438755.23,6711195.64],[438755.11,6711198.02],[438754.84,6711203.4],[438754.81,6711204.14],[438754.34,6711213.98],[438754.11,6711218.87]]]]}},{"type":"Feature","properties":{"idu":"49353000AV0412","section":"AV","numero":"0412","libelle":"AV 0412","code_insee":"49353","commune":"Trélazé","contenance":341},"geometry":{"type":"MultiPolygon","coordinates":[[[[438765.7,6711219.59],[438771.28,6711219.82],[438777.1,6711210.64],[438783.23,6711201.39],[438783.6,6711193.34],[438771.7,6711192.7],[438770.24,6711192.63],[438766.98,6711192.45],[438766.66,6711198.58],[438766.44,6711202.85],[438766.33,6711204.94],[438765.95,6711213.76],[438765.7,6711219.59]]]]}},{"type":"Feature","properties":{"idu":"49353000AV0413","section":"AV","numero":"0413","libelle":"AV 0413","code_insee":"49353","commune":"Trélazé","contenance":433},"geometry":{"type":"MultiPolygon","coordinates":[[[[438754.11,6711218.87],[438740.12,6711218.14],[438740.12,6711229.46],[438740.08,6711234.57],[438740.04,6711235.77],[438739.97,6711236.62],[438739.73,6711238.22],[438740.58,6711238.25],[438741.55,6711238.31],[438742.67,6711238.46],[438743.46,6711238.66],[438744.31,6711238.87],[438745.1,6711239.16],[438745.88,6711239.53],[438746.94,6711240.04],[438747.81,6711240.54],[438748.78,6711241.04],[438749.49,6711241.54],[438753.07,6711238.3],[438757.81,6711234.02],[438758.77,6711233.15],[438765.33,6711227.34],[438765.7,6711219.59],[438754.11,6711218.87]]]]}},{"type":"Feature","properties":{"idu":"49353000AV0414","section":"AV","numero":"0414","libelle":"AV 0414","code_insee":"49353","commune":"Trélazé","contenance":502},"geometry":{"type":"MultiPolygon","coordinates":[[[[438834.61,6711129.85],[438840.73,6711130.14],[438847.71,6711130.48],[438848.05,6711124.53],[438848.17,6711122.21],[438848.27,6711117.23],[438848.18,6711111.66],[438848.12,6711109.09],[438847.99,6711107.58],[438847.73,6711105.13],[438847.24,6711101.5],[438846.49,6711095.89],[438846.06,6711092.94],[438845.87,6711092.1],[438845.72,6711091.43],[438845.42,6711090.77],[438845.06,6711090.19],[438844.68,6711089.69],[438844.23,6711089.28],[438843.73,6711088.88],[438843.03,6711088.55],[438842.68,6711088.38],[438842.07,6711088.22],[438841.45,6711088.12],[438840.82,6711088.05],[438840.31,6711088.03],[438839.81,6711088.15],[438839.23,6711088.29],[438838.64,6711088.53],[438838.11,6711088.75],[438837.6,6711089.06],[438837.22,6711089.35],[438836.8,6711089.77],[438836.4,6711090.24],[438836.09,6711090.68],[438835.7,6711091.51],[438835.45,6711092.15],[438835.04,6711099.19],[438835.2,6711103.78],[438835.48,6711112.24],[438834.89,6711124.4],[438834.61,6711129.85]]]]}},{"type":"Feature","properties":{"idu":"49353000AV0415","section":"AV","numero":"0415","libelle":"AV 0415","code_insee":"49353","commune":"Trélazé","contenance":424},"geometry":{"type":"MultiPolygon","coordinates":[[[[438835.04,6711099.19],[438820.99,6711098.51],[438820.52,6711108.21],[438820.19,6711117.02],[438824.64,6711122.17],[438824.46,6711128.26],[438824.37,6711131.69],[438831.5,6711132.04],[438831.61,6711129.63],[438834.61,6711129.85],[438834.89,6711124.4],[438835.48,6711112.24],[438835.2,6711103.78],[438835.04,6711099.19]]]]}},{"type":"Feature","properties":{"idu":"49353000AV0416","section":"AV","numero":"0416","libelle":"AV 0416","code_insee":"49353","commune":"Trélazé","contenance":424},"geometry":{"type":"MultiPolygon","coordinates":[[[[438820.99,6711098.51],[438810.07,6711106.39],[438801.34,6711112.73],[438807.49,6711119.23],[438811.01,6711122.95],[438813.25,6711125.3],[438816.1,6711128.34],[438824.99,6711137.85],[438831.18,6711138.0],[438831.3,6711135.75],[438831.5,6711132.04],[438824.37,6711131.69],[438824.46,6711128.26],[438824.64,6711122.17],[438820.19,6711117.02],[438820.52,6711108.21],[438820.99,6711098.51]]]]}},{"type":"Feature","properties":{"idu":"49353000AV0417","section":"AV","numero":"0417","libelle":"AV 0417","code_insee":"49353","commune":"Trélazé","contenance":446},"geometry":{"type":"MultiPolygon","coordinates":[[[[438831.06,6711140.35],[438831.18,6711138.0],[438824.99,6711137.85],[438816.1,6711128.34],[438813.25,6711125.3],[438811.01,6711122.95],[438807.49,6711119.23],[438801.34,6711112.73],[438795.78,6711116.88],[438795.81,6711126.37],[438795.85,6711136.24],[438798.7,6711136.33],[438806.88,6711136.82],[438815.32,6711137.15],[438815.19,6711139.66],[438822.07,6711139.96],[438831.06,6711140.35]]]]}},{"type":"Feature","properties":{"idu":"49353000AV0418","section":"AV","numero":"0418","libelle":"AV 0418","code_insee":"49353","commune":"Trélazé","contenance":317},"geometry":{"type":"MultiPolygon","coordinates":[[[[438798.18,6711149.67],[438803.97,6711149.95],[438812.76,6711150.37],[438818.69,6711150.65],[438818.98,6711145.14],[438830.82,6711145.76],[438831.06,6711140.35],[438822.07,6711139.96],[438815.19,6711139.66],[438815.32,6711137.15],[438806.88,6711136.82],[438798.7,6711136.33],[438798.18,6711149.67]]]]}},{"type":"Feature","properties":{"idu":"49353000AV0419","section":"AV","numero":"0419","libelle":"AV 0419","code_insee":"49353","commune":"Trélazé","contenance":499},"geometry":{"type":"MultiPolygon","coordinates":[[[[438818.27,6711157.55],[438818.69,6711150.65],[438812.76,6711150.37],[438803.97,6711149.95],[438798.18,6711149.67],[438797.96,6711154.95],[438797.56,6711163.76],[438797.41,6711167.44],[438797.0,6711176.59],[438796.69,6711183.77],[438800.34,6711183.95],[438803.09,6711184.08],[438803.49,6711176.88],[438803.83,6711170.39],[438817.62,6711171.0],[438818.27,6711157.55]]]]}},{"type":"Feature","properties":{"idu":"49353000AV0420","section":"AV","numero":"0420","libelle":"AV 0420","code_insee":"49353","commune":"Trélazé","contenance":322},"geometry":{"type":"MultiPolygon","coordinates":[[[[438803.09,6711184.08],[438802.83,6711189.18],[438802.64,6711192.99],[438802.71,6711193.37],[438802.84,6711193.72],[438803.07,6711194.08],[438803.32,6711194.35],[438803.66,6711194.55],[438804.1,6711194.67],[438804.67,6711194.71],[438809.5,6711194.92],[438816.45,6711195.22],[438816.61,6711191.77],[438817.62,6711171.0],[438803.83,6711170.39],[438803.49,6711176.88],[438803.09,6711184.08]]]]}},{"type":"Feature","properties":{"idu":"49353000AV0421","section":"AV","numero":"0421","libelle":"AV 0421","code_insee":"49353","commune":"Trélazé","contenance":324},"geometry":{"type":"MultiPolygon","coordinates":[[[[438830.22,6711195.89],[438830.44,6711190.65],[438830.95,6711178.16],[438831.22,6711171.61],[438828.1,6711171.47],[438817.62,6711171.0],[438816.61,6711191.77],[438816.45,6711195.22],[438823.8,6711195.58],[438830.22,6711195.89]]]]}},{"type":"Feature","properties":{"idu":"49353000AV0422","section":"AV","numero":"0422","libelle":"AV 0422","code_insee":"49353","commune":"Trélazé","contenance":358},"geometry":{"type":"MultiPolygon","coordinates":[[[[438830.22,6711195.89],[438836.43,6711196.27],[438842.87,6711196.64],[438844.64,6711195.15],[438844.82,6711190.43],[438845.01,6711185.48],[438845.52,6711174.43],[438844.34,6711171.67],[438840.95,6711171.48],[438840.8,6711172.04],[438840.62,6711172.03],[438831.22,6711171.61],[438830.95,6711178.16],[438830.44,6711190.65],[438830.22,6711195.89]]]]}},{"type":"Feature","properties":{"idu":"49353000AV0423","section":"AV","numero":"0423","libelle":"AV 0423","code_insee":"49353","commune":"Trélazé","contenance":387},"geometry":{"type":"MultiPolygon","coordinates":[[[[438818.27,6711157.55],[438817.62,6711171.0],[438828.1,6711171.47],[438831.22,6711171.61],[438840.62,6711172.03],[438840.8,6711172.04],[438840.95,6711171.48],[438844.34,6711171.67],[438845.52,6711174.43],[438845.97,6711165.51],[438846.31,6711158.77],[438842.71,6711158.64],[438830.26,6711158.08],[438818.27,6711157.55]]]]}},{"type":"Feature","properties":{"idu":"49353000AV0424","section":"AV","numero":"0424","libelle":"AV 0424","code_insee":"49353","commune":"Trélazé","contenance":361},"geometry":{"type":"MultiPolygon","coordinates":[[[[438818.27,6711157.55],[438830.26,6711158.08],[438842.71,6711158.64],[438846.31,6711158.77],[438846.59,6711153.35],[438846.93,6711146.56],[438843.28,6711146.35],[438830.82,6711145.76],[438818.98,6711145.14],[438818.69,6711150.65],[438818.27,6711157.55]]]]}},{"type":"Feature","properties":{"idu":"49353000AV0425","section":"AV","numero":"0425","libelle":"AV 0425","code_insee":"49353","commune":"Trélazé","contenance":139},"geometry":{"type":"MultiPolygon","coordinates":[[[[438409.91,6710749.08],[438411.18,6710757.99],[438411.74,6710761.77],[438417.14,6710761.4],[438418.14,6710761.33],[438420.41,6710761.19],[438426.36,6710760.8],[438425.76,6710756.2],[438419.94,6710756.96],[438418.76,6710748.8],[438416.35,6710748.65],[438416.24,6710748.65],[438413.17,6710748.86],[438409.91,6710749.08]]]]}},{"type":"Feature","properties":{"idu":"49353000AV0426","section":"AV","numero":"0426","libelle":"AV 0426","code_insee":"49353","commune":"Trélazé","contenance":347},"geometry":{"type":"MultiPolygon","coordinates":[[[[438411.11,6710724.77],[438410.62,6710728.58],[438410.4,6710730.33],[438408.91,6710742.12],[438409.91,6710749.08],[438413.17,6710748.86],[438416.24,6710748.65],[438416.35,6710748.65],[438418.76,6710748.8],[438419.94,6710756.96],[438425.76,6710756.2],[438425.54,6710754.65],[438424.71,6710748.78],[438424.36,6710746.37],[438424.2,6710745.21],[438424.16,6710744.89],[438423.25,6710738.89],[438423.03,6710737.35],[438422.52,6710733.72],[438422.13,6710731.02],[438421.75,6710728.32],[438411.11,6710724.77]]]]}},{"type":"Feature","properties":{"idu":"49353000AV0427","section":"AV","numero":"0427","libelle":"AV 0427","code_insee":"49353","commune":"Trélazé","contenance":571},"geometry":{"type":"MultiPolygon","coordinates":[[[[438878.12,6711265.5],[438878.75,6711262.5],[438879.06,6711260.45],[438879.12,6711260.01],[438879.47,6711257.5],[438869.02,6711256.9],[438862.12,6711256.5],[438860.73,6711256.43],[438853.86,6711256.11],[438853.2,6711256.09],[438844.75,6711255.68],[438843.75,6711255.63],[438840.09,6711255.46],[438838.87,6711278.11],[438844.46,6711275.43],[438852.98,6711271.33],[438855.87,6711269.95],[438858.41,6711268.69],[438877.19,6711269.7],[438878.12,6711265.5]]]]}},{"type":"Feature","properties":{"idu":"49353000AV0428","section":"AV","numero":"0428","libelle":"AV 0428","code_insee":"49353","commune":"Trélazé","contenance":543},"geometry":{"type":"MultiPolygon","coordinates":[[[[438838.87,6711278.11],[438838.2,6711292.88],[438846.3,6711288.76],[438855.29,6711284.2],[438857.15,6711283.26],[438866.87,6711283.7],[438874.6,6711284.13],[438875.38,6711279.09],[438876.21,6711273.74],[438876.3,6711273.37],[438877.19,6711269.7],[438858.41,6711268.69],[438855.87,6711269.95],[438852.98,6711271.33],[438844.46,6711275.43],[438838.87,6711278.11]]]]}},{"type":"Feature","properties":{"idu":"49353000AV0429","section":"AV","numero":"0429","libelle":"AV 0429","code_insee":"49353","commune":"Trélazé","contenance":522},"geometry":{"type":"MultiPolygon","coordinates":[[[[438874.6,6711284.13],[438866.87,6711283.7],[438857.15,6711283.26],[438855.29,6711284.2],[438846.3,6711288.76],[438838.2,6711292.88],[438837.4,6711307.76],[438848.49,6711302.2],[438856.04,6711298.41],[438856.24,6711298.41],[438872.49,6711299.16],[438873.13,6711294.3],[438873.51,6711291.44],[438874.6,6711284.13]]]]}},{"type":"Feature","properties":{"idu":"49353000AV0430","section":"AV","numero":"0430","libelle":"AV 0430","code_insee":"49353","commune":"Trélazé","contenance":574},"geometry":{"type":"MultiPolygon","coordinates":[[[[438869.97,6711319.18],[438870.85,6711312.54],[438871.66,6711306.09],[438872.49,6711299.16],[438856.24,6711298.41],[438856.04,6711298.41],[438848.49,6711302.2],[438837.4,6711307.76],[438837.17,6711313.35],[438836.95,6711317.7],[438843.76,6711318.04],[438844.17,6711318.06],[438853.13,6711318.5],[438855.73,6711318.63],[438857.75,6711318.71],[438869.97,6711319.18]]]]}},{"type":"Feature","properties":{"idu":"49353000AV0437","section":"AV","numero":"0437","libelle":"AV 0437","code_insee":"49353","commune":"Trélazé","contenance":28},"geometry":{"type":"MultiPolygon","coordinates":[[[[438862.2,6711231.88],[438860.35,6711231.78],[438854.35,6711231.42],[438853.97,6711239.04],[438862.2,6711231.88]]]]}},{"type":"Feature","properties":{"idu":"49353000AV0438","section":"AV","numero":"0438","libelle":"AV 0438","code_insee":"49353","commune":"Trélazé","contenance":517},"geometry":{"type":"MultiPolygon","coordinates":[[[[438883.94,6711232.27],[438884.85,6711226.89],[438885.05,6711226.26],[438885.52,6711223.86],[438885.76,6711222.69],[438886.32,6711219.96],[438887.07,6711215.45],[438878.0,6711215.07],[438875.22,6711214.97],[438871.89,6711214.84],[438871.25,6711214.81],[438861.21,6711214.42],[438855.13,6711214.03],[438854.35,6711231.42],[438860.35,6711231.78],[438862.2,6711231.88],[438870.3,6711232.26],[438873.97,6711232.44],[438879.94,6711232.72],[438883.78,6711232.9],[438883.94,6711232.27]]]]}},{"type":"Feature","properties":{"idu":"49353000AV0439","section":"AV","numero":"0439","libelle":"AV 0439","code_insee":"49353","commune":"Trélazé","contenance":460},"geometry":{"type":"MultiPolygon","coordinates":[[[[438887.65,6711201.13],[438879.27,6711200.71],[438868.77,6711200.15],[438855.76,6711199.4],[438855.13,6711214.03],[438861.21,6711214.42],[438871.25,6711214.81],[438871.89,6711214.84],[438875.22,6711214.97],[438878.0,6711215.07],[438887.07,6711215.45],[438887.44,6711206.77],[438887.65,6711201.13]]]]}},{"type":"Feature","properties":{"idu":"49353000AV0440","section":"AV","numero":"0440","libelle":"AV 0440","code_insee":"49353","commune":"Trélazé","contenance":434},"geometry":{"type":"MultiPolygon","coordinates":[[[[438889.49,6711155.44],[438889.62,6711151.86],[438889.76,6711147.7],[438890.03,6711140.24],[438879.25,6711139.7],[438869.87,6711139.35],[438868.3,6711139.29],[438868.32,6711141.18],[438864.24,6711147.32],[438858.28,6711147.05],[438857.92,6711154.8],[438865.7,6711155.11],[438866.92,6711155.16],[438869.88,6711155.28],[438875.77,6711155.59],[438878.36,6711155.72],[438878.84,6711155.74],[438889.44,6711156.35],[438889.49,6711155.44]]]]}},{"type":"Feature","properties":{"idu":"49353000AV0441","section":"AV","numero":"0441","libelle":"AV 0441","code_insee":"49353","commune":"Trélazé","contenance":572},"geometry":{"type":"MultiPolygon","coordinates":[[[[438890.61,6711122.43],[438890.74,6711119.96],[438878.55,6711119.38],[438877.93,6711119.36],[438868.82,6711118.9],[438866.4,6711118.8],[438859.67,6711118.5],[438859.62,6711121.73],[438859.56,6711124.44],[438859.16,6711131.03],[438865.07,6711131.22],[438868.34,6711137.38],[438868.3,6711139.29],[438869.87,6711139.35],[438879.25,6711139.7],[438890.03,6711140.24],[438890.11,6711138.56],[438890.39,6711130.45],[438890.61,6711122.43]]]]}},{"type":"Feature","properties":{"idu":"49353000AV0444","section":"AV","numero":"0444","libelle":"AV 0444","code_insee":"49353","commune":"Trélazé","contenance":317},"geometry":{"type":"MultiPolygon","coordinates":[[[[438384.81,6710818.74],[438393.06,6710817.63],[438392.16,6710811.37],[438390.11,6710797.15],[438386.74,6710797.51],[438384.99,6710796.77],[438375.65,6710798.36],[438373.6,6710798.66],[438374.82,6710806.9],[438378.3,6710806.47],[438379.2,6710813.11],[438380.03,6710819.39],[438384.81,6710818.74]]]]}},{"type":"Feature","properties":{"idu":"49353000AV0445","section":"AV","numero":"0445","libelle":"AV 0445","code_insee":"49353","commune":"Trélazé","contenance":14},"geometry":{"type":"MultiPolygon","coordinates":[[[[438372.73,6710792.63],[438373.6,6710798.66],[438375.65,6710798.36],[438374.91,6710792.35],[438372.73,6710792.63]]]]}},{"type":"Feature","properties":{"idu":"49353000AV0446","section":"AV","numero":"0446","libelle":"AV 0446","code_insee":"49353","commune":"Trélazé","contenance":148},"geometry":{"type":"MultiPolygon","coordinates":[[[[438672.56,6711250.87],[438676.59,6711250.95],[438677.35,6711250.96],[438684.17,6711251.1],[438691.16,6711251.17],[438695.33,6711251.18],[438700.26,6711251.08],[438702.65,6711251.08],[438709.98,6711251.11],[438710.11,6711247.07],[438706.47,6711246.99],[438697.17,6711247.04],[438695.61,6711247.03],[438688.59,6711246.97],[438685.95,6711246.95],[438679.99,6711246.88],[438676.73,6711246.89],[438672.63,6711246.92],[438672.52,6711248.66],[438672.46,6711250.94],[438672.56,6711250.87]]]]}},{"type":"Feature","properties":{"idu":"49353000AV0448","section":"AV","numero":"0448","libelle":"AV 0448","code_insee":"49353","commune":"Trélazé","contenance":12},"geometry":{"type":"MultiPolygon","coordinates":[[[[438805.8,6711082.86],[438812.46,6711079.54],[438812.04,6711078.67],[438811.72,6711078.1],[438805.06,6711081.43],[438805.8,6711082.86]]]]}},{"type":"Feature","properties":{"idu":"49353000AV0449","section":"AV","numero":"0449","libelle":"AV 0449","code_insee":"49353","commune":"Trélazé","contenance":9},"geometry":{"type":"MultiPolygon","coordinates":[[[[438805.8,6711082.86],[438805.06,6711081.43],[438799.39,6711084.34],[438800.09,6711085.79],[438805.8,6711082.86]]]]}},{"type":"Feature","properties":{"idu":"49353000AV0450","section":"AV","numero":"0450","libelle":"AV 0450","code_insee":"49353","commune":"Trélazé","contenance":259},"geometry":{"type":"MultiPolygon","coordinates":[[[[438791.65,6711076.47],[438792.98,6711082.0],[438793.61,6711084.53],[438794.59,6711088.47],[438796.63,6711087.49],[438800.09,6711085.79],[438799.39,6711084.34],[438805.06,6711081.43],[438811.72,6711078.1],[438812.04,6711078.67],[438814.25,6711077.5],[438816.85,6711076.11],[438811.92,6711066.16],[438803.11,6711070.61],[438791.65,6711076.47]]]]}},{"type":"Feature","properties":{"idu":"49353000AV0451","section":"AV","numero":"0451","libelle":"AV 0451","code_insee":"49353","commune":"Trélazé","contenance":74},"geometry":{"type":"MultiPolygon","coordinates":[[[[438814.81,6710931.35],[438814.9,6710933.25],[438854.55,6710930.31],[438854.42,6710928.4],[438814.81,6710931.35]]]]}},{"type":"Feature","properties":{"idu":"49353000AV0452","section":"AV","numero":"0452","libelle":"AV 0452","code_insee":"49353","commune":"Trélazé","contenance":71},"geometry":{"type":"MultiPolygon","coordinates":[[[[438854.42,6710928.4],[438854.3,6710926.64],[438848.08,6710927.16],[438843.87,6710927.49],[438839.97,6710927.78],[438814.66,6710929.61],[438814.81,6710931.35],[438854.42,6710928.4]]]]}},{"type":"Feature","properties":{"idu":"49353000AV0453","section":"AV","numero":"0453","libelle":"AV 0453","code_insee":"49353","commune":"Trélazé","contenance":632},"geometry":{"type":"MultiPolygon","coordinates":[[[[438840.37,6710911.6],[438835.25,6710912.0],[438834.12,6710912.08],[438828.95,6710912.49],[438813.63,6710913.7],[438814.66,6710929.61],[438839.97,6710927.78],[438843.87,6710927.49],[438848.08,6710927.16],[438854.3,6710926.64],[438853.7,6710918.07],[438853.16,6710910.57],[438846.95,6710911.08],[438840.37,6710911.6]]]]}},{"type":"Feature","properties":{"idu":"49353000AV0456","section":"AV","numero":"0456","libelle":"AV 0456","code_insee":"49353","commune":"Trélazé","contenance":805},"geometry":{"type":"MultiPolygon","coordinates":[[[[438570.93,6710787.51],[438571.11,6710777.54],[438571.36,6710766.56],[438570.16,6710766.46],[438569.31,6710766.4],[438567.16,6710766.34],[438564.3,6710766.29],[438560.44,6710766.2],[438555.8,6710766.17],[438550.35,6710766.13],[438544.64,6710766.13],[438538.98,6710766.14],[438539.05,6710779.28],[438539.18,6710793.8],[438547.25,6710793.44],[438555.04,6710793.02],[438557.73,6710792.98],[438559.08,6710792.96],[438559.16,6710790.65],[438559.14,6710786.43],[438564.5,6710786.38],[438564.52,6710787.61],[438570.93,6710787.51]]]]}},{"type":"Feature","properties":{"idu":"49353000AV0457","section":"AV","numero":"0457","libelle":"AV 0457","code_insee":"49353","commune":"Trélazé","contenance":150},"geometry":{"type":"MultiPolygon","coordinates":[[[[438570.93,6710787.51],[438564.52,6710787.61],[438564.5,6710786.38],[438559.14,6710786.43],[438559.16,6710790.65],[438559.08,6710792.96],[438557.73,6710792.98],[438555.04,6710793.02],[438556.06,6710794.88],[438556.13,6710799.15],[438557.77,6710798.85],[438561.46,6710798.26],[438562.27,6710798.19],[438562.76,6710798.13],[438563.27,6710798.11],[438564.32,6710798.15],[438566.78,6710798.2],[438570.69,6710798.25],[438570.84,6710791.58],[438570.93,6710787.51]]]]}},{"type":"Feature","properties":{"idu":"49353000AV0926","section":"AV","numero":"0926","libelle":"AV 0926","code_insee":"49353","commune":"Trélazé","contenance":326},"geometry":{"type":"MultiPolygon","coordinates":[[[[438891.53,6710963.7],[438900.36,6710950.55],[438909.48,6710944.54],[438903.66,6710945.05],[438899.18,6710945.44],[438897.82,6710945.55],[438892.57,6710946.0],[438888.5,6710946.33],[438887.26,6710946.42],[438871.56,6710947.65],[438870.32,6710949.46],[438873.89,6710951.69],[438879.58,6710955.55],[438884.97,6710959.18],[438887.25,6710960.75],[438891.53,6710963.7]]]]}},{"type":"Feature","properties":{"idu":"49353000AV0927","section":"AV","numero":"0927","libelle":"AV 0927","code_insee":"49353","commune":"Trélazé","contenance":376},"geometry":{"type":"MultiPolygon","coordinates":[[[[438863.85,6710930.77],[438864.18,6710935.12],[438864.23,6710935.59],[438864.89,6710944.56],[438868.24,6710947.98],[438870.32,6710949.46],[438871.56,6710947.65],[438887.26,6710946.42],[438886.43,6710934.63],[438886.21,6710931.77],[438886.03,6710929.17],[438882.33,6710929.44],[438879.42,6710929.64],[438863.85,6710930.77]]]]}},{"type":"Feature","properties":{"idu":"49353000AV0930","section":"AV","numero":"0930","libelle":"AV 0930","code_insee":"49353","commune":"Trélazé","contenance":2},"geometry":{"type":"MultiPolygon","coordinates":[[[[438277.55,6710811.3],[438279.19,6710810.83],[438279.37,6710810.69],[438278.28,6710809.4],[438277.55,6710811.3]]]]}},{"type":"Feature","properties":{"idu":"49353000AV0931","section":"AV","numero":"0931","libelle":"AV 0931","code_insee":"49353","commune":"Trélazé","contenance":13},"geometry":{"type":"MultiPolygon","coordinates":[[[[438275.43,6710811.98],[438277.55,6710811.3],[438278.28,6710809.4],[438279.37,6710810.69],[438279.86,6710810.25],[438278.75,6710805.87],[438276.63,6710805.52],[438276.35,6710809.49],[438275.43,6710811.98]]]]}},{"type":"Feature","properties":{"idu":"49353000AV0936","section":"AV","numero":"0936","libelle":"AV 0936","code_insee":"49353","commune":"Trélazé","contenance":645},"geometry":{"type":"MultiPolygon","coordinates":[[[[438813.36,6711278.4],[438815.23,6711279.12],[438816.13,6711279.46],[438827.16,6711283.71],[438827.91,6711269.58],[438828.47,6711260.17],[438817.98,6711255.86],[438805.42,6711250.77],[438796.79,6711271.76],[438810.72,6711277.34],[438811.57,6711277.69],[438813.36,6711278.4]]]]}},{"type":"Feature","properties":{"idu":"49353000AV0937","section":"AV","numero":"0937","libelle":"AV 0937","code_insee":"49353","commune":"Trélazé","contenance":454},"geometry":{"type":"MultiPolygon","coordinates":[[[[438805.97,6711296.67],[438813.36,6711278.4],[438811.57,6711277.69],[438810.72,6711277.34],[438796.79,6711271.76],[438792.55,6711270.04],[438788.43,6711279.98],[438784.98,6711288.49],[438789.66,6711290.32],[438797.0,6711293.16],[438805.97,6711296.67]]]]}},{"type":"Feature","properties":{"idu":"49353000AV0938","section":"AV","numero":"0938","libelle":"AV 0938","code_insee":"49353","commune":"Trélazé","contenance":454},"geometry":{"type":"MultiPolygon","coordinates":[[[[438784.98,6711288.49],[438781.63,6711296.63],[438777.48,6711306.72],[438783.31,6711309.04],[438790.57,6711311.92],[438798.58,6711315.1],[438805.97,6711296.67],[438797.0,6711293.16],[438789.66,6711290.32],[438784.98,6711288.49]]]]}},{"type":"Feature","properties":{"idu":"49353000AV0939","section":"AV","numero":"0939","libelle":"AV 0939","code_insee":"49353","commune":"Trélazé","contenance":611},"geometry":{"type":"MultiPolygon","coordinates":[[[[438777.48,6711306.72],[438775.04,6711312.88],[438770.84,6711323.01],[438770.06,6711324.52],[438770.16,6711328.03],[438773.97,6711333.72],[438777.6,6711333.98],[438784.65,6711334.42],[438792.15,6711334.89],[438797.68,6711335.23],[438798.58,6711315.1],[438790.57,6711311.92],[438783.31,6711309.04],[438777.48,6711306.72]]]]}},{"type":"Feature","properties":{"idu":"49353000AV0942","section":"AV","numero":"0942","libelle":"AV 0942","code_insee":"49353","commune":"Trélazé","contenance":743},"geometry":{"type":"MultiPolygon","coordinates":[[[[438813.36,6711278.4],[438805.97,6711296.67],[438798.58,6711315.1],[438810.99,6711315.65],[438820.33,6711316.06],[438825.6,6711316.3],[438826.15,6711304.5],[438826.49,6711296.52],[438826.84,6711289.83],[438827.16,6711283.71],[438816.13,6711279.46],[438815.23,6711279.12],[438813.36,6711278.4]]]]}},{"type":"Feature","properties":{"idu":"49353000AV0943","section":"AV","numero":"0943","libelle":"AV 0943","code_insee":"49353","commune":"Trélazé","contenance":811},"geometry":{"type":"MultiPolygon","coordinates":[[[[438751.05,6711265.15],[438739.17,6711255.28],[438730.73,6711256.3],[438721.13,6711257.46],[438720.63,6711266.6],[438720.4,6711272.62],[438719.78,6711286.68],[438742.5,6711287.66],[438748.55,6711272.2],[438751.05,6711265.15]]]]}},{"type":"Feature","properties":{"idu":"49353000AV0944","section":"AV","numero":"0944","libelle":"AV 0944","code_insee":"49353","commune":"Trélazé","contenance":546},"geometry":{"type":"MultiPolygon","coordinates":[[[[438742.5,6711287.66],[438719.78,6711286.68],[438719.24,6711298.2],[438718.57,6711310.39],[438725.77,6711310.89],[438741.08,6711311.57],[438742.3,6711290.99],[438742.5,6711287.66]]]]}},{"type":"Feature","properties":{"idu":"49353000AV0945","section":"AV","numero":"0945","libelle":"AV 0945","code_insee":"49353","commune":"Trélazé","contenance":609},"geometry":{"type":"MultiPolygon","coordinates":[[[[438751.05,6711265.15],[438748.55,6711272.2],[438763.41,6711278.08],[438772.7,6711281.76],[438779.01,6711284.26],[438782.81,6711274.96],[438786.18,6711266.77],[438780.84,6711264.59],[438779.37,6711263.99],[438773.63,6711261.66],[438772.71,6711261.29],[438765.06,6711258.2],[438763.01,6711257.37],[438760.1,6711256.21],[438759.55,6711255.98],[438755.54,6711255.53],[438755.42,6711256.3],[438755.32,6711256.88],[438755.23,6711257.58],[438755.06,6711258.21],[438754.83,6711258.96],[438754.6,6711259.6],[438754.32,6711260.28],[438753.95,6711261.05],[438753.54,6711261.76],[438753.07,6711262.45],[438752.35,6711263.53],[438751.84,6711264.25],[438751.05,6711265.15]]]]}},{"type":"Feature","properties":{"idu":"49353000AV0946","section":"AV","numero":"0946","libelle":"AV 0946","code_insee":"49353","commune":"Trélazé","contenance":652},"geometry":{"type":"MultiPolygon","coordinates":[[[[438779.01,6711284.26],[438772.7,6711281.76],[438763.41,6711278.08],[438748.55,6711272.2],[438742.5,6711287.66],[438742.3,6711290.99],[438747.25,6711293.0],[438759.54,6711297.97],[438766.92,6711300.95],[438771.49,6711302.79],[438774.98,6711294.15],[438779.01,6711284.26]]]]}},{"type":"Feature","properties":{"idu":"49353000AV0947","section":"AV","numero":"0947","libelle":"AV 0947","code_insee":"49353","commune":"Trélazé","contenance":537},"geometry":{"type":"MultiPolygon","coordinates":[[[[438741.08,6711311.57],[438741.93,6711311.61],[438764.24,6711320.36],[438771.49,6711302.79],[438766.92,6711300.95],[438759.54,6711297.97],[438747.25,6711293.0],[438742.3,6711290.99],[438741.08,6711311.57]]]]}},{"type":"Feature","properties":{"idu":"49353000AV0948","section":"AV","numero":"0948","libelle":"AV 0948","code_insee":"49353","commune":"Trélazé","contenance":1570},"geometry":{"type":"MultiPolygon","coordinates":[[[[439045.55,6710785.75],[439045.79,6710784.54],[439046.63,6710780.34],[439047.06,6710778.14],[439047.68,6710774.55],[439047.96,6710772.83],[439051.03,6710756.06],[439048.72,6710755.79],[439044.54,6710755.27],[439039.35,6710754.63],[439035.68,6710754.19],[439031.99,6710753.74],[439028.72,6710753.37],[439025.79,6710752.98],[439022.0,6710752.51],[439018.32,6710752.04],[439015.01,6710751.68],[439010.22,6710751.09],[439004.59,6710751.45],[439004.53,6710754.94],[439004.46,6710758.61],[439008.43,6710758.64],[439008.34,6710764.55],[439004.45,6710763.27],[439004.39,6710768.66],[439004.25,6710775.77],[439004.09,6710782.59],[439004.02,6710787.05],[439017.47,6710788.73],[439024.25,6710789.59],[439024.35,6710789.6],[439034.92,6710790.88],[439038.95,6710791.39],[439044.35,6710792.09],[439044.89,6710789.12],[439045.55,6710785.75]]]]}},{"type":"Feature","properties":{"idu":"49353000AV0949","section":"AV","numero":"0949","libelle":"AV 0949","code_insee":"49353","commune":"Trélazé","contenance":21},"geometry":{"type":"MultiPolygon","coordinates":[[[[439004.46,6710758.61],[439004.45,6710763.27],[439008.34,6710764.55],[439008.43,6710758.64],[439004.46,6710758.61]]]]}},{"type":"Feature","properties":{"idu":"49353000AV0952","section":"AV","numero":"0952","libelle":"AV 0952","code_insee":"49353","commune":"Trélazé","contenance":1550},"geometry":{"type":"MultiPolygon","coordinates":[[[[438528.77,6710923.8],[438527.86,6710916.75],[438527.87,6710916.46],[438528.03,6710916.13],[438528.31,6710915.63],[438528.97,6710914.92],[438530.68,6710913.34],[438533.22,6710910.81],[438538.85,6710905.67],[438542.64,6710902.23],[438545.31,6710899.62],[438546.73,6710898.24],[438547.37,6710897.42],[438548.44,6710896.0],[438550.13,6710893.74],[438551.18,6710892.28],[438552.21,6710890.88],[438552.91,6710889.76],[438553.76,6710888.49],[438554.8,6710886.89],[438555.71,6710885.49],[438555.79,6710885.3],[438556.26,6710884.17],[438557.12,6710882.14],[438558.24,6710879.73],[438559.1,6710877.61],[438559.8,6710875.88],[438561.38,6710871.89],[438562.71,6710868.38],[438563.76,6710865.54],[438564.27,6710864.14],[438564.99,6710861.81],[438566.33,6710857.41],[438567.57,6710853.04],[438568.2,6710850.92],[438569.13,6710847.78],[438569.45,6710846.5],[438571.16,6710840.43],[438572.8,6710834.57],[438574.1,6710829.85],[438574.59,6710828.06],[438583.27,6710827.1],[438582.13,6710818.16],[438581.33,6710811.92],[438582.55,6710811.72],[438581.66,6710803.72],[438580.78,6710795.8],[438580.67,6710793.69],[438579.94,6710787.12],[438579.15,6710779.95],[438581.78,6710775.08],[438583.83,6710771.18],[438583.26,6710768.03],[438580.33,6710768.1],[438576.19,6710767.33],[438573.0,6710766.79],[438571.36,6710766.56],[438571.11,6710777.54],[438570.93,6710787.51],[438570.84,6710791.58],[438570.69,6710798.25],[438566.78,6710798.2],[438564.32,6710798.15],[438564.42,6710799.58],[438565.35,6710799.62],[438566.15,6710800.45],[438566.7,6710801.13],[438567.0,6710801.59],[438567.45,6710802.36],[438568.07,6710803.43],[438568.67,6710804.55],[438568.95,6710805.32],[438569.26,6710806.26],[438569.65,6710807.38],[438570.01,6710808.57],[438570.11,6710809.25],[438570.31,6710810.44],[438570.45,6710811.53],[438570.48,6710812.52],[438570.43,6710813.49],[438570.3,6710814.51],[438570.08,6710815.51],[438569.69,6710817.75],[438569.22,6710820.44],[438568.62,6710823.98],[438567.8,6710828.45],[438567.11,6710831.98],[438566.44,6710835.62],[438565.65,6710839.8],[438565.15,6710842.19],[438564.79,6710843.63],[438564.45,6710845.06],[438563.97,6710846.6],[438563.29,6710848.87],[438562.61,6710851.03],[438561.7,6710853.73],[438560.78,6710856.35],[438559.86,6710859.14],[438558.7,6710862.39],[438557.9,6710864.69],[438557.14,6710866.58],[438556.34,6710868.48],[438555.57,6710870.25],[438554.6,6710872.49],[438553.63,6710874.67],[438552.63,6710876.91],[438551.92,6710878.37],[438551.02,6710880.28],[438550.15,6710881.91],[438549.32,6710883.54],[438548.66,6710884.78],[438547.97,6710885.82],[438547.16,6710887.11],[438546.18,6710888.59],[438545.24,6710890.01],[438544.17,6710891.51],[438543.39,6710892.51],[438542.44,6710893.82],[438541.42,6710895.09],[438540.52,6710896.08],[438539.57,6710897.12],[438538.5,6710898.27],[438537.46,6710899.37],[438536.24,6710900.56],[438534.73,6710901.98],[438533.57,6710902.96],[438532.08,6710904.27],[438531.19,6710905.02],[438529.67,6710906.34],[438527.52,6710908.13],[438525.16,6710910.01],[438522.8,6710912.03],[438520.65,6710913.9],[438518.17,6710916.01],[438515.58,6710918.21],[438513.44,6710920.02],[438516.97,6710929.89],[438520.42,6710939.72],[438523.06,6710937.19],[438525.59,6710934.77],[438529.64,6710930.82],[438529.26,6710927.75],[438528.77,6710923.8]]]]}},{"type":"Feature","properties":{"idu":"49353000AV0955","section":"AV","numero":"0955","libelle":"AV 0955","code_insee":"49353","commune":"Trélazé","contenance":4220},"geometry":{"type":"MultiPolygon","coordinates":[[[[438783.16,6710916.04],[438768.22,6710917.23],[438747.53,6710918.83],[438733.93,6710919.94],[438727.89,6710920.4],[438710.3,6710921.72],[438714.58,6710976.37],[438717.74,6710976.08],[438723.59,6710975.61],[438737.88,6710974.4],[438745.94,6710973.71],[438747.0,6710973.61],[438750.24,6710973.44],[438753.65,6710973.26],[438757.31,6710973.08],[438760.86,6710972.89],[438764.97,6710972.71],[438768.99,6710972.55],[438773.58,6710972.36],[438776.77,6710972.22],[438779.44,6710971.99],[438781.5,6710971.92],[438782.57,6710971.81],[438785.31,6710971.51],[438786.86,6710971.32],[438791.38,6710970.74],[438788.34,6710937.48],[438786.37,6710915.79],[438783.16,6710916.04]]]]}},{"type":"Feature","properties":{"idu":"49353000AV0956","section":"AV","numero":"0956","libelle":"AV 0956","code_insee":"49353","commune":"Trélazé","contenance":164},"geometry":{"type":"MultiPolygon","coordinates":[[[[438335.01,6710699.22],[438326.31,6710696.3],[438325.85,6710711.92],[438325.78,6710716.07],[438329.25,6710716.13],[438333.4,6710716.18],[438335.29,6710716.21],[438335.28,6710715.49],[438335.17,6710708.9],[438335.01,6710699.22]]]]}},{"type":"Feature","properties":{"idu":"49353000AV0965","section":"AV","numero":"0965","libelle":"AV 0965","code_insee":"49353","commune":"Trélazé","contenance":96},"geometry":{"type":"MultiPolygon","coordinates":[[[[438286.03,6710796.35],[438282.64,6710795.92],[438282.96,6710793.39],[438280.97,6710792.94],[438280.78,6710794.07],[438280.58,6710795.6],[438280.81,6710797.71],[438280.87,6710799.13],[438280.88,6710799.76],[438280.8,6710800.15],[438280.74,6710800.59],[438280.63,6710800.96],[438280.52,6710801.41],[438280.36,6710801.98],[438280.26,6710802.54],[438279.96,6710806.07],[438280.66,6710806.18],[438281.57,6710807.81],[438282.2,6710808.94],[438285.61,6710812.33],[438287.06,6710813.76],[438288.52,6710807.56],[438284.99,6710806.94],[438286.09,6710799.41],[438285.62,6710799.28],[438286.03,6710796.35]]]]}},{"type":"Feature","properties":{"idu":"49353000AV0973","section":"AV","numero":"0973","libelle":"AV 0973","code_insee":"49353","commune":"Trélazé","contenance":375},"geometry":{"type":"MultiPolygon","coordinates":[[[[438846.48,6711049.05],[438853.1,6711047.17],[438853.91,6711046.63],[438854.31,6711046.34],[438854.7,6711046.05],[438855.15,6711045.64],[438855.8,6711044.97],[438856.6,6711044.19],[438857.42,6711043.2],[438858.61,6711041.72],[438859.36,6711040.78],[438792.52,6711058.23],[438787.81,6711059.51],[438788.89,6711064.9],[438789.16,6711064.84],[438825.03,6711054.86],[438846.48,6711049.05]]]]}},{"type":"Feature","properties":{"idu":"49353000AV0975","section":"AV","numero":"0975","libelle":"AV 0975","code_insee":"49353","commune":"Trélazé","contenance":5823},"geometry":{"type":"MultiPolygon","coordinates":[[[[438724.22,6711060.12],[438728.93,6711059.45],[438741.23,6711057.72],[438741.58,6711057.67],[438755.54,6711055.67],[438764.54,6711054.35],[438771.43,6711055.85],[438773.13,6711056.22],[438780.55,6711057.84],[438787.81,6711059.51],[438792.52,6711058.23],[438792.1,6711051.32],[438790.76,6711030.24],[438789.02,6711004.1],[438786.86,6710971.32],[438785.31,6710971.51],[438782.57,6710971.81],[438781.5,6710971.92],[438779.44,6710971.99],[438776.77,6710972.22],[438773.58,6710972.36],[438768.99,6710972.55],[438764.97,6710972.71],[438760.86,6710972.89],[438757.31,6710973.08],[438753.65,6710973.26],[438750.24,6710973.44],[438747.0,6710973.61],[438745.94,6710973.71],[438737.88,6710974.4],[438723.59,6710975.61],[438717.74,6710976.08],[438724.22,6711060.12]]]]}},{"type":"Feature","properties":{"idu":"49353000AV0979","section":"AV","numero":"0979","libelle":"AV 0979","code_insee":"49353","commune":"Trélazé","contenance":704},"geometry":{"type":"MultiPolygon","coordinates":[[[[438791.65,6711076.47],[438803.11,6711070.61],[438811.92,6711066.16],[438816.85,6711076.11],[438826.95,6711070.61],[438834.66,6711066.31],[438842.19,6711062.27],[438842.75,6711060.95],[438843.62,6711058.83],[438844.3,6711057.4],[438844.79,6711056.42],[438845.24,6711055.68],[438845.68,6711054.9],[438846.31,6711054.05],[438847.07,6711053.13],[438847.44,6711052.74],[438846.48,6711049.05],[438825.03,6711054.86],[438789.16,6711064.84],[438790.78,6711072.54],[438791.65,6711076.47]]]]}},{"type":"Feature","properties":{"idu":"49353000AV0980","section":"AV","numero":"0980","libelle":"AV 0980","code_insee":"49353","commune":"Trélazé","contenance":5374},"geometry":{"type":"MultiPolygon","coordinates":[[[[438791.38,6710970.74],[438786.86,6710971.32],[438789.02,6711004.1],[438790.76,6711030.24],[438792.1,6711051.32],[438798.8,6711052.75],[438858.71,6711036.42],[438859.96,6711034.76],[438859.73,6711030.29],[438859.01,6711018.94],[438858.31,6711007.84],[438857.57,6710996.73],[438856.63,6710982.8],[438855.45,6710964.5],[438854.92,6710964.5],[438852.48,6710964.48],[438851.49,6710964.48],[438846.03,6710964.52],[438846.0,6710964.43],[438845.27,6710964.31],[438843.6,6710964.31],[438841.47,6710964.41],[438840.03,6710964.46],[438835.88,6710964.77],[438832.97,6710964.96],[438829.46,6710965.31],[438827.37,6710965.52],[438823.96,6710965.87],[438822.52,6710966.08],[438817.23,6710966.85],[438808.76,6710968.18],[438808.0,6710968.29],[438804.88,6710968.77],[438801.97,6710969.22],[438801.5,6710969.28],[438797.35,6710969.84],[438795.65,6710970.08],[438791.38,6710970.74]]]]}},{"type":"Feature","properties":{"idu":"49353000AV0981","section":"AV","numero":"0981","libelle":"AV 0981","code_insee":"49353","commune":"Trélazé","contenance":307},"geometry":{"type":"MultiPolygon","coordinates":[[[[438792.52,6711058.23],[438859.36,6711040.78],[438860.23,6711039.86],[438859.96,6711034.76],[438858.71,6711036.42],[438798.8,6711052.75],[438792.1,6711051.32],[438792.52,6711058.23]]]]}},{"type":"Feature","properties":{"idu":"49353000AV0983","section":"AV","numero":"0983","libelle":"AV 0983","code_insee":"49353","commune":"Trélazé","contenance":119},"geometry":{"type":"MultiPolygon","coordinates":[[[[438859.96,6711034.76],[438861.08,6711033.32],[438860.99,6711032.36],[438861.9,6711032.31],[438861.4,6711024.97],[438860.66,6711013.93],[438859.39,6710996.23],[438857.94,6710976.86],[438856.92,6710964.42],[438855.45,6710964.5],[438856.63,6710982.8],[438857.57,6710996.73],[438858.31,6711007.84],[438859.01,6711018.94],[438859.73,6711030.29],[438859.96,6711034.76]]]]}},{"type":"Feature","properties":{"idu":"49353000AV0984","section":"AV","numero":"0984","libelle":"AV 0984","code_insee":"49353","commune":"Trélazé","contenance":699},"geometry":{"type":"MultiPolygon","coordinates":[[[[439051.16,6710984.63],[439057.07,6710985.49],[439062.35,6710980.5],[439062.74,6710976.1],[439063.09,6710972.26],[439063.52,6710972.28],[439068.52,6710972.91],[439074.05,6710973.4],[439075.05,6710968.46],[439074.59,6710968.1],[439074.17,6710967.66],[439073.5,6710966.98],[439072.79,6710966.25],[439072.26,6710965.65],[439071.77,6710965.14],[439071.3,6710964.72],[439070.86,6710964.33],[439070.16,6710963.88],[439069.58,6710963.49],[439069.08,6710963.16],[439068.37,6710962.85],[439067.33,6710962.43],[439066.5,6710962.15],[439065.49,6710961.89],[439063.71,6710961.49],[439062.22,6710961.11],[439060.52,6710960.81],[439058.09,6710960.39],[439055.58,6710959.98],[439051.39,6710959.29],[439050.52,6710959.05],[439049.83,6710958.85],[439049.11,6710958.48],[439048.47,6710958.14],[439047.96,6710957.79],[439047.52,6710957.45],[439047.05,6710956.97],[439046.45,6710956.34],[439045.77,6710955.6],[439045.25,6710954.9],[439044.49,6710953.99],[439042.83,6710968.89],[439041.59,6710980.14],[439038.23,6710979.84],[439035.0,6710979.52],[439030.87,6710979.36],[439024.2,6710979.13],[439018.45,6710979.07],[439017.48,6710982.57],[439030.62,6710983.36],[439037.71,6710983.76],[439044.02,6710984.11],[439051.16,6710984.63]]]]}},{"type":"Feature","properties":{"idu":"49353000AV0985","section":"AV","numero":"0985","libelle":"AV 0985","code_insee":"49353","commune":"Trélazé","contenance":484},"geometry":{"type":"MultiPolygon","coordinates":[[[[439051.16,6710984.63],[439048.98,6711000.2],[439054.75,6711000.92],[439065.66,6711006.9],[439066.23,6711001.76],[439068.1,6711002.45],[439068.87,6711000.4],[439066.92,6710999.62],[439067.21,6710998.91],[439069.59,6710992.4],[439073.1,6710982.5],[439073.03,6710979.0],[439074.05,6710973.4],[439068.52,6710972.91],[439063.52,6710972.28],[439063.09,6710972.26],[439062.74,6710976.1],[439062.35,6710980.5],[439057.07,6710985.49],[439051.16,6710984.63]]]]}},{"type":"Feature","properties":{"idu":"49353000AV0987","section":"AV","numero":"0987","libelle":"AV 0987","code_insee":"49353","commune":"Trélazé","contenance":18},"geometry":{"type":"MultiPolygon","coordinates":[[[[439051.41,6710955.89],[439044.49,6710953.99],[439045.25,6710954.9],[439045.77,6710955.6],[439046.45,6710956.34],[439047.05,6710956.97],[439047.52,6710957.45],[439047.96,6710957.79],[439048.47,6710958.14],[439049.11,6710958.48],[439049.83,6710958.85],[439050.52,6710959.05],[439051.39,6710959.29],[439051.41,6710955.89]]]]}},{"type":"Feature","properties":{"idu":"49353000AV0989","section":"AV","numero":"0989","libelle":"AV 0989","code_insee":"49353","commune":"Trélazé","contenance":70},"geometry":{"type":"MultiPolygon","coordinates":[[[[439051.41,6710955.89],[439051.39,6710959.29],[439055.58,6710959.98],[439058.09,6710960.39],[439060.52,6710960.81],[439062.22,6710961.11],[439063.71,6710961.49],[439065.49,6710961.89],[439066.5,6710962.15],[439067.33,6710962.43],[439068.37,6710962.85],[439069.08,6710963.16],[439069.58,6710963.49],[439070.16,6710963.88],[439070.86,6710964.33],[439071.3,6710964.72],[439071.77,6710965.14],[439072.26,6710965.65],[439072.79,6710966.25],[439073.5,6710966.98],[439074.17,6710967.66],[439074.59,6710968.1],[439075.05,6710968.46],[439075.43,6710966.53],[439076.19,6710962.72],[439071.43,6710961.45],[439068.63,6710960.69],[439066.81,6710960.21],[439059.8,6710958.22],[439051.41,6710955.89]]]]}},{"type":"Feature","properties":{"idu":"49353000AV0996","section":"AV","numero":"0996","libelle":"AV 0996","code_insee":"49353","commune":"Trélazé","contenance":23},"geometry":{"type":"MultiPolygon","coordinates":[[[[439073.1,6710982.5],[439078.14,6710982.75],[439074.05,6710973.4],[439073.03,6710979.0],[439073.1,6710982.5]]]]}},{"type":"Feature","properties":{"idu":"49353000AV0997","section":"AV","numero":"0997","libelle":"AV 0997","code_insee":"49353","commune":"Trélazé","contenance":461},"geometry":{"type":"MultiPolygon","coordinates":[[[[439149.25,6710985.96],[439152.6,6710986.17],[439152.08,6710981.74],[439149.41,6710981.64],[439129.67,6710981.21],[439111.96,6710980.73],[439096.15,6710980.27],[439096.3,6710972.81],[439093.55,6710972.64],[439092.36,6710972.57],[439088.23,6710972.32],[439084.54,6710972.12],[439083.2,6710971.98],[439082.79,6710971.94],[439081.95,6710971.89],[439081.09,6710971.77],[439080.31,6710971.49],[439079.4,6710971.23],[439078.71,6710970.98],[439077.58,6710970.31],[439076.41,6710969.55],[439075.05,6710968.46],[439074.05,6710973.4],[439078.14,6710982.75],[439086.47,6710983.21],[439095.92,6710983.65],[439096.96,6710983.62],[439102.93,6710983.86],[439113.28,6710984.32],[439122.98,6710984.75],[439133.35,6710985.28],[439149.25,6710985.96]]]]}},{"type":"Feature","properties":{"idu":"49353000AV0998","section":"AV","numero":"0998","libelle":"AV 0998","code_insee":"49353","commune":"Trélazé","contenance":504},"geometry":{"type":"MultiPolygon","coordinates":[[[[438737.6,6711247.5],[438737.98,6711246.24],[438738.43,6711244.49],[438738.86,6711242.72],[438739.07,6711241.85],[438739.31,6711240.86],[438739.53,6711239.52],[438739.73,6711238.22],[438739.97,6711236.62],[438740.04,6711235.77],[438740.08,6711234.57],[438740.12,6711229.46],[438726.2,6711228.59],[438717.62,6711228.06],[438711.6,6711227.68],[438711.28,6711233.63],[438717.38,6711247.29],[438737.6,6711247.5]]]]}},{"type":"Feature","properties":{"idu":"49353000AV0999","section":"AV","numero":"0999","libelle":"AV 0999","code_insee":"49353","commune":"Trélazé","contenance":513},"geometry":{"type":"MultiPolygon","coordinates":[[[[438740.19,6711211.41],[438727.59,6711210.64],[438719.27,6711210.11],[438712.55,6711209.7],[438712.07,6711218.47],[438711.6,6711227.68],[438717.62,6711228.06],[438726.2,6711228.59],[438740.12,6711229.46],[438740.12,6711218.14],[438740.19,6711211.41]]]]}},{"type":"Feature","properties":{"idu":"49353000AV1000","section":"AV","numero":"1000","libelle":"AV 1000","code_insee":"49353","commune":"Trélazé","contenance":511},"geometry":{"type":"MultiPolygon","coordinates":[[[[438740.19,6711211.41],[438740.33,6711203.1],[438740.57,6711193.17],[438730.88,6711192.57],[438713.5,6711191.47],[438713.03,6711200.43],[438712.55,6711209.7],[438719.27,6711210.11],[438727.59,6711210.64],[438740.19,6711211.41]]]]}},{"type":"Feature","properties":{"idu":"49353000AV1001","section":"AV","numero":"1001","libelle":"AV 1001","code_insee":"49353","commune":"Trélazé","contenance":499},"geometry":{"type":"MultiPolygon","coordinates":[[[[438740.99,6711175.69],[438741.47,6711157.21],[438729.52,6711156.56],[438726.08,6711156.37],[438721.17,6711156.14],[438715.18,6711155.84],[438714.69,6711166.42],[438714.31,6711173.96],[438725.29,6711174.66],[438740.99,6711175.69]]]]}},{"type":"Feature","properties":{"idu":"49353000AV1002","section":"AV","numero":"1002","libelle":"AV 1002","code_insee":"49353","commune":"Trélazé","contenance":619},"geometry":{"type":"MultiPolygon","coordinates":[[[[438702.17,6711228.24],[438704.65,6711228.34],[438705.68,6711208.7],[438698.49,6711208.31],[438691.6,6711207.94],[438674.91,6711206.84],[438674.46,6711213.89],[438674.24,6711217.47],[438674.06,6711221.19],[438673.71,6711227.14],[438691.22,6711227.83],[438699.41,6711228.13],[438702.17,6711228.24]]]]}},{"type":"Feature","properties":{"idu":"49353000AV1003","section":"AV","numero":"1003","libelle":"AV 1003","code_insee":"49353","commune":"Trélazé","contenance":585},"geometry":{"type":"MultiPolygon","coordinates":[[[[438702.17,6711228.24],[438699.41,6711228.13],[438691.22,6711227.83],[438673.71,6711227.14],[438673.25,6711235.11],[438672.88,6711242.07],[438672.63,6711246.92],[438676.73,6711246.89],[438679.99,6711246.88],[438685.95,6711246.95],[438688.59,6711246.97],[438695.61,6711247.03],[438697.17,6711247.04],[438706.47,6711246.99],[438706.51,6711242.18],[438701.43,6711241.94],[438702.17,6711228.24]]]]}},{"type":"Feature","properties":{"idu":"49353000AV1004","section":"AV","numero":"1004","libelle":"AV 1004","code_insee":"49353","commune":"Trélazé","contenance":1793},"geometry":{"type":"MultiPolygon","coordinates":[[[[438704.2,6711133.75],[438703.98,6711138.96],[438709.1,6711139.22],[438708.81,6711145.49],[438708.54,6711150.95],[438707.97,6711162.54],[438707.68,6711169.19],[438707.45,6711173.68],[438701.99,6711176.74],[438701.83,6711183.45],[438701.62,6711188.97],[438701.97,6711189.03],[438706.57,6711192.57],[438706.17,6711199.86],[438705.68,6711208.7],[438704.65,6711228.34],[438702.17,6711228.24],[438701.43,6711241.94],[438706.51,6711242.18],[438706.47,6711246.99],[438710.11,6711247.07],[438709.98,6711251.11],[438718.51,6711251.02],[438727.63,6711251.04],[438733.33,6711251.02],[438736.32,6711251.01],[438737.6,6711247.5],[438717.38,6711247.29],[438711.28,6711233.63],[438711.6,6711227.68],[438712.07,6711218.47],[438712.55,6711209.7],[438713.03,6711200.43],[438713.5,6711191.47],[438730.88,6711192.57],[438740.57,6711193.17],[438740.57,6711191.17],[438740.82,6711181.02],[438740.99,6711175.69],[438725.29,6711174.66],[438714.31,6711173.96],[438714.69,6711166.42],[438715.18,6711155.84],[438716.08,6711137.28],[438716.91,6711120.77],[438717.76,6711119.5],[438730.58,6711113.79],[438728.55,6711109.51],[438728.33,6711109.65],[438723.78,6711111.64],[438723.44,6711111.67],[438719.49,6711112.1],[438714.93,6711112.61],[438710.64,6711113.07],[438705.73,6711113.27],[438705.44,6711118.51],[438708.06,6711118.75],[438710.09,6711121.85],[438709.72,6711129.11],[438704.37,6711128.81],[438704.2,6711133.75]]]]}},{"type":"Feature","properties":{"idu":"49353000AV1005","section":"AV","numero":"1005","libelle":"AV 1005","code_insee":"49353","commune":"Trélazé","contenance":491},"geometry":{"type":"MultiPolygon","coordinates":[[[[438741.47,6711157.21],[438742.01,6711138.61],[438730.56,6711138.0],[438726.54,6711137.79],[438721.03,6711137.52],[438716.08,6711137.28],[438715.18,6711155.84],[438721.17,6711156.14],[438726.08,6711156.37],[438729.52,6711156.56],[438741.47,6711157.21]]]]}},{"type":"Feature","properties":{"idu":"49353000AV1006","section":"AV","numero":"1006","libelle":"AV 1006","code_insee":"49353","commune":"Trélazé","contenance":457},"geometry":{"type":"MultiPolygon","coordinates":[[[[438742.02,6711137.32],[438732.94,6711118.64],[438730.58,6711113.79],[438717.76,6711119.5],[438716.91,6711120.77],[438716.08,6711137.28],[438721.03,6711137.52],[438726.54,6711137.79],[438730.56,6711138.0],[438742.01,6711138.61],[438742.02,6711137.32]]]]}},{"type":"Feature","properties":{"idu":"49353000AV1007","section":"AV","numero":"1007","libelle":"AV 1007","code_insee":"49353","commune":"Trélazé","contenance":478},"geometry":{"type":"MultiPolygon","coordinates":[[[[438704.2,6711133.75],[438704.37,6711128.81],[438709.72,6711129.11],[438710.09,6711121.85],[438708.06,6711118.75],[438705.44,6711118.51],[438705.73,6711113.27],[438691.76,6711113.78],[438684.34,6711114.1],[438683.2,6711125.39],[438682.36,6711132.83],[438690.59,6711133.2],[438693.9,6711133.35],[438700.07,6711133.6],[438704.2,6711133.75]]]]}},{"type":"Feature","properties":{"idu":"49353000AV1008","section":"AV","numero":"1008","libelle":"AV 1008","code_insee":"49353","commune":"Trélazé","contenance":474},"geometry":{"type":"MultiPolygon","coordinates":[[[[438704.2,6711133.75],[438700.07,6711133.6],[438693.9,6711133.35],[438690.59,6711133.2],[438682.36,6711132.83],[438681.64,6711139.58],[438681.1,6711144.36],[438680.55,6711149.54],[438690.21,6711150.03],[438695.73,6711150.31],[438701.77,6711150.61],[438708.54,6711150.95],[438708.81,6711145.49],[438709.1,6711139.22],[438703.98,6711138.96],[438704.2,6711133.75]]]]}},{"type":"Feature","properties":{"idu":"49353000AV1009","section":"AV","numero":"1009","libelle":"AV 1009","code_insee":"49353","commune":"Trélazé","contenance":519},"geometry":{"type":"MultiPolygon","coordinates":[[[[438707.68,6711169.19],[438707.97,6711162.54],[438708.54,6711150.95],[438701.77,6711150.61],[438695.73,6711150.31],[438690.21,6711150.03],[438680.55,6711149.54],[438679.86,6711156.01],[438679.12,6711162.87],[438678.62,6711167.25],[438693.2,6711168.22],[438702.55,6711168.85],[438707.68,6711169.19]]]]}},{"type":"Feature","properties":{"idu":"49353000AV1010","section":"AV","numero":"1010","libelle":"AV 1010","code_insee":"49353","commune":"Trélazé","contenance":531},"geometry":{"type":"MultiPolygon","coordinates":[[[[438707.68,6711169.19],[438702.55,6711168.85],[438693.2,6711168.22],[438678.62,6711167.25],[438677.81,6711175.07],[438677.07,6711182.4],[438676.55,6711187.47],[438701.62,6711188.97],[438701.83,6711183.45],[438701.99,6711176.74],[438707.45,6711173.68],[438707.68,6711169.19]]]]}},{"type":"Feature","properties":{"idu":"49353000AV1011","section":"AV","numero":"1011","libelle":"AV 1011","code_insee":"49353","commune":"Trélazé","contenance":591},"geometry":{"type":"MultiPolygon","coordinates":[[[[438705.68,6711208.7],[438706.17,6711199.86],[438706.57,6711192.57],[438701.97,6711189.03],[438701.62,6711188.97],[438676.55,6711187.47],[438676.21,6711190.61],[438675.95,6711193.58],[438675.65,6711196.58],[438675.4,6711199.72],[438675.13,6711203.45],[438674.91,6711206.84],[438691.6,6711207.94],[438698.49,6711208.31],[438705.68,6711208.7]]]]}},{"type":"Feature","properties":{"idu":"49353000AV1012","section":"AV","numero":"1012","libelle":"AV 1012","code_insee":"49353","commune":"Trélazé","contenance":374},"geometry":{"type":"MultiPolygon","coordinates":[[[[439051.03,6710756.06],[439047.96,6710772.83],[439047.68,6710774.55],[439047.06,6710778.14],[439046.63,6710780.34],[439045.79,6710784.54],[439045.55,6710785.75],[439053.5,6710787.28],[439052.91,6710790.55],[439051.88,6710795.59],[439050.17,6710804.2],[439047.91,6710815.41],[439045.94,6710825.42],[439046.96,6710825.59],[439047.31,6710823.75],[439047.4,6710823.28],[439048.9,6710815.64],[439051.24,6710803.77],[439051.65,6710801.65],[439053.88,6710790.26],[439055.05,6710784.08],[439057.49,6710784.49],[439059.69,6710771.8],[439060.01,6710769.8],[439060.9,6710764.37],[439062.07,6710757.43],[439057.79,6710756.88],[439057.04,6710756.79],[439051.03,6710756.06]]]]}},{"type":"Feature","properties":{"idu":"49353000AV1021","section":"AV","numero":"1021","libelle":"AV 1021","code_insee":"49353","commune":"Trélazé","contenance":320},"geometry":{"type":"MultiPolygon","coordinates":[[[[438408.08,6710815.5],[438402.34,6710816.31],[438393.06,6710817.63],[438384.81,6710818.74],[438380.03,6710819.39],[438370.23,6710820.61],[438370.44,6710821.3],[438370.85,6710822.15],[438371.27,6710822.93],[438371.8,6710823.59],[438372.23,6710824.04],[438372.74,6710824.56],[438373.28,6710825.08],[438373.81,6710825.56],[438374.34,6710825.98],[438374.95,6710826.45],[438375.53,6710826.83],[438376.1,6710827.11],[438376.61,6710827.42],[438377.15,6710827.73],[438378.18,6710828.12],[438378.73,6710828.36],[438379.39,6710828.62],[438379.98,6710828.82],[438380.61,6710829.02],[438380.98,6710829.12],[438381.49,6710829.24],[438381.83,6710829.31],[438382.18,6710829.36],[438382.5,6710829.37],[438382.96,6710829.35],[438384.55,6710829.05],[438393.69,6710827.21],[438403.42,6710825.18],[438409.1,6710824.0],[438408.08,6710815.5]]]]}},{"type":"Feature","properties":{"idu":"49353000AV1022","section":"AV","numero":"1022","libelle":"AV 1022","code_insee":"49353","commune":"Trélazé","contenance":25},"geometry":{"type":"MultiPolygon","coordinates":[[[[438397.88,6710771.55],[438393.41,6710771.89],[438393.92,6710776.27],[438398.24,6710775.81],[438397.88,6710771.55]]]]}},{"type":"Feature","properties":{"idu":"49353000AV1024","section":"AV","numero":"1024","libelle":"AV 1024","code_insee":"49353","commune":"Trélazé","contenance":250},"geometry":{"type":"MultiPolygon","coordinates":[[[[438713.6,6710767.42],[438707.91,6710767.39],[438703.23,6710767.4],[438698.66,6710767.42],[438698.71,6710768.1],[438699.3,6710777.73],[438699.63,6710783.13],[438705.52,6710782.35],[438708.17,6710786.48],[438712.26,6710786.16],[438712.3,6710786.81],[438714.64,6710786.61],[438714.41,6710783.37],[438713.95,6710777.06],[438713.78,6710773.69],[438713.6,6710767.42]]]]}},{"type":"Feature","properties":{"idu":"49353000AV1025","section":"AV","numero":"1025","libelle":"AV 1025","code_insee":"49353","commune":"Trélazé","contenance":37},"geometry":{"type":"MultiPolygon","coordinates":[[[[438789.93,6710813.27],[438787.95,6710813.42],[438788.28,6710818.89],[438786.3,6710819.08],[438786.54,6710823.62],[438790.58,6710823.37],[438790.28,6710818.57],[438789.93,6710813.27]]]]}},{"type":"Feature","properties":{"idu":"49353000AV1026","section":"AV","numero":"1026","libelle":"AV 1026","code_insee":"49353","commune":"Trélazé","contenance":310},"geometry":{"type":"MultiPolygon","coordinates":[[[[438775.43,6710788.87],[438782.23,6710788.46],[438787.56,6710791.95],[438788.81,6710791.91],[438788.65,6710788.41],[438788.39,6710782.88],[438788.23,6710779.25],[438788.18,6710778.18],[438788.06,6710775.85],[438787.53,6710765.88],[438780.54,6710766.38],[438774.12,6710766.81],[438774.7,6710776.35],[438774.72,6710776.65],[438775.41,6710788.52],[438775.43,6710788.87]]]]}},{"type":"Feature","properties":{"idu":"49353000AV1027","section":"AV","numero":"1027","libelle":"AV 1027","code_insee":"49353","commune":"Trélazé","contenance":266},"geometry":{"type":"MultiPolygon","coordinates":[[[[438872.18,6710833.69],[438872.05,6710831.88],[438871.0,6710816.82],[438870.48,6710816.86],[438861.49,6710817.53],[438860.72,6710817.57],[438855.4,6710817.92],[438856.11,6710826.57],[438856.72,6710834.92],[438872.18,6710833.69]]]]}},{"type":"Feature","properties":{"idu":"49353000AV1028","section":"AV","numero":"1028","libelle":"AV 1028","code_insee":"49353","commune":"Trélazé","contenance":3},"geometry":{"type":"MultiPolygon","coordinates":[[[[438894.87,6710815.21],[438893.84,6710815.28],[438893.06,6710815.34],[438893.16,6710816.91],[438894.97,6710816.76],[438894.87,6710815.21]]]]}},{"type":"Feature","properties":{"idu":"49353000AV1029","section":"AV","numero":"1029","libelle":"AV 1029","code_insee":"49353","commune":"Trélazé","contenance":690},"geometry":{"type":"MultiPolygon","coordinates":[[[[438872.18,6710833.69],[438856.72,6710834.92],[438857.4,6710844.14],[438857.92,6710851.72],[438865.66,6710851.11],[438868.34,6710850.9],[438872.1,6710850.63],[438878.12,6710850.21],[438888.9,6710849.38],[438888.47,6710840.84],[438909.77,6710839.0],[438909.06,6710831.19],[438895.86,6710832.09],[438885.05,6710832.84],[438883.31,6710832.95],[438873.18,6710833.62],[438872.18,6710833.69]]]]}},{"type":"Feature","properties":{"idu":"49353000AV1030","section":"AV","numero":"1030","libelle":"AV 1030","code_insee":"49353","commune":"Trélazé","contenance":19},"geometry":{"type":"MultiPolygon","coordinates":[[[[438936.33,6710845.87],[438936.04,6710840.29],[438932.05,6710840.57],[438932.23,6710846.14],[438936.33,6710845.87]]]]}},{"type":"Feature","properties":{"idu":"49353000AV1046","section":"AV","numero":"1046","libelle":"AV 1046","code_insee":"49353","commune":"Trélazé","contenance":1514},"geometry":{"type":"MultiPolygon","coordinates":[[[[438623.05,6710917.87],[438621.19,6710918.09],[438618.97,6710918.37],[438616.75,6710918.66],[438613.79,6710919.03],[438603.79,6710920.28],[438601.59,6710920.54],[438602.09,6710925.02],[438602.24,6710926.41],[438603.03,6710933.6],[438603.83,6710940.78],[438604.62,6710947.97],[438605.41,6710955.16],[438606.21,6710962.34],[438607.0,6710969.53],[438607.79,6710976.7],[438608.26,6710980.96],[438611.5,6710981.08],[438611.54,6710980.03],[438612.79,6710980.08],[438612.75,6710981.12],[438630.44,6710981.8],[438631.28,6710979.33],[438629.54,6710951.73],[438627.49,6710924.82],[438626.93,6710917.42],[438623.05,6710917.87]]]]}},{"type":"Feature","properties":{"idu":"49353000AV1047","section":"AV","numero":"1047","libelle":"AV 1047","code_insee":"49353","commune":"Trélazé","contenance":386},"geometry":{"type":"MultiPolygon","coordinates":[[[[438655.28,6710957.74],[438635.65,6710959.1],[438636.08,6710965.26],[438636.59,6710972.7],[438637.01,6710978.77],[438648.73,6710978.04],[438654.97,6710977.64],[438656.48,6710975.28],[438656.21,6710971.29],[438655.95,6710967.58],[438655.69,6710963.87],[438655.28,6710957.74]]]]}},{"type":"Feature","properties":{"idu":"49353000AV1048","section":"AV","numero":"1048","libelle":"AV 1048","code_insee":"49353","commune":"Trélazé","contenance":1180},"geometry":{"type":"MultiPolygon","coordinates":[[[[438642.35,6710923.88],[438643.36,6710937.81],[438643.88,6710945.26],[438644.05,6710947.68],[438643.08,6710949.8],[438645.82,6710950.6],[438648.69,6710950.81],[438677.65,6710948.7],[438677.45,6710945.11],[438677.36,6710943.88],[438679.92,6710943.66],[438679.85,6710942.68],[438683.04,6710942.46],[438683.3,6710942.67],[438690.0,6710935.03],[438688.92,6710920.48],[438684.3,6710920.8],[438656.82,6710922.81],[438642.35,6710923.88]]]]}},{"type":"Feature","properties":{"idu":"49353000AV1049","section":"AV","numero":"1049","libelle":"AV 1049","code_insee":"49353","commune":"Trélazé","contenance":903},"geometry":{"type":"MultiPolygon","coordinates":[[[[438690.63,6710985.57],[438698.01,6710985.03],[438706.12,6710984.39],[438702.79,6710938.06],[438694.1,6710938.64],[438690.07,6710943.4],[438687.61,6710946.27],[438687.79,6710946.42],[438687.96,6710949.63],[438687.01,6710949.69],[438687.15,6710952.24],[438685.95,6710952.33],[438682.36,6710952.58],[438682.89,6710960.33],[438684.43,6710981.34],[438685.01,6710983.1],[438685.63,6710985.01],[438687.54,6710986.92],[438688.39,6710985.63],[438689.7,6710985.63],[438690.63,6710985.57]]]]}},{"type":"Feature","properties":{"idu":"49353000AV1050","section":"AV","numero":"1050","libelle":"AV 1050","code_insee":"49353","commune":"Trélazé","contenance":1351},"geometry":{"type":"MultiPolygon","coordinates":[[[[438664.45,6711026.53],[438677.96,6711025.53],[438677.68,6711021.91],[438679.19,6711021.82],[438678.72,6711016.44],[438680.17,6711016.34],[438679.78,6711010.36],[438678.33,6711010.44],[438677.77,6711001.8],[438679.14,6711001.75],[438678.75,6710995.76],[438677.38,6710995.85],[438676.59,6710985.74],[438678.01,6710985.67],[438677.81,6710981.96],[438677.59,6710979.78],[438675.93,6710979.86],[438674.83,6710976.61],[438673.54,6710977.2],[438671.81,6710974.17],[438667.79,6710970.12],[438663.64,6710967.52],[438660.1,6710966.45],[438659.52,6710957.47],[438655.28,6710957.74],[438655.69,6710963.87],[438655.95,6710967.58],[438656.21,6710971.29],[438656.48,6710975.28],[438654.97,6710977.64],[438648.73,6710978.04],[438651.7,6711013.19],[438658.09,6711012.54],[438660.81,6711012.2],[438663.52,6711011.88],[438664.09,6711020.74],[438664.45,6711026.53]]]]}},{"type":"Feature","properties":{"idu":"49353000AV1051","section":"AV","numero":"1051","libelle":"AV 1051","code_insee":"49353","commune":"Trélazé","contenance":1354},"geometry":{"type":"MultiPolygon","coordinates":[[[[438711.97,6711052.62],[438711.59,6711049.0],[438705.49,6711049.62],[438705.42,6711048.74],[438705.03,6711043.39],[438706.4,6711043.3],[438705.97,6711037.33],[438704.61,6711037.42],[438704.08,6711030.22],[438705.44,6711030.13],[438705.03,6711024.12],[438703.67,6711024.23],[438702.95,6711014.11],[438704.28,6711014.02],[438704.06,6711010.78],[438703.54,6711007.76],[438702.01,6711008.11],[438701.11,6711004.79],[438699.86,6711005.42],[438698.25,6711002.6],[438692.15,6710997.52],[438689.0,6710995.83],[438688.13,6710995.54],[438684.49,6710995.01],[438684.9,6711000.02],[438685.86,6711014.11],[438686.93,6711028.18],[438682.71,6711028.6],[438676.46,6711029.37],[438681.35,6711064.21],[438687.45,6711063.37],[438693.45,6711062.54],[438693.15,6711060.07],[438692.99,6711058.83],[438692.75,6711056.88],[438692.94,6711056.36],[438693.19,6711055.63],[438693.38,6711055.43],[438693.5,6711055.08],[438693.9,6711054.85],[438694.66,6711054.42],[438695.9,6711054.22],[438711.97,6711052.62]]]]}},{"type":"Feature","properties":{"idu":"49353000AV1054","section":"AV","numero":"1054","libelle":"AV 1054","code_insee":"49353","commune":"Trélazé","contenance":28},"geometry":{"type":"MultiPolygon","coordinates":[[[[438885.66,6710876.94],[438890.22,6710876.56],[438892.18,6710876.4],[438891.97,6710872.96],[438884.19,6710873.46],[438884.16,6710877.02],[438885.66,6710876.94]]]]}},{"type":"Feature","properties":{"idu":"49353000AV1071","section":"AV","numero":"1071","libelle":"AV 1071","code_insee":"49353","commune":"Trélazé","contenance":33},"geometry":{"type":"MultiPolygon","coordinates":[[[[438623.05,6710917.87],[438626.93,6710917.42],[438626.33,6710909.39],[438622.52,6710909.67],[438623.05,6710917.87]]]]}},{"type":"Feature","properties":{"idu":"49353000AV1073","section":"AV","numero":"1073","libelle":"AV 1073","code_insee":"49353","commune":"Trélazé","contenance":956},"geometry":{"type":"MultiPolygon","coordinates":[[[[438298.89,6710712.05],[438297.24,6710716.99],[438294.88,6710724.09],[438291.29,6710734.73],[438286.65,6710748.91],[438286.15,6710750.35],[438284.36,6710755.64],[438286.61,6710755.22],[438290.44,6710754.51],[438294.63,6710753.73],[438296.33,6710753.42],[438298.26,6710753.05],[438300.67,6710752.59],[438320.26,6710694.32],[438306.32,6710689.74],[438302.32,6710702.0],[438300.55,6710707.16],[438298.89,6710712.05]]]]}},{"type":"Feature","properties":{"idu":"49353000AV1074","section":"AV","numero":"1074","libelle":"AV 1074","code_insee":"49353","commune":"Trélazé","contenance":879},"geometry":{"type":"MultiPolygon","coordinates":[[[[438304.7,6710751.82],[438317.67,6710750.4],[438327.48,6710747.31],[438327.46,6710746.8],[438327.07,6710738.35],[438326.58,6710729.96],[438326.08,6710721.32],[438325.78,6710716.07],[438325.85,6710711.92],[438326.31,6710696.3],[438320.26,6710694.32],[438300.67,6710752.59],[438304.7,6710751.82]]]]}},{"type":"Feature","properties":{"idu":"49353000AV1075","section":"AV","numero":"1075","libelle":"AV 1075","code_insee":"49353","commune":"Trélazé","contenance":560},"geometry":{"type":"MultiPolygon","coordinates":[[[[439099.4,6710863.43],[439110.16,6710865.89],[439123.68,6710868.99],[439130.02,6710870.41],[439133.62,6710868.19],[439134.83,6710858.21],[439135.46,6710852.87],[439101.4,6710848.57],[439100.83,6710852.86],[439099.4,6710863.43]]]]}},{"type":"Feature","properties":{"idu":"49353000AV1076","section":"AV","numero":"1076","libelle":"AV 1076","code_insee":"49353","commune":"Trélazé","contenance":507},"geometry":{"type":"MultiPolygon","coordinates":[[[[439137.21,6710837.97],[439103.36,6710833.68],[439101.4,6710848.57],[439135.46,6710852.87],[439137.21,6710837.97]]]]}},{"type":"Feature","properties":{"idu":"49353000AV1077","section":"AV","numero":"1077","libelle":"AV 1077","code_insee":"49353","commune":"Trélazé","contenance":506},"geometry":{"type":"MultiPolygon","coordinates":[[[[439105.43,6710818.8],[439103.74,6710830.76],[439103.71,6710831.06],[439103.36,6710833.68],[439137.21,6710837.97],[439138.96,6710823.07],[439105.43,6710818.8]]]]}},{"type":"Feature","properties":{"idu":"49353000AV1078","section":"AV","numero":"1078","libelle":"AV 1078","code_insee":"49353","commune":"Trélazé","contenance":503},"geometry":{"type":"MultiPolygon","coordinates":[[[[439106.64,6710810.27],[439105.43,6710818.8],[439138.96,6710823.07],[439138.99,6710822.78],[439140.76,6710808.18],[439107.54,6710803.96],[439107.49,6710804.31],[439106.64,6710810.27]]]]}},{"type":"Feature","properties":{"idu":"49353000AV1079","section":"AV","numero":"1079","libelle":"AV 1079","code_insee":"49353","commune":"Trélazé","contenance":502},"geometry":{"type":"MultiPolygon","coordinates":[[[[439126.26,6710791.2],[439109.76,6710789.09],[439108.56,6710796.92],[439108.43,6710797.81],[439107.54,6710803.96],[439140.76,6710808.18],[439142.56,6710793.27],[439126.26,6710791.2]]]]}},{"type":"Feature","properties":{"idu":"49353000AV1080","section":"AV","numero":"1080","libelle":"AV 1080","code_insee":"49353","commune":"Trélazé","contenance":392},"geometry":{"type":"MultiPolygon","coordinates":[[[[439129.3,6710768.1],[439128.65,6710768.01],[439120.2,6710766.89],[439113.14,6710766.0],[439111.78,6710775.38],[439111.36,6710778.28],[439110.67,6710783.02],[439110.47,6710784.48],[439109.76,6710789.09],[439126.26,6710791.2],[439129.3,6710768.1]]]]}},{"type":"Feature","properties":{"idu":"49353000AV1081","section":"AV","numero":"1081","libelle":"AV 1081","code_insee":"49353","commune":"Trélazé","contenance":385},"geometry":{"type":"MultiPolygon","coordinates":[[[[439142.56,6710793.27],[439145.37,6710770.1],[439137.56,6710769.12],[439129.3,6710768.1],[439126.26,6710791.2],[439142.56,6710793.27]]]]}},{"type":"Feature","properties":{"idu":"49353000AV1088","section":"AV","numero":"1088","libelle":"AV 1088","code_insee":"49353","commune":"Trélazé","contenance":10609},"geometry":{"type":"MultiPolygon","coordinates":[[[[438995.88,6711016.87],[438995.11,6711017.9],[438990.3,6711025.57],[438987.28,6711030.43],[438982.78,6711037.55],[438978.08,6711044.91],[438973.94,6711051.38],[438971.49,6711055.32],[438968.76,6711059.53],[438967.8,6711062.65],[438969.45,6711064.46],[438976.17,6711055.61],[438981.86,6711047.95],[438985.82,6711047.56],[438993.54,6711052.72],[438995.89,6711054.3],[438999.09,6711056.44],[439002.47,6711058.61],[439007.45,6711061.77],[439008.12,6711064.07],[439010.4,6711071.51],[439012.79,6711079.3],[439011.6,6711079.64],[439012.77,6711083.5],[439013.94,6711087.35],[439015.15,6711091.36],[439016.27,6711095.01],[439017.38,6711098.67],[439018.54,6711102.48],[439019.59,6711106.25],[439016.62,6711107.24],[439016.26,6711108.79],[439015.73,6711110.76],[439015.91,6711110.88],[439019.12,6711113.14],[439022.0,6711115.18],[439023.49,6711116.23],[439025.48,6711117.7],[439028.66,6711119.95],[439029.57,6711120.6],[439031.79,6711122.19],[439035.07,6711124.45],[439034.88,6711124.87],[439038.05,6711127.16],[439039.29,6711128.02],[439042.11,6711128.82],[439045.18,6711129.63],[439046.72,6711129.78],[439047.1,6711129.62],[439050.64,6711129.22],[439054.38,6711128.67],[439054.83,6711131.7],[439058.92,6711131.11],[439062.66,6711130.56],[439070.69,6711129.31],[439074.44,6711128.77],[439078.34,6711128.21],[439082.04,6711127.71],[439090.46,6711126.58],[439098.22,6711125.51],[439102.2,6711124.94],[439105.68,6711124.42],[439109.92,6711123.77],[439114.06,6711123.16],[439117.93,6711122.59],[439118.35,6711122.61],[439118.9,6711122.95],[439119.51,6711123.25],[439119.48,6711123.06],[439119.58,6711119.19],[439119.7,6711115.44],[439119.8,6711111.47],[439119.88,6711107.69],[439119.97,6711103.56],[439120.08,6711099.45],[439120.11,6711097.36],[439120.17,6711095.56],[439120.25,6711092.57],[439120.34,6711087.8],[439120.37,6711085.84],[439120.49,6711081.66],[439120.54,6711079.95],[439114.76,6711079.39],[439101.14,6711078.09],[439058.76,6711074.0],[439058.28,6711054.42],[439065.66,6711006.9],[439054.75,6711000.92],[439048.98,6711000.2],[439051.16,6710984.63],[439044.02,6710984.11],[439037.71,6710983.76],[439030.62,6710983.36],[439017.48,6710982.57],[439017.17,6710983.09],[439015.24,6710986.33],[439012.62,6710990.58],[439012.47,6710990.85],[439008.67,6710996.78],[439007.89,6710997.99],[439004.99,6711002.49],[439001.36,6711008.19],[439001.3,6711008.33],[438997.49,6711014.29],[438995.88,6711016.87]]]]}},{"type":"Feature","properties":{"idu":"49353000AV1112","section":"AV","numero":"1112","libelle":"AV 1112","code_insee":"49353","commune":"Trélazé","contenance":93},"geometry":{"type":"MultiPolygon","coordinates":[[[[439092.74,6710951.2],[439092.36,6710972.57],[439093.55,6710972.64],[439096.3,6710972.81],[439096.31,6710972.23],[439096.48,6710963.91],[439096.63,6710956.62],[439096.85,6710948.42],[439093.81,6710948.18],[439093.74,6710951.16],[439092.74,6710951.2]]]]}},{"type":"Feature","properties":{"idu":"49353000AV1116","section":"AV","numero":"1116","libelle":"AV 1116","code_insee":"49353","commune":"Trélazé","contenance":70},"geometry":{"type":"MultiPolygon","coordinates":[[[[439093.81,6710948.18],[439096.85,6710948.42],[439097.03,6710937.74],[439097.36,6710924.47],[439094.27,6710924.19],[439094.11,6710932.29],[439094.11,6710932.32],[439093.94,6710940.99],[439093.94,6710941.02],[439093.81,6710948.18]]]]}},{"type":"Feature","properties":{"idu":"49353000AV1127","section":"AV","numero":"1127","libelle":"AV 1127","code_insee":"49353","commune":"Trélazé","contenance":537},"geometry":{"type":"MultiPolygon","coordinates":[[[[438520.42,6710939.72],[438516.97,6710929.89],[438513.44,6710920.02],[438498.79,6710904.01],[438499.11,6710924.64],[438499.11,6710925.1],[438499.2,6710930.63],[438499.4,6710943.17],[438518.76,6710942.17],[438520.42,6710939.72]]]]}},{"type":"Feature","properties":{"idu":"49353000AV1134","section":"AV","numero":"1134","libelle":"AV 1134","code_insee":"49353","commune":"Trélazé","contenance":553},"geometry":{"type":"MultiPolygon","coordinates":[[[[439065.69,6710837.84],[439062.61,6710860.56],[439087.33,6710861.2],[439088.03,6710856.11],[439090.13,6710840.73],[439090.38,6710838.6],[439065.69,6710837.84]]]]}},{"type":"Feature","properties":{"idu":"49353000AV1135","section":"AV","numero":"1135","libelle":"AV 1135","code_insee":"49353","commune":"Trélazé","contenance":576},"geometry":{"type":"MultiPolygon","coordinates":[[[[439066.78,6710829.99],[439066.77,6710830.02],[439065.69,6710837.84],[439090.38,6710838.6],[439091.55,6710829.08],[439091.69,6710827.91],[439093.46,6710814.37],[439070.49,6710813.19],[439068.72,6710825.56],[439069.99,6710827.54],[439066.78,6710829.99]]]]}},{"type":"Feature","properties":{"idu":"49353000AV1136","section":"AV","numero":"1136","libelle":"AV 1136","code_insee":"49353","commune":"Trélazé","contenance":571},"geometry":{"type":"MultiPolygon","coordinates":[[[[439068.06,6710801.88],[439067.87,6710803.31],[439066.97,6710809.76],[439065.84,6710817.97],[439065.48,6710820.6],[439068.72,6710825.56],[439070.49,6710813.19],[439093.46,6710814.37],[439094.25,6710808.45],[439095.11,6710801.01],[439095.72,6710795.76],[439095.44,6710795.75],[439080.37,6710793.8],[439077.06,6710793.37],[439073.69,6710792.93],[439069.4,6710792.38],[439068.06,6710801.88]]]]}},{"type":"Feature","properties":{"idu":"49353000AV1137","section":"AV","numero":"1137","libelle":"AV 1137","code_insee":"49353","commune":"Trélazé","contenance":5},"geometry":{"type":"MultiPolygon","coordinates":[[[[439069.99,6710827.54],[439068.72,6710825.56],[439066.78,6710829.99],[439069.99,6710827.54]]]]}},{"type":"Feature","properties":{"idu":"49353000AV1138","section":"AV","numero":"1138","libelle":"AV 1138","code_insee":"49353","commune":"Trélazé","contenance":112},"geometry":{"type":"MultiPolygon","coordinates":[[[[439064.81,6710825.63],[439062.65,6710842.02],[439061.04,6710854.67],[439060.33,6710860.5],[439062.61,6710860.56],[439065.69,6710837.84],[439066.77,6710830.02],[439066.78,6710829.99],[439068.72,6710825.56],[439065.48,6710820.6],[439064.81,6710825.63]]]]}},{"type":"Feature","properties":{"idu":"49353000AV1143","section":"AV","numero":"1143","libelle":"AV 1143","code_insee":"49353","commune":"Trélazé","contenance":233},"geometry":{"type":"MultiPolygon","coordinates":[[[[438980.36,6710998.79],[438980.21,6710999.17],[438976.63,6711007.17],[438977.23,6711008.7],[438984.87,6711012.05],[438995.88,6711016.87],[438997.49,6711014.29],[439001.3,6711008.33],[439001.36,6711008.19],[438980.36,6710998.79]]]]}},{"type":"Feature","properties":{"idu":"49353000AV1144","section":"AV","numero":"1144","libelle":"AV 1144","code_insee":"49353","commune":"Trélazé","contenance":294},"geometry":{"type":"MultiPolygon","coordinates":[[[[438985.24,6710987.84],[438985.11,6710988.14],[438980.36,6710998.79],[439001.36,6711008.19],[439004.99,6711002.49],[439007.89,6710997.99],[438985.24,6710987.84]]]]}},{"type":"Feature","properties":{"idu":"49353000AV1145","section":"AV","numero":"1145","libelle":"AV 1145","code_insee":"49353","commune":"Trélazé","contenance":226},"geometry":{"type":"MultiPolygon","coordinates":[[[[438988.78,6710979.9],[438988.68,6710980.14],[438985.24,6710987.84],[439007.89,6710997.99],[439008.67,6710996.78],[439012.47,6710990.85],[439012.62,6710990.58],[438988.78,6710979.9]]]]}},{"type":"Feature","properties":{"idu":"49353000AV1146","section":"AV","numero":"1146","libelle":"AV 1146","code_insee":"49353","commune":"Trélazé","contenance":237},"geometry":{"type":"MultiPolygon","coordinates":[[[[438992.33,6710971.97],[438992.25,6710972.16],[438988.78,6710979.9],[439012.62,6710990.58],[439015.24,6710986.33],[439017.17,6710983.09],[438992.33,6710971.97]]]]}},{"type":"Feature","properties":{"idu":"49353000AV1147","section":"AV","numero":"1147","libelle":"AV 1147","code_insee":"49353","commune":"Trélazé","contenance":338},"geometry":{"type":"MultiPolygon","coordinates":[[[[438995.01,6710965.96],[438992.33,6710971.97],[439017.17,6710983.09],[439017.48,6710982.57],[439018.45,6710979.07],[439018.52,6710974.08],[439018.44,6710964.09],[439018.43,6710963.65],[438995.16,6710965.61],[438995.01,6710965.96]]]]}},{"type":"Feature","properties":{"idu":"49353000AV1148","section":"AV","numero":"1148","libelle":"AV 1148","code_insee":"49353","commune":"Trélazé","contenance":232},"geometry":{"type":"MultiPolygon","coordinates":[[[[438995.94,6710955.58],[438996.54,6710962.53],[438995.16,6710965.61],[439018.43,6710963.65],[439018.37,6710953.62],[438995.94,6710955.58]]]]}},{"type":"Feature","properties":{"idu":"49353000AV1149","section":"AV","numero":"1149","libelle":"AV 1149","code_insee":"49353","commune":"Trélazé","contenance":239},"geometry":{"type":"MultiPolygon","coordinates":[[[[438994.74,6710943.42],[438995.48,6710953.55],[439018.35,6710951.62],[439018.34,6710951.03],[439018.27,6710941.42],[438994.74,6710943.42]]]]}},{"type":"Feature","properties":{"idu":"49353000AV1150","section":"AV","numero":"1150","libelle":"AV 1150","code_insee":"49353","commune":"Trélazé","contenance":288},"geometry":{"type":"MultiPolygon","coordinates":[[[[438993.66,6710931.46],[438994.74,6710943.42],[439018.27,6710941.42],[439018.03,6710929.43],[438993.66,6710931.46]]]]}},{"type":"Feature","properties":{"idu":"49353000AV1151","section":"AV","numero":"1151","libelle":"AV 1151","code_insee":"49353","commune":"Trélazé","contenance":252},"geometry":{"type":"MultiPolygon","coordinates":[[[[438992.79,6710921.27],[438993.66,6710931.46],[439018.03,6710929.43],[439017.91,6710919.21],[438992.79,6710921.27]]]]}},{"type":"Feature","properties":{"idu":"49353000AV1152","section":"AV","numero":"1152","libelle":"AV 1152","code_insee":"49353","commune":"Trélazé","contenance":274},"geometry":{"type":"MultiPolygon","coordinates":[[[[438991.99,6710911.72],[438992.79,6710921.27],[439017.91,6710919.21],[439017.72,6710917.44],[439017.44,6710906.92],[438991.99,6710911.72]]]]}},{"type":"Feature","properties":{"idu":"49353000AV1153","section":"AV","numero":"1153","libelle":"AV 1153","code_insee":"49353","commune":"Trélazé","contenance":263},"geometry":{"type":"MultiPolygon","coordinates":[[[[439017.44,6710906.92],[439017.72,6710917.44],[439043.31,6710917.91],[439043.52,6710907.75],[439017.44,6710906.92]]]]}},{"type":"Feature","properties":{"idu":"49353000AV1154","section":"AV","numero":"1154","libelle":"AV 1154","code_insee":"49353","commune":"Trélazé","contenance":303},"geometry":{"type":"MultiPolygon","coordinates":[[[[439017.72,6710917.44],[439017.91,6710919.21],[439018.03,6710929.43],[439043.05,6710929.84],[439043.31,6710917.91],[439017.72,6710917.44]]]]}},{"type":"Feature","properties":{"idu":"49353000AV1155","section":"AV","numero":"1155","libelle":"AV 1155","code_insee":"49353","commune":"Trélazé","contenance":297},"geometry":{"type":"MultiPolygon","coordinates":[[[[439018.03,6710929.43],[439018.27,6710941.42],[439042.79,6710941.86],[439043.05,6710929.84],[439018.03,6710929.43]]]]}},{"type":"Feature","properties":{"idu":"49353000AV1156","section":"AV","numero":"1156","libelle":"AV 1156","code_insee":"49353","commune":"Trélazé","contenance":247},"geometry":{"type":"MultiPolygon","coordinates":[[[[439018.27,6710941.42],[439018.34,6710951.03],[439018.35,6710951.62],[439042.71,6710952.01],[439042.79,6710941.86],[439018.27,6710941.42]]]]}},{"type":"Feature","properties":{"idu":"49353000AV1157","section":"AV","numero":"1157","libelle":"AV 1157","code_insee":"49353","commune":"Trélazé","contenance":260},"geometry":{"type":"MultiPolygon","coordinates":[[[[439068.77,6710940.46],[439068.76,6710950.68],[439092.74,6710951.09],[439092.74,6710951.2],[439093.74,6710951.16],[439093.81,6710948.18],[439093.94,6710941.02],[439093.94,6710940.99],[439068.77,6710940.46]]]]}},{"type":"Feature","properties":{"idu":"49353000AV1158","section":"AV","numero":"1158","libelle":"AV 1158","code_insee":"49353","commune":"Trélazé","contenance":222},"geometry":{"type":"MultiPolygon","coordinates":[[[[439068.9,6710931.83],[439068.77,6710940.46],[439093.94,6710940.99],[439094.11,6710932.32],[439094.11,6710932.29],[439068.9,6710931.83]]]]}},{"type":"Feature","properties":{"idu":"49353000AV1159","section":"AV","numero":"1159","libelle":"AV 1159","code_insee":"49353","commune":"Trélazé","contenance":221},"geometry":{"type":"MultiPolygon","coordinates":[[[[439069.03,6710923.13],[439068.9,6710931.83],[439094.11,6710932.29],[439094.27,6710924.19],[439094.27,6710923.62],[439069.03,6710923.13]]]]}},{"type":"Feature","properties":{"idu":"49353000AV1160","section":"AV","numero":"1160","libelle":"AV 1160","code_insee":"49353","commune":"Trélazé","contenance":305},"geometry":{"type":"MultiPolygon","coordinates":[[[[439069.29,6710911.13],[439069.03,6710923.13],[439094.27,6710923.62],[439094.29,6710922.62],[439094.49,6710911.63],[439069.29,6710911.13]]]]}},{"type":"Feature","properties":{"idu":"49353000AV1161","section":"AV","numero":"1161","libelle":"AV 1161","code_insee":"49353","commune":"Trélazé","contenance":259},"geometry":{"type":"MultiPolygon","coordinates":[[[[439079.65,6710901.35],[439069.49,6710901.01],[439069.29,6710911.13],[439094.49,6710911.63],[439094.67,6710901.44],[439079.65,6710901.35]]]]}},{"type":"Feature","properties":{"idu":"49353000AV1162","section":"AV","numero":"1162","libelle":"AV 1162","code_insee":"49353","commune":"Trélazé","contenance":360},"geometry":{"type":"MultiPolygon","coordinates":[[[[439079.9,6710894.22],[439079.65,6710901.35],[439094.67,6710901.44],[439094.69,6710900.2],[439095.22,6710871.67],[439094.22,6710871.43],[439094.22,6710871.92],[439084.4,6710871.39],[439084.02,6710892.21],[439081.98,6710894.17],[439079.9,6710894.22]]]]}},{"type":"Feature","properties":{"idu":"49353000AV1163","section":"AV","numero":"1163","libelle":"AV 1163","code_insee":"49353","commune":"Trélazé","contenance":233},"geometry":{"type":"MultiPolygon","coordinates":[[[[439073.87,6710894.13],[439079.9,6710894.22],[439081.98,6710894.17],[439084.02,6710892.21],[439084.4,6710871.39],[439074.18,6710871.27],[439073.87,6710894.13]]]]}},{"type":"Feature","properties":{"idu":"49353000AV1164","section":"AV","numero":"1164","libelle":"AV 1164","code_insee":"49353","commune":"Trélazé","contenance":200},"geometry":{"type":"MultiPolygon","coordinates":[[[[439065.09,6710893.94],[439073.87,6710894.13],[439074.18,6710871.27],[439065.54,6710871.14],[439065.09,6710893.94]]]]}},{"type":"Feature","properties":{"idu":"49353000AV1165","section":"AV","numero":"1165","libelle":"AV 1165","code_insee":"49353","commune":"Trélazé","contenance":276},"geometry":{"type":"MultiPolygon","coordinates":[[[[439065.54,6710871.14],[439053.47,6710870.88],[439053.09,6710893.8],[439065.09,6710893.94],[439065.54,6710871.14]]]]}},{"type":"Feature","properties":{"idu":"49353000AV1166","section":"AV","numero":"1166","libelle":"AV 1166","code_insee":"49353","commune":"Trélazé","contenance":231},"geometry":{"type":"MultiPolygon","coordinates":[[[[439043.15,6710873.41],[439042.93,6710893.54],[439053.09,6710893.8],[439053.47,6710870.88],[439046.16,6710870.64],[439043.15,6710873.41]]]]}},{"type":"Feature","properties":{"idu":"49353000AV1167","section":"AV","numero":"1167","libelle":"AV 1167","code_insee":"49353","commune":"Trélazé","contenance":438},"geometry":{"type":"MultiPolygon","coordinates":[[[[439047.31,6710823.75],[439046.96,6710825.59],[439047.83,6710825.76],[439041.57,6710860.56],[439054.31,6710860.35],[439059.06,6710825.49],[439047.4,6710823.28],[439047.31,6710823.75]]]]}},{"type":"Feature","properties":{"idu":"49353000AV1168","section":"AV","numero":"1168","libelle":"AV 1168","code_insee":"49353","commune":"Trélazé","contenance":362},"geometry":{"type":"MultiPolygon","coordinates":[[[[439046.96,6710825.59],[439045.94,6710825.42],[439038.27,6710823.97],[439036.48,6710833.53],[439034.12,6710845.75],[439032.27,6710855.35],[439031.61,6710858.86],[439040.28,6710860.59],[439041.57,6710860.56],[439047.83,6710825.76],[439046.96,6710825.59]]]]}},{"type":"Feature","properties":{"idu":"49353000AV1169","section":"AV","numero":"1169","libelle":"AV 1169","code_insee":"49353","commune":"Trélazé","contenance":235},"geometry":{"type":"MultiPolygon","coordinates":[[[[439024.96,6710895.28],[439033.92,6710893.43],[439034.39,6710873.28],[439020.54,6710874.49],[439024.96,6710895.28]]]]}},{"type":"Feature","properties":{"idu":"49353000AV1170","section":"AV","numero":"1170","libelle":"AV 1170","code_insee":"49353","commune":"Trélazé","contenance":309},"geometry":{"type":"MultiPolygon","coordinates":[[[[439020.54,6710874.49],[439017.97,6710874.51],[439006.08,6710878.9],[439010.16,6710898.41],[439017.41,6710896.89],[439024.96,6710895.28],[439020.54,6710874.49]]]]}},{"type":"Feature","properties":{"idu":"49353000AV1171","section":"AV","numero":"1171","libelle":"AV 1171","code_insee":"49353","commune":"Trélazé","contenance":315},"geometry":{"type":"MultiPolygon","coordinates":[[[[439006.08,6710878.9],[438992.19,6710880.73],[438993.17,6710900.57],[438999.12,6710900.1],[439005.25,6710899.24],[439010.16,6710898.41],[439006.08,6710878.9]]]]}},{"type":"Feature","properties":{"idu":"49353000AV1172","section":"AV","numero":"1172","libelle":"AV 1172","code_insee":"49353","commune":"Trélazé","contenance":314},"geometry":{"type":"MultiPolygon","coordinates":[[[[438992.19,6710880.73],[438978.16,6710880.49],[438976.07,6710899.99],[438981.68,6710900.54],[438987.21,6710900.78],[438993.17,6710900.57],[438992.19,6710880.73]]]]}},{"type":"Feature","properties":{"idu":"49353000AV1173","section":"AV","numero":"1173","libelle":"AV 1173","code_insee":"49353","commune":"Trélazé","contenance":204},"geometry":{"type":"MultiPolygon","coordinates":[[[[438972.55,6710902.59],[438975.74,6710879.21],[438967.05,6710878.0],[438963.89,6710901.42],[438972.55,6710902.59]]]]}},{"type":"Feature","properties":{"idu":"49353000AV1174","section":"AV","numero":"1174","libelle":"AV 1174","code_insee":"49353","commune":"Trélazé","contenance":204},"geometry":{"type":"MultiPolygon","coordinates":[[[[438955.22,6710900.24],[438963.89,6710901.42],[438967.05,6710878.0],[438958.37,6710876.85],[438955.22,6710900.24]]]]}},{"type":"Feature","properties":{"idu":"49353000AV1175","section":"AV","numero":"1175","libelle":"AV 1175","code_insee":"49353","commune":"Trélazé","contenance":492},"geometry":{"type":"MultiPolygon","coordinates":[[[[438958.37,6710876.85],[438949.57,6710877.64],[438939.52,6710878.54],[438939.67,6710880.17],[438940.36,6710889.47],[438941.05,6710898.72],[438941.28,6710901.87],[438941.86,6710908.84],[438941.89,6710909.37],[438954.16,6710908.22],[438955.22,6710900.24],[438958.37,6710876.85]]]]}},{"type":"Feature","properties":{"idu":"49353000AV1176","section":"AV","numero":"1176","libelle":"AV 1176","code_insee":"49353","commune":"Trélazé","contenance":438},"geometry":{"type":"MultiPolygon","coordinates":[[[[438941.89,6710909.37],[438942.41,6710915.94],[438943.33,6710927.99],[438967.17,6710926.07],[438965.77,6710909.79],[438954.16,6710908.22],[438941.89,6710909.37]]]]}},{"type":"Feature","properties":{"idu":"49353000AV1177","section":"AV","numero":"1177","libelle":"AV 1177","code_insee":"49353","commune":"Trélazé","contenance":210},"geometry":{"type":"MultiPolygon","coordinates":[[[[438943.33,6710927.99],[438943.59,6710931.38],[438943.98,6710936.66],[438967.89,6710934.65],[438967.17,6710926.07],[438943.33,6710927.99]]]]}},{"type":"Feature","properties":{"idu":"49353000AV1178","section":"AV","numero":"1178","libelle":"AV 1178","code_insee":"49353","commune":"Trélazé","contenance":211},"geometry":{"type":"MultiPolygon","coordinates":[[[[438943.98,6710936.66],[438944.07,6710937.77],[438944.7,6710945.33],[438968.64,6710943.31],[438967.89,6710934.65],[438943.98,6710936.66]]]]}},{"type":"Feature","properties":{"idu":"49353000AV1179","section":"AV","numero":"1179","libelle":"AV 1179","code_insee":"49353","commune":"Trélazé","contenance":290},"geometry":{"type":"MultiPolygon","coordinates":[[[[438944.7,6710945.33],[438944.74,6710945.68],[438944.97,6710948.54],[438945.49,6710954.73],[438945.69,6710957.27],[438969.66,6710955.26],[438968.66,6710943.51],[438968.64,6710943.31],[438944.7,6710945.33]]]]}},{"type":"Feature","properties":{"idu":"49353000AV1180","section":"AV","numero":"1180","libelle":"AV 1180","code_insee":"49353","commune":"Trélazé","contenance":210},"geometry":{"type":"MultiPolygon","coordinates":[[[[438945.69,6710957.27],[438945.98,6710960.75],[438946.28,6710963.56],[438946.47,6710965.92],[438970.4,6710963.92],[438969.69,6710955.55],[438969.66,6710955.26],[438945.69,6710957.27]]]]}},{"type":"Feature","properties":{"idu":"49353000AV1181","section":"AV","numero":"1181","libelle":"AV 1181","code_insee":"49353","commune":"Trélazé","contenance":210},"geometry":{"type":"MultiPolygon","coordinates":[[[[438946.47,6710965.92],[438947.17,6710974.59],[438971.15,6710972.57],[438970.44,6710964.26],[438970.4,6710963.92],[438946.47,6710965.92]]]]}},{"type":"Feature","properties":{"idu":"49353000AV1182","section":"AV","numero":"1182","libelle":"AV 1182","code_insee":"49353","commune":"Trélazé","contenance":390},"geometry":{"type":"MultiPolygon","coordinates":[[[[438947.17,6710974.59],[438947.25,6710975.49],[438948.25,6710986.72],[438948.34,6710987.72],[438971.54,6710991.68],[438971.94,6710991.75],[438972.65,6710990.17],[438971.19,6710972.98],[438971.15,6710972.57],[438947.17,6710974.59]]]]}},{"type":"Feature","properties":{"idu":"49353000AV1183","section":"AV","numero":"1183","libelle":"AV 1183","code_insee":"49353","commune":"Trélazé","contenance":217},"geometry":{"type":"MultiPolygon","coordinates":[[[[438948.34,6710987.72],[438948.4,6710988.35],[438948.87,6710993.53],[438949.14,6710996.57],[438956.03,6710999.53],[438965.25,6711003.46],[438967.0,6711002.85],[438971.74,6710992.22],[438971.94,6710991.75],[438971.54,6710991.68],[438948.34,6710987.72]]]]}},{"type":"Feature","properties":{"idu":"49353000AV1184","section":"AV","numero":"1184","libelle":"AV 1184","code_insee":"49353","commune":"Trélazé","contenance":12},"geometry":{"type":"MultiPolygon","coordinates":[[[[439075.43,6710966.53],[439075.05,6710968.46],[439076.41,6710969.55],[439077.58,6710970.31],[439078.71,6710970.98],[439079.4,6710971.23],[439080.31,6710971.49],[439081.09,6710971.77],[439081.95,6710971.89],[439082.79,6710971.94],[439083.2,6710971.98],[439075.43,6710966.53]]]]}},{"type":"Feature","properties":{"idu":"49353000AV1185","section":"AV","numero":"1185","libelle":"AV 1185","code_insee":"49353","commune":"Trélazé","contenance":413},"geometry":{"type":"MultiPolygon","coordinates":[[[[439068.63,6710960.69],[439071.43,6710961.45],[439076.19,6710962.72],[439075.43,6710966.53],[439083.2,6710971.98],[439084.54,6710972.12],[439088.23,6710972.32],[439092.36,6710972.57],[439092.74,6710951.2],[439092.74,6710951.09],[439068.76,6710950.68],[439068.63,6710960.69]]]]}},{"type":"Feature","properties":{"idu":"49353000AV1186","section":"AV","numero":"1186","libelle":"AV 1186","code_insee":"49353","commune":"Trélazé","contenance":51},"geometry":{"type":"MultiPolygon","coordinates":[[[[438963.89,6710856.51],[438968.32,6710856.22],[438967.41,6710844.01],[438962.77,6710844.33],[438963.89,6710856.51]]]]}},{"type":"Feature","properties":{"idu":"49353000AV1187","section":"AV","numero":"1187","libelle":"AV 1187","code_insee":"49353","commune":"Trélazé","contenance":323},"geometry":{"type":"MultiPolygon","coordinates":[[[[438962.77,6710844.33],[438948.36,6710845.32],[438936.38,6710846.24],[438937.04,6710853.04],[438937.51,6710858.27],[438963.89,6710856.51],[438962.77,6710844.33]]]]}},{"type":"Feature","properties":{"idu":"49353000AV1188","section":"AV","numero":"1188","libelle":"AV 1188","code_insee":"49353","commune":"Trélazé","contenance":197},"geometry":{"type":"MultiPolygon","coordinates":[[[[438963.89,6710856.51],[438937.51,6710858.27],[438938.15,6710865.51],[438964.54,6710863.66],[438963.89,6710856.51]]]]}},{"type":"Feature","properties":{"idu":"49353000AV1190","section":"AV","numero":"1190","libelle":"AV 1190","code_insee":"49353","commune":"Trélazé","contenance":2243},"geometry":{"type":"MultiPolygon","coordinates":[[[[439003.8,6710796.15],[439003.65,6710805.62],[439003.61,6710812.96],[439003.16,6710812.94],[439003.86,6710830.29],[439002.58,6710830.4],[439002.88,6710835.42],[439002.37,6710837.99],[439001.34,6710843.26],[439000.39,6710847.96],[439032.27,6710855.35],[439034.12,6710845.75],[439036.48,6710833.53],[439038.27,6710823.97],[439040.17,6710814.15],[439044.35,6710792.09],[439038.95,6710791.39],[439034.92,6710790.88],[439024.35,6710789.6],[439024.25,6710789.59],[439017.47,6710788.73],[439004.02,6710787.05],[439003.8,6710796.15]]]]}},{"type":"Feature","properties":{"idu":"49353000AV1191","section":"AV","numero":"1191","libelle":"AV 1191","code_insee":"49353","commune":"Trélazé","contenance":198},"geometry":{"type":"MultiPolygon","coordinates":[[[[439000.39,6710847.96],[438999.89,6710849.82],[438999.72,6710850.88],[438999.71,6710851.62],[438999.66,6710851.88],[438999.71,6710852.24],[438999.77,6710852.59],[438999.86,6710853.02],[438999.98,6710853.33],[439000.12,6710853.55],[439000.43,6710853.72],[439000.83,6710853.95],[439004.68,6710854.93],[439012.72,6710856.83],[439017.8,6710858.08],[439022.97,6710859.29],[439028.76,6710860.68],[439029.13,6710860.74],[439029.38,6710860.71],[439029.7,6710860.61],[439030.05,6710860.38],[439030.4,6710860.19],[439030.85,6710859.89],[439031.15,6710859.7],[439031.38,6710859.38],[439031.61,6710858.86],[439032.27,6710855.35],[439000.39,6710847.96]]]]}},{"type":"Feature","properties":{"idu":"49353000AV1192","section":"AV","numero":"1192","libelle":"AV 1192","code_insee":"49353","commune":"Trélazé","contenance":4849},"geometry":{"type":"MultiPolygon","coordinates":[[[[438346.77,6710995.01],[438397.59,6710993.15],[438418.7,6710980.88],[438417.51,6710946.44],[438434.72,6710933.51],[438348.52,6710933.23],[438333.62,6710949.27],[438335.84,6710986.16],[438336.39,6710995.17],[438346.77,6710995.01]]]]}},{"type":"Feature","properties":{"idu":"49353000AV1193","section":"AV","numero":"1193","libelle":"AV 1193","code_insee":"49353","commune":"Trélazé","contenance":1510},"geometry":{"type":"MultiPolygon","coordinates":[[[[438282.63,6711049.24],[438298.92,6711042.13],[438306.76,6711038.73],[438318.63,6711033.61],[438337.13,6711025.61],[438346.76,6711021.46],[438346.77,6710995.01],[438336.39,6710995.17],[438336.55,6710998.04],[438327.53,6711000.85],[438277.03,6711041.69],[438282.63,6711049.24]]]]}},{"type":"Feature","properties":{"idu":"49353000AV1194","section":"AV","numero":"1194","libelle":"AV 1194","code_insee":"49353","commune":"Trélazé","contenance":1138},"geometry":{"type":"MultiPolygon","coordinates":[[[[438330.42,6710986.5],[438305.59,6711006.66],[438301.93,6711009.63],[438277.06,6711030.22],[438276.2,6711030.93],[438268.39,6711037.04],[438259.34,6711044.28],[438255.2,6711043.74],[438255.01,6711047.9],[438254.97,6711048.97],[438254.92,6711049.81],[438254.91,6711050.7],[438254.92,6711051.48],[438255.03,6711053.35],[438255.17,6711055.58],[438255.34,6711057.52],[438255.68,6711061.03],[438282.63,6711049.24],[438277.03,6711041.69],[438327.53,6711000.85],[438336.55,6710998.04],[438336.39,6710995.17],[438335.84,6710986.16],[438330.42,6710986.5]]]]}},{"type":"Feature","properties":{"idu":"49353000AV1195","section":"AV","numero":"1195","libelle":"AV 1195","code_insee":"49353","commune":"Trélazé","contenance":1652},"geometry":{"type":"MultiPolygon","coordinates":[[[[438328.32,6710955.32],[438328.49,6710955.94],[438329.58,6710972.51],[438329.63,6710973.19],[438330.42,6710986.5],[438335.84,6710986.16],[438333.62,6710949.27],[438348.52,6710933.23],[438434.72,6710933.51],[438499.2,6710930.63],[438499.12,6710925.1],[438499.11,6710924.64],[438422.31,6710926.11],[438412.8,6710926.29],[438382.68,6710926.71],[438362.85,6710926.99],[438326.43,6710927.48],[438328.32,6710955.32]]]]}},{"type":"Feature","properties":{"idu":"49353000AV1197","section":"AV","numero":"1197","libelle":"AV 1197","code_insee":"49353","commune":"Trélazé","contenance":98},"geometry":{"type":"MultiPolygon","coordinates":[[[[438473.83,6710857.41],[438473.52,6710855.59],[438412.16,6710857.43],[438412.17,6710858.56],[438473.83,6710857.41]]]]}},{"type":"Feature","properties":{"idu":"49353000AV1200","section":"AV","numero":"1200","libelle":"AV 1200","code_insee":"49353","commune":"Trélazé","contenance":84},"geometry":{"type":"MultiPolygon","coordinates":[[[[438483.75,6710887.54],[438498.79,6710904.01],[438498.63,6710893.47],[438483.75,6710887.54]]]]}},{"type":"Feature","properties":{"idu":"49353000AV1207","section":"AV","numero":"1207","libelle":"AV 1207","code_insee":"49353","commune":"Trélazé","contenance":430},"geometry":{"type":"MultiPolygon","coordinates":[[[[438434.92,6710745.91],[438436.79,6710746.03],[438443.31,6710746.51],[438444.38,6710746.59],[438448.79,6710746.89],[438447.61,6710753.67],[438447.85,6710759.54],[438450.59,6710759.38],[438453.92,6710759.18],[438456.19,6710759.06],[438460.42,6710758.84],[438460.42,6710755.43],[438461.79,6710749.88],[438463.64,6710742.28],[438460.22,6710741.1],[438458.63,6710740.56],[438452.41,6710738.47],[438443.54,6710735.63],[438435.87,6710733.0],[438435.87,6710733.02],[438434.92,6710745.91]]]]}},{"type":"Feature","properties":{"idu":"49353000AV1208","section":"AV","numero":"1208","libelle":"AV 1208","code_insee":"49353","commune":"Trélazé","contenance":168},"geometry":{"type":"MultiPolygon","coordinates":[[[[438422.13,6710731.02],[438422.52,6710733.72],[438423.03,6710737.35],[438423.25,6710738.89],[438424.16,6710744.89],[438424.2,6710745.21],[438434.92,6710745.91],[438435.87,6710733.02],[438435.87,6710733.0],[438434.24,6710732.45],[438429.29,6710730.81],[438427.88,6710730.34],[438424.1,6710729.09],[438421.75,6710728.32],[438422.13,6710731.02]]]]}},{"type":"Feature","properties":{"idu":"49353000AV1210","section":"AV","numero":"1210","libelle":"AV 1210","code_insee":"49353","commune":"Trélazé","contenance":1343},"geometry":{"type":"MultiPolygon","coordinates":[[[[438625.93,6710779.95],[438616.78,6710779.79],[438621.14,6710838.89],[438622.19,6710853.08],[438624.51,6710884.72],[438625.55,6710898.71],[438625.88,6710903.13],[438626.33,6710909.39],[438626.93,6710917.42],[438627.49,6710924.82],[438636.52,6710924.25],[438632.51,6710869.72],[438631.03,6710849.49],[438625.93,6710779.95]]]]}},{"type":"Feature","properties":{"idu":"49353000AV1216","section":"AV","numero":"1216","libelle":"AV 1216","code_insee":"49353","commune":"Trélazé","contenance":305},"geometry":{"type":"MultiPolygon","coordinates":[[[[438609.96,6710854.19],[438612.09,6710874.43],[438615.5,6710877.25],[438624.51,6710884.72],[438622.19,6710853.08],[438609.96,6710854.19]]]]}},{"type":"Feature","properties":{"idu":"49353000AV1217","section":"AV","numero":"1217","libelle":"AV 1217","code_insee":"49353","commune":"Trélazé","contenance":259},"geometry":{"type":"MultiPolygon","coordinates":[[[[438607.76,6710833.34],[438609.96,6710854.19],[438622.19,6710853.08],[438621.14,6710838.89],[438619.52,6710831.95],[438607.76,6710833.34]]]]}},{"type":"Feature","properties":{"idu":"49353000AV1218","section":"AV","numero":"1218","libelle":"AV 1218","code_insee":"49353","commune":"Trélazé","contenance":182},"geometry":{"type":"MultiPolygon","coordinates":[[[[438597.29,6710862.2],[438599.19,6710863.77],[438612.09,6710874.43],[438609.96,6710854.19],[438596.75,6710855.38],[438597.23,6710861.54],[438597.29,6710862.2]]]]}},{"type":"Feature","properties":{"idu":"49353000AV1219","section":"AV","numero":"1219","libelle":"AV 1219","code_insee":"49353","commune":"Trélazé","contenance":262},"geometry":{"type":"MultiPolygon","coordinates":[[[[438595.12,6710835.34],[438596.49,6710852.22],[438596.75,6710855.38],[438609.96,6710854.19],[438607.76,6710833.34],[438595.12,6710835.34]]]]}},{"type":"Feature","properties":{"idu":"49353000AV1221","section":"AV","numero":"1221","libelle":"AV 1221","code_insee":"49353","commune":"Trélazé","contenance":279},"geometry":{"type":"MultiPolygon","coordinates":[[[[438592.58,6710835.74],[438595.12,6710835.34],[438607.76,6710833.34],[438605.85,6710815.3],[438590.26,6710817.18],[438592.58,6710835.74]]]]}},{"type":"Feature","properties":{"idu":"49353000AV1222","section":"AV","numero":"1222","libelle":"AV 1222","code_insee":"49353","commune":"Trélazé","contenance":203},"geometry":{"type":"MultiPolygon","coordinates":[[[[438605.85,6710815.3],[438607.76,6710833.34],[438619.52,6710831.95],[438616.24,6710814.05],[438605.85,6710815.3]]]]}},{"type":"Feature","properties":{"idu":"49353000AV1223","section":"AV","numero":"1223","libelle":"AV 1223","code_insee":"49353","commune":"Trélazé","contenance":1519},"geometry":{"type":"MultiPolygon","coordinates":[[[[438600.87,6710768.02],[438603.13,6710789.44],[438605.85,6710815.3],[438616.24,6710814.05],[438619.52,6710831.95],[438621.14,6710838.89],[438616.78,6710779.79],[438625.93,6710779.95],[438625.79,6710778.08],[438668.57,6710778.92],[438686.46,6710779.27],[438686.33,6710776.11],[438692.65,6710768.45],[438695.61,6710768.28],[438698.71,6710768.1],[438698.66,6710767.42],[438696.56,6710767.36],[438693.2,6710767.38],[438689.81,6710767.46],[438684.72,6710767.47],[438679.87,6710767.49],[438675.08,6710767.47],[438670.45,6710767.47],[438664.58,6710767.53],[438657.8,6710767.6],[438654.02,6710767.59],[438649.11,6710767.63],[438645.4,6710767.67],[438641.74,6710767.7],[438637.4,6710767.78],[438633.88,6710767.75],[438628.49,6710767.87],[438624.05,6710767.87],[438620.38,6710767.91],[438616.36,6710767.91],[438612.25,6710767.97],[438606.33,6710767.97],[438600.87,6710768.02]]]]}},{"type":"Feature","properties":{"idu":"49353000AV1225","section":"AV","numero":"1225","libelle":"AV 1225","code_insee":"49353","commune":"Trélazé","contenance":73},"geometry":{"type":"MultiPolygon","coordinates":[[[[438706.12,6710984.39],[438707.64,6710984.27],[438704.2,6710937.96],[438702.79,6710938.06],[438706.12,6710984.39]]]]}},{"type":"Feature","properties":{"idu":"49353000AV1226","section":"AV","numero":"1226","libelle":"AV 1226","code_insee":"49353","commune":"Trélazé","contenance":27},"geometry":{"type":"MultiPolygon","coordinates":[[[[438293.35,6710808.29],[438288.73,6710807.59],[438288.52,6710807.56],[438287.06,6710813.76],[438288.6,6710815.34],[438293.35,6710808.29]]]]}},{"type":"Feature","properties":{"idu":"49353000AV1227","section":"AV","numero":"1227","libelle":"AV 1227","code_insee":"49353","commune":"Trélazé","contenance":3},"geometry":{"type":"MultiPolygon","coordinates":[[[[438296.24,6710804.01],[438294.72,6710803.03],[438294.71,6710806.27],[438296.24,6710804.01]]]]}},{"type":"Feature","properties":{"idu":"49353000AV1229","section":"AV","numero":"1229","libelle":"AV 1229","code_insee":"49353","commune":"Trélazé","contenance":2},"geometry":{"type":"MultiPolygon","coordinates":[[[[438294.72,6710803.03],[438296.24,6710804.01],[438296.8,6710803.18],[438295.36,6710802.43],[438294.8,6710802.15],[438294.72,6710803.03]]]]}},{"type":"Feature","properties":{"idu":"49353000AV1231","section":"AV","numero":"1231","libelle":"AV 1231","code_insee":"49353","commune":"Trélazé","contenance":30},"geometry":{"type":"MultiPolygon","coordinates":[[[[438294.02,6710796.18],[438293.8,6710798.37],[438293.17,6710804.87],[438289.3,6710804.37],[438288.73,6710807.59],[438293.35,6710808.29],[438294.71,6710806.27],[438294.72,6710803.03],[438294.8,6710802.15],[438295.04,6710800.55],[438295.22,6710799.39],[438295.43,6710797.98],[438295.65,6710796.79],[438295.73,6710796.37],[438294.02,6710796.18]]]]}},{"type":"Feature","properties":{"idu":"49353000AV1232","section":"AV","numero":"1232","libelle":"AV 1232","code_insee":"49353","commune":"Trélazé","contenance":29},"geometry":{"type":"MultiPolygon","coordinates":[[[[438289.78,6710793.21],[438294.28,6710793.71],[438294.02,6710796.18],[438295.73,6710796.37],[438295.89,6710795.45],[438296.19,6710793.65],[438297.65,6710793.58],[438297.49,6710790.76],[438296.09,6710790.82],[438294.83,6710790.76],[438294.76,6710789.78],[438292.01,6710789.96],[438291.35,6710789.98],[438291.43,6710790.87],[438288.44,6710791.12],[438289.78,6710793.21]]]]}},{"type":"Feature","properties":{"idu":"49353000AV1233","section":"AV","numero":"1233","libelle":"AV 1233","code_insee":"49353","commune":"Trélazé","contenance":50},"geometry":{"type":"MultiPolygon","coordinates":[[[[438286.33,6710781.04],[438285.89,6710787.21],[438285.43,6710793.96],[438282.96,6710793.39],[438282.64,6710795.92],[438286.03,6710796.35],[438289.22,6710796.71],[438289.78,6710793.21],[438288.44,6710791.12],[438288.38,6710786.95],[438288.23,6710783.37],[438288.12,6710780.85],[438286.33,6710781.04]]]]}},{"type":"Feature","properties":{"idu":"49353000AV1235","section":"AV","numero":"1235","libelle":"AV 1235","code_insee":"49353","commune":"Trélazé","contenance":3},"geometry":{"type":"MultiPolygon","coordinates":[[[[438295.73,6710796.37],[438295.65,6710796.79],[438295.43,6710797.98],[438295.22,6710799.39],[438295.04,6710800.55],[438294.8,6710802.15],[438295.36,6710802.43],[438296.25,6710796.42],[438295.73,6710796.37]]]]}},{"type":"Feature","properties":{"idu":"49353000AV1236","section":"AV","numero":"1236","libelle":"AV 1236","code_insee":"49353","commune":"Trélazé","contenance":294},"geometry":{"type":"MultiPolygon","coordinates":[[[[438299.77,6710779.81],[438295.81,6710780.21],[438291.25,6710780.55],[438291.47,6710783.11],[438292.01,6710789.96],[438294.76,6710789.78],[438294.83,6710790.76],[438296.09,6710790.82],[438297.49,6710790.76],[438297.65,6710793.58],[438296.19,6710793.65],[438295.89,6710795.45],[438295.73,6710796.37],[438296.25,6710796.42],[438295.36,6710802.43],[438296.8,6710803.18],[438299.8,6710804.74],[438300.57,6710800.38],[438307.59,6710803.69],[438308.89,6710800.52],[438310.47,6710801.13],[438316.99,6710803.55],[438318.56,6710800.5],[438317.95,6710800.21],[438319.28,6710797.82],[438317.13,6710797.35],[438314.63,6710796.82],[438314.4,6710796.77],[438313.14,6710796.5],[438311.83,6710796.22],[438303.19,6710794.39],[438303.17,6710793.54],[438303.1,6710790.78],[438302.98,6710787.24],[438302.69,6710782.26],[438302.48,6710779.56],[438299.77,6710779.81]]]]}},{"type":"Feature","properties":{"idu":"49353000AV1238","section":"AV","numero":"1238","libelle":"AV 1238","code_insee":"49353","commune":"Trélazé","contenance":399},"geometry":{"type":"MultiPolygon","coordinates":[[[[439091.55,6710829.08],[439090.38,6710838.6],[439090.13,6710840.73],[439088.03,6710856.11],[439087.33,6710861.2],[439092.67,6710861.33],[439099.4,6710863.43],[439100.83,6710852.86],[439101.4,6710848.57],[439103.36,6710833.68],[439103.71,6710831.06],[439091.55,6710829.08]]]]}},{"type":"Feature","properties":{"idu":"49353000AV1242","section":"AV","numero":"1242","libelle":"AV 1242","code_insee":"49353","commune":"Trélazé","contenance":627},"geometry":{"type":"MultiPolygon","coordinates":[[[[438329.58,6710972.51],[438328.49,6710955.94],[438328.32,6710955.32],[438314.33,6710954.06],[438300.25,6710952.7],[438287.55,6710951.42],[438286.72,6710958.16],[438301.42,6710960.0],[438303.56,6710971.31],[438305.9,6710972.9],[438307.85,6710972.53],[438310.2,6710974.13],[438310.58,6710976.09],[438329.58,6710972.51]]]]}},{"type":"Feature","properties":{"idu":"49353000AV1243","section":"AV","numero":"1243","libelle":"AV 1243","code_insee":"49353","commune":"Trélazé","contenance":550},"geometry":{"type":"MultiPolygon","coordinates":[[[[438305.59,6711006.66],[438330.42,6710986.5],[438329.63,6710973.19],[438329.58,6710972.51],[438310.58,6710976.09],[438311.32,6710980.02],[438309.73,6710982.38],[438303.82,6710983.49],[438302.23,6710985.84],[438305.59,6711006.66]]]]}},{"type":"Feature","properties":{"idu":"49353000AV1245","section":"AV","numero":"1245","libelle":"AV 1245","code_insee":"49353","commune":"Trélazé","contenance":2},"geometry":{"type":"MultiPolygon","coordinates":[[[[438263.23,6710961.88],[438260.35,6710960.22],[438260.25,6710961.72],[438263.23,6710961.88]]]]}},{"type":"Feature","properties":{"idu":"49353000AV1246","section":"AV","numero":"1246","libelle":"AV 1246","code_insee":"49353","commune":"Trélazé","contenance":169},"geometry":{"type":"MultiPolygon","coordinates":[[[[438614.77,6710899.87],[438616.75,6710918.66],[438618.97,6710918.37],[438621.19,6710918.09],[438623.05,6710917.87],[438622.52,6710909.67],[438626.33,6710909.39],[438625.88,6710903.13],[438625.55,6710898.71],[438614.77,6710899.87]]]]}},{"type":"Feature","properties":{"idu":"49353000AV1247","section":"AV","numero":"1247","libelle":"AV 1247","code_insee":"49353","commune":"Trélazé","contenance":208},"geometry":{"type":"MultiPolygon","coordinates":[[[[438625.55,6710898.71],[438624.51,6710884.72],[438615.5,6710877.25],[438612.62,6710879.48],[438614.77,6710899.87],[438625.55,6710898.71]]]]}},{"type":"Feature","properties":{"idu":"49353000AV1251","section":"AV","numero":"1251","libelle":"AV 1251","code_insee":"49353","commune":"Trélazé","contenance":191},"geometry":{"type":"MultiPolygon","coordinates":[[[[438614.77,6710899.87],[438612.62,6710879.48],[438601.78,6710887.82],[438602.75,6710895.11],[438603.53,6710901.09],[438614.77,6710899.87]]]]}},{"type":"Feature","properties":{"idu":"49353000AV1252","section":"AV","numero":"1252","libelle":"AV 1252","code_insee":"49353","commune":"Trélazé","contenance":253},"geometry":{"type":"MultiPolygon","coordinates":[[[[438603.79,6710920.28],[438613.79,6710919.03],[438616.75,6710918.66],[438614.77,6710899.87],[438603.53,6710901.09],[438601.54,6710901.31],[438603.79,6710920.28]]]]}},{"type":"Feature","properties":{"idu":"49353000AV1253","section":"AV","numero":"1253","libelle":"AV 1253","code_insee":"49353","commune":"Trélazé","contenance":724},"geometry":{"type":"MultiPolygon","coordinates":[[[[438860.44,6710760.58],[438855.86,6710760.9],[438853.93,6710761.04],[438853.96,6710761.54],[438851.03,6710764.88],[438850.53,6710764.91],[438851.31,6710775.86],[438852.34,6710789.83],[438852.88,6710797.27],[438853.97,6710797.24],[438861.37,6710796.96],[438861.89,6710796.96],[438863.4,6710797.08],[438865.79,6710797.45],[438874.51,6710798.89],[438874.04,6710795.93],[438873.61,6710793.27],[438871.26,6710778.62],[438871.02,6710777.14],[438870.44,6710772.15],[438869.13,6710760.31],[438865.66,6710760.51],[438865.35,6710760.22],[438860.44,6710760.58]]]]}},{"type":"Feature","properties":{"idu":"49353000AV1254","section":"AV","numero":"1254","libelle":"AV 1254","code_insee":"49353","commune":"Trélazé","contenance":8},"geometry":{"type":"MultiPolygon","coordinates":[[[[438853.93,6710761.04],[438850.27,6710761.3],[438850.53,6710764.91],[438851.03,6710764.88],[438853.96,6710761.54],[438853.93,6710761.04]]]]}},{"type":"Feature","properties":{"idu":"49353000AV1255","section":"AV","numero":"1255","libelle":"AV 1255","code_insee":"49353","commune":"Trélazé","contenance":627},"geometry":{"type":"MultiPolygon","coordinates":[[[[439060.9,6710764.37],[439060.01,6710769.8],[439059.69,6710771.8],[439057.49,6710784.49],[439055.05,6710784.08],[439053.88,6710790.26],[439051.65,6710801.65],[439067.87,6710803.31],[439068.06,6710801.88],[439069.4,6710792.38],[439070.65,6710783.19],[439071.39,6710777.92],[439072.28,6710771.53],[439073.88,6710758.88],[439062.07,6710757.43],[439060.9,6710764.37]]]]}},{"type":"Feature","properties":{"idu":"49353000AV1256","section":"AV","numero":"1256","libelle":"AV 1256","code_insee":"49353","commune":"Trélazé","contenance":377},"geometry":{"type":"MultiPolygon","coordinates":[[[[439051.65,6710801.65],[439051.24,6710803.77],[439048.9,6710815.64],[439047.4,6710823.28],[439059.06,6710825.49],[439061.59,6710823.57],[439065.48,6710820.6],[439065.84,6710817.97],[439066.97,6710809.76],[439067.87,6710803.31],[439051.65,6710801.65]]]]}},{"type":"Feature","properties":{"idu":"49353000AV1257","section":"AV","numero":"1257","libelle":"AV 1257","code_insee":"49353","commune":"Trélazé","contenance":74},"geometry":{"type":"MultiPolygon","coordinates":[[[[439061.59,6710823.57],[439059.06,6710825.49],[439054.31,6710860.35],[439056.57,6710860.41],[439061.59,6710823.57]]]]}},{"type":"Feature","properties":{"idu":"49353000AV1258","section":"AV","numero":"1258","libelle":"AV 1258","code_insee":"49353","commune":"Trélazé","contenance":122},"geometry":{"type":"MultiPolygon","coordinates":[[[[439060.33,6710860.5],[439061.04,6710854.67],[439062.65,6710842.02],[439064.81,6710825.63],[439065.48,6710820.6],[439061.59,6710823.57],[439056.57,6710860.41],[439060.33,6710860.5]]]]}},{"type":"Feature","properties":{"idu":"49353000AV1259","section":"AV","numero":"1259","libelle":"AV 1259","code_insee":"49353","commune":"Trélazé","contenance":297},"geometry":{"type":"MultiPolygon","coordinates":[[[[438260.55,6710957.66],[438260.35,6710960.22],[438263.23,6710961.88],[438269.31,6710965.36],[438271.17,6710965.49],[438287.0,6710962.18],[438287.33,6710962.27],[438295.55,6710963.29],[438298.5,6710966.05],[438300.69,6710977.67],[438301.21,6710980.45],[438303.82,6710983.49],[438309.73,6710982.38],[438311.32,6710980.02],[438310.58,6710976.09],[438310.2,6710974.13],[438307.85,6710972.53],[438305.9,6710972.9],[438303.56,6710971.31],[438301.42,6710960.0],[438286.72,6710958.16],[438278.26,6710961.95],[438270.76,6710961.45],[438264.12,6710958.04],[438260.64,6710956.48],[438260.55,6710957.66]]]]}},{"type":"Feature","properties":{"idu":"49353000AV1263","section":"AV","numero":"1263","libelle":"AV 1263","code_insee":"49353","commune":"Trélazé","contenance":1},"geometry":{"type":"MultiPolygon","coordinates":[[[[438271.17,6710965.49],[438269.31,6710965.36],[438269.82,6710965.65],[438271.17,6710965.49]]]]}},{"type":"Feature","properties":{"idu":"49353000AV1264","section":"AV","numero":"1264","libelle":"AV 1264","code_insee":"49353","commune":"Trélazé","contenance":681},"geometry":{"type":"MultiPolygon","coordinates":[[[[438262.31,6710935.1],[438261.78,6710942.64],[438261.17,6710949.82],[438260.64,6710956.48],[438264.12,6710958.04],[438268.72,6710960.21],[438273.38,6710960.86],[438286.72,6710958.16],[438287.55,6710951.42],[438282.57,6710950.92],[438283.14,6710946.32],[438283.07,6710945.77],[438284.31,6710934.46],[438284.24,6710934.4],[438284.3,6710932.92],[438284.14,6710932.63],[438274.42,6710930.67],[438262.76,6710927.84],[438262.31,6710935.1]]]]}},{"type":"Feature","properties":{"idu":"49353000AV1265","section":"AV","numero":"1265","libelle":"AV 1265","code_insee":"49353","commune":"Trélazé","contenance":18},"geometry":{"type":"MultiPolygon","coordinates":[[[[438264.12,6710958.04],[438270.76,6710961.45],[438278.26,6710961.95],[438286.72,6710958.16],[438273.38,6710960.86],[438268.72,6710960.21],[438264.12,6710958.04]]]]}},{"type":"Feature","properties":{"idu":"49353000AV1268","section":"AV","numero":"1268","libelle":"AV 1268","code_insee":"49353","commune":"Trélazé","contenance":580},"geometry":{"type":"MultiPolygon","coordinates":[[[[439119.99,6710902.38],[439130.01,6710903.25],[439133.21,6710903.53],[439146.25,6710904.65],[439146.21,6710903.27],[439146.23,6710901.51],[439146.23,6710900.09],[439146.3,6710897.82],[439146.45,6710895.46],[439146.52,6710893.35],[439146.65,6710891.29],[439146.73,6710889.98],[439146.8,6710888.76],[439146.91,6710888.08],[439147.05,6710886.7],[439147.38,6710883.87],[439136.78,6710881.43],[439129.66,6710879.76],[439121.98,6710877.97],[439119.99,6710902.38]]]]}},{"type":"Feature","properties":{"idu":"49353000AV1269","section":"AV","numero":"1269","libelle":"AV 1269","code_insee":"49353","commune":"Trélazé","contenance":330},"geometry":{"type":"MultiPolygon","coordinates":[[[[439106.92,6710901.24],[439119.99,6710902.38],[439121.98,6710877.97],[439119.54,6710877.41],[439109.05,6710874.97],[439106.92,6710901.24]]]]}},{"type":"Feature","properties":{"idu":"49353000AV1270","section":"AV","numero":"1270","libelle":"AV 1270","code_insee":"49353","commune":"Trélazé","contenance":272},"geometry":{"type":"MultiPolygon","coordinates":[[[[439098.13,6710879.29],[439097.98,6710887.28],[439097.82,6710895.76],[439097.75,6710900.43],[439106.92,6710901.24],[439109.05,6710874.97],[439108.58,6710874.87],[439098.16,6710872.4],[439098.13,6710879.29]]]]}},{"type":"Feature","properties":{"idu":"49353000AV1271","section":"AV","numero":"1271","libelle":"AV 1271","code_insee":"49353","commune":"Trélazé","contenance":85},"geometry":{"type":"MultiPolygon","coordinates":[[[[439094.69,6710900.2],[439097.75,6710900.43],[439097.82,6710895.76],[439097.98,6710887.28],[439098.13,6710879.29],[439098.16,6710872.4],[439095.22,6710871.67],[439094.69,6710900.2]]]]}},{"type":"Feature","properties":{"idu":"49353000AV1272","section":"AV","numero":"1272","libelle":"AV 1272","code_insee":"49353","commune":"Trélazé","contenance":243},"geometry":{"type":"MultiPolygon","coordinates":[[[[438317.67,6710750.4],[438313.35,6710750.86],[438313.72,6710753.65],[438315.76,6710753.34],[438316.44,6710759.64],[438317.0,6710759.59],[438317.85,6710769.4],[438319.35,6710769.28],[438328.82,6710768.56],[438328.49,6710765.04],[438327.87,6710754.3],[438327.49,6710747.49],[438327.48,6710747.31],[438317.67,6710750.4]]]]}},{"type":"Feature","properties":{"idu":"49353000AV1273","section":"AV","numero":"1273","libelle":"AV 1273","code_insee":"49353","commune":"Trélazé","contenance":204},"geometry":{"type":"MultiPolygon","coordinates":[[[[438313.35,6710750.86],[438304.7,6710751.82],[438305.26,6710755.79],[438305.67,6710758.59],[438305.91,6710760.28],[438306.26,6710762.77],[438306.86,6710767.11],[438307.3,6710770.29],[438317.85,6710769.4],[438317.0,6710759.59],[438316.44,6710759.64],[438315.76,6710753.34],[438313.72,6710753.65],[438313.35,6710750.86]]]]}},{"type":"Feature","properties":{"idu":"49353000AV1278","section":"AV","numero":"1278","libelle":"AV 1278","code_insee":"49353","commune":"Trélazé","contenance":957},"geometry":{"type":"MultiPolygon","coordinates":[[[[439061.39,6711053.64],[439060.16,6711063.18],[439058.76,6711074.0],[439101.14,6711078.09],[439114.76,6711079.39],[439115.1,6711070.06],[439108.31,6711069.4],[439108.35,6711068.42],[439076.66,6711053.97],[439068.02,6711051.99],[439061.39,6711053.64]]]]}},{"type":"Feature","properties":{"idu":"49353000AV1279","section":"AV","numero":"1279","libelle":"AV 1279","code_insee":"49353","commune":"Trélazé","contenance":1780},"geometry":{"type":"MultiPolygon","coordinates":[[[[439115.1,6711070.06],[439116.56,6711030.43],[439103.01,6711028.31],[439074.41,6711023.83],[439065.43,6711022.42],[439061.39,6711053.64],[439068.02,6711051.99],[439076.66,6711053.97],[439108.35,6711068.42],[439108.31,6711069.4],[439115.1,6711070.06]]]]}},{"type":"Feature","properties":{"idu":"49353000AV1280","section":"AV","numero":"1280","libelle":"AV 1280","code_insee":"49353","commune":"Trélazé","contenance":2798},"geometry":{"type":"MultiPolygon","coordinates":[[[[439069.59,6710992.4],[439067.21,6710998.91],[439066.92,6710999.62],[439068.87,6711000.4],[439068.1,6711002.45],[439066.23,6711001.76],[439065.66,6711006.9],[439058.28,6711054.42],[439061.39,6711053.64],[439065.43,6711022.42],[439074.41,6711023.83],[439103.01,6711028.31],[439116.56,6711030.43],[439115.1,6711070.06],[439120.75,6711070.61],[439120.8,6711068.06],[439121.0,6711060.19],[439121.21,6711052.18],[439121.48,6711040.23],[439121.93,6711026.82],[439122.02,6711024.15],[439122.35,6711011.76],[439122.56,6711001.71],[439122.98,6710984.75],[439113.28,6710984.32],[439102.93,6710983.86],[439096.96,6710983.62],[439095.92,6710983.65],[439086.47,6710983.21],[439078.14,6710982.75],[439073.1,6710982.5],[439069.59,6710992.4]]]]}},{"type":"Feature","properties":{"idu":"49353000AV1281","section":"AV","numero":"1281","libelle":"AV 1281","code_insee":"49353","commune":"Trélazé","contenance":32},"geometry":{"type":"MultiPolygon","coordinates":[[[[439058.28,6711054.42],[439058.76,6711074.0],[439060.16,6711063.18],[439061.39,6711053.64],[439058.28,6711054.42]]]]}},{"type":"Feature","properties":{"idu":"49353000AV1282","section":"AV","numero":"1282","libelle":"AV 1282","code_insee":"49353","commune":"Trélazé","contenance":55},"geometry":{"type":"MultiPolygon","coordinates":[[[[439115.1,6711070.06],[439114.76,6711079.39],[439120.54,6711079.95],[439120.64,6711075.81],[439120.75,6711070.61],[439115.1,6711070.06]]]]}},{"type":"Feature","properties":{"idu":"49353000AV1284","section":"AV","numero":"1284","libelle":"AV 1284","code_insee":"49353","commune":"Trélazé","contenance":530},"geometry":{"type":"MultiPolygon","coordinates":[[[[438554.34,6710920.25],[438552.28,6710920.58],[438548.4,6710921.09],[438543.38,6710921.8],[438534.76,6710923.01],[438528.77,6710923.8],[438529.26,6710927.75],[438553.08,6710941.8],[438559.62,6710939.59],[438560.86,6710937.5],[438565.77,6710929.25],[438568.57,6710924.53],[438570.58,6710921.14],[438569.08,6710921.16],[438566.5,6710920.88],[438563.65,6710920.65],[438560.14,6710920.34],[438557.34,6710920.27],[438555.34,6710920.2],[438554.34,6710920.25]]]]}},{"type":"Feature","properties":{"idu":"49353000AV1285","section":"AV","numero":"1285","libelle":"AV 1285","code_insee":"49353","commune":"Trélazé","contenance":2144},"geometry":{"type":"MultiPolygon","coordinates":[[[[438968.5,6710812.25],[438968.11,6710812.45],[438967.85,6710812.52],[438967.62,6710812.67],[438967.34,6710812.86],[438967.11,6710813.03],[438966.86,6710813.29],[438966.68,6710813.52],[438966.43,6710813.82],[438966.19,6710814.2],[438965.96,6710814.48],[438965.74,6710814.93],[438965.59,6710815.26],[438965.46,6710815.7],[438965.38,6710816.18],[438965.3,6710816.69],[438965.18,6710817.23],[438965.22,6710817.88],[438965.52,6710817.86],[438966.54,6710832.5],[438967.41,6710844.01],[438968.32,6710856.22],[438963.89,6710856.51],[438964.54,6710863.66],[438938.15,6710865.51],[438938.66,6710871.39],[438938.81,6710873.12],[438938.81,6710873.43],[438938.94,6710875.05],[438939.22,6710875.08],[438939.52,6710878.54],[438949.57,6710877.64],[438958.37,6710876.85],[438967.05,6710878.0],[438975.74,6710879.21],[438978.16,6710880.49],[438992.19,6710880.73],[439006.08,6710878.9],[439017.97,6710874.51],[439017.8,6710858.08],[439012.72,6710856.83],[439004.68,6710854.93],[439000.83,6710853.95],[438999.17,6710853.62],[438998.91,6710847.48],[438994.67,6710846.22],[438987.1,6710843.93],[438986.52,6710843.85],[438985.52,6710843.71],[438984.79,6710843.54],[438984.12,6710843.37],[438983.61,6710843.17],[438983.11,6710842.94],[438982.68,6710842.72],[438982.31,6710842.49],[438981.86,6710842.06],[438981.44,6710841.74],[438981.12,6710841.35],[438980.84,6710840.99],[438980.49,6710840.55],[438980.23,6710840.1],[438980.11,6710839.76],[438979.92,6710839.31],[438979.79,6710838.87],[438979.67,6710838.27],[438979.5,6710837.59],[438979.27,6710836.18],[438972.74,6710836.56],[438972.33,6710831.41],[438971.09,6710831.51],[438970.48,6710822.95],[438969.95,6710814.59],[438969.68,6710811.96],[438968.5,6710812.25]]]]}},{"type":"Feature","properties":{"idu":"49353000AV1287","section":"AV","numero":"1287","libelle":"AV 1287","code_insee":"49353","commune":"Trélazé","contenance":2463},"geometry":{"type":"MultiPolygon","coordinates":[[[[438478.59,6711023.37],[438478.91,6711008.68],[438479.23,6711008.67],[438479.14,6711002.07],[438478.4,6710947.85],[438445.74,6710948.25],[438446.71,6711023.82],[438478.59,6711023.37]]]]}},{"type":"Feature","properties":{"idu":"49353000AV1288","section":"AV","numero":"1288","libelle":"AV 1288","code_insee":"49353","commune":"Trélazé","contenance":22},"geometry":{"type":"MultiPolygon","coordinates":[[[[438479.23,6711008.67],[438482.47,6711008.63],[438482.41,6711002.11],[438479.14,6711002.07],[438479.23,6711008.67]]]]}},{"type":"Feature","properties":{"idu":"49353000AV1289","section":"AV","numero":"1289","libelle":"AV 1289","code_insee":"49353","commune":"Trélazé","contenance":7549},"geometry":{"type":"MultiPolygon","coordinates":[[[[438434.72,6710933.51],[438417.51,6710946.44],[438418.7,6710980.88],[438397.59,6710993.15],[438346.77,6710995.01],[438346.76,6711021.46],[438352.19,6711022.46],[438369.33,6711025.6],[438374.3,6711026.51],[438397.24,6711030.72],[438410.22,6711033.1],[438414.97,6711033.95],[438428.72,6711036.41],[438442.47,6711038.86],[438456.22,6711041.32],[438459.27,6711041.86],[438469.96,6711043.81],[438478.09,6711045.3],[438478.59,6711023.37],[438446.71,6711023.82],[438445.74,6710948.25],[438478.4,6710947.85],[438479.14,6711002.07],[438482.41,6711002.11],[438482.47,6711008.63],[438482.64,6711008.63],[438484.18,6711008.62],[438499.4,6710943.17],[438499.2,6710930.63],[438434.72,6710933.51]]]]}},{"type":"Feature","properties":{"idu":"49353000AV1290","section":"AV","numero":"1290","libelle":"AV 1290","code_insee":"49353","commune":"Trélazé","contenance":950},"geometry":{"type":"MultiPolygon","coordinates":[[[[438482.64,6711008.63],[438482.47,6711008.63],[438479.23,6711008.67],[438478.91,6711008.68],[438478.59,6711023.37],[438545.92,6711022.5],[438545.72,6711008.21],[438484.18,6711008.62],[438482.64,6711008.63]]]]}},{"type":"Feature","properties":{"idu":"49353000AV1291","section":"AV","numero":"1291","libelle":"AV 1291","code_insee":"49353","commune":"Trélazé","contenance":5367},"geometry":{"type":"MultiPolygon","coordinates":[[[[438518.76,6710942.17],[438499.4,6710943.17],[438484.18,6711008.62],[438545.72,6711008.21],[438545.92,6711022.5],[438478.59,6711023.37],[438478.09,6711045.3],[438483.69,6711046.32],[438496.51,6711048.64],[438497.61,6711048.62],[438513.75,6711048.28],[438543.16,6711047.65],[438552.71,6711032.45],[438552.07,6711022.46],[438551.42,6711012.0],[438550.86,6711001.81],[438550.37,6710993.58],[438549.99,6710987.92],[438549.74,6710983.05],[438549.62,6710981.11],[438549.58,6710979.79],[438549.33,6710977.68],[438547.48,6710968.82],[438545.25,6710958.6],[438539.07,6710951.53],[438528.57,6710945.16],[438520.59,6710940.21],[438520.42,6710939.72],[438518.76,6710942.17]]]]}},{"type":"Feature","properties":{"idu":"49353000AV1292","section":"AV","numero":"1292","libelle":"AV 1292","code_insee":"49353","commune":"Trélazé","contenance":68},"geometry":{"type":"MultiPolygon","coordinates":[[[[438797.5,6711094.01],[438808.63,6711088.25],[438805.8,6711082.86],[438800.09,6711085.79],[438796.63,6711087.49],[438794.59,6711088.47],[438797.5,6711094.01]]]]}},{"type":"Feature","properties":{"idu":"49353000AV1293","section":"AV","numero":"1293","libelle":"AV 1293","code_insee":"49353","commune":"Trélazé","contenance":675},"geometry":{"type":"MultiPolygon","coordinates":[[[[438867.76,6711058.85],[438860.7,6711059.31],[438853.92,6711061.89],[438851.66,6711069.82],[438852.95,6711076.08],[438853.96,6711081.16],[438854.83,6711085.99],[438855.43,6711089.33],[438857.04,6711089.1],[438858.33,6711088.86],[438865.12,6711087.58],[438869.48,6711086.77],[438869.87,6711090.7],[438877.02,6711089.98],[438876.67,6711085.84],[438876.41,6711082.84],[438876.18,6711079.67],[438875.83,6711074.62],[438875.37,6711068.25],[438874.93,6711063.35],[438874.72,6711060.93],[438874.5,6711058.49],[438867.76,6711058.85]]]]}},{"type":"Feature","properties":{"idu":"49353000AV1294","section":"AV","numero":"1294","libelle":"AV 1294","code_insee":"49353","commune":"Trélazé","contenance":13},"geometry":{"type":"MultiPolygon","coordinates":[[[[438876.41,6711082.84],[438880.47,6711082.51],[438880.23,6711079.26],[438876.18,6711079.67],[438876.41,6711082.84]]]]}},{"type":"Feature","properties":{"idu":"49353000AV1304","section":"AV","numero":"1304","libelle":"AV 1304","code_insee":"49353","commune":"Trélazé","contenance":585},"geometry":{"type":"MultiPolygon","coordinates":[[[[438569.01,6710889.02],[438570.75,6710903.14],[438578.54,6710902.19],[438578.54,6710902.27],[438578.93,6710904.95],[438589.94,6710903.48],[438589.94,6710903.73],[438597.41,6710902.83],[438597.4,6710902.77],[438596.51,6710895.92],[438602.75,6710895.11],[438601.78,6710887.82],[438595.55,6710888.55],[438592.33,6710885.91],[438591.08,6710875.7],[438580.29,6710877.06],[438581.55,6710887.42],[438569.01,6710889.02]]]]}},{"type":"Feature","properties":{"idu":"49353000AV1306","section":"AV","numero":"1306","libelle":"AV 1306","code_insee":"49353","commune":"Trélazé","contenance":302},"geometry":{"type":"MultiPolygon","coordinates":[[[[438578.93,6710904.95],[438579.17,6710906.56],[438579.76,6710910.63],[438590.15,6710909.04],[438590.7,6710913.27],[438591.04,6710913.65],[438590.92,6710913.86],[438592.64,6710915.92],[438593.71,6710917.34],[438594.15,6710917.2],[438595.59,6710919.62],[438597.09,6710921.33],[438597.47,6710921.33],[438601.59,6710920.54],[438603.79,6710920.28],[438601.54,6710901.31],[438603.53,6710901.09],[438602.75,6710895.11],[438596.51,6710895.92],[438597.4,6710902.77],[438597.41,6710902.83],[438589.94,6710903.73],[438589.94,6710903.48],[438578.93,6710904.95]]]]}},{"type":"Feature","properties":{"idu":"49353000AV1307","section":"AV","numero":"1307","libelle":"AV 1307","code_insee":"49353","commune":"Trélazé","contenance":16},"geometry":{"type":"MultiPolygon","coordinates":[[[[438555.79,6710885.3],[438555.71,6710885.49],[438554.8,6710886.89],[438553.76,6710888.49],[438552.91,6710889.76],[438553.38,6710890.47],[438557.08,6710890.03],[438556.57,6710885.21],[438555.79,6710885.3]]]]}},{"type":"Feature","properties":{"idu":"49353000AV1308","section":"AV","numero":"1308","libelle":"AV 1308","code_insee":"49353","commune":"Trélazé","contenance":1017},"geometry":{"type":"MultiPolygon","coordinates":[[[[438626.15,6711298.16],[438609.31,6711305.57],[438574.44,6711321.52],[438576.32,6711329.94],[438576.56,6711330.54],[438576.69,6711330.87],[438608.81,6711326.13],[438635.52,6711323.37],[438626.15,6711298.16]]]]}},{"type":"Feature","properties":{"idu":"49353000AV1309","section":"AV","numero":"1309","libelle":"AV 1309","code_insee":"49353","commune":"Trélazé","contenance":427},"geometry":{"type":"MultiPolygon","coordinates":[[[[438639.91,6711292.09],[438626.15,6711298.16],[438635.52,6711323.37],[438644.47,6711321.95],[438649.69,6711321.54],[438650.66,6711321.45],[438639.91,6711292.09]]]]}},{"type":"Feature","properties":{"idu":"49353000AV1310","section":"AV","numero":"1310","libelle":"AV 1310","code_insee":"49353","commune":"Trélazé","contenance":821},"geometry":{"type":"MultiPolygon","coordinates":[[[[438650.66,6711321.45],[438657.87,6711320.79],[438666.31,6711320.0],[438667.08,6711311.63],[438667.83,6711302.95],[438668.73,6711293.02],[438669.28,6711287.01],[438670.03,6711278.84],[438639.91,6711292.09],[438650.66,6711321.45]]]]}},{"type":"Feature","properties":{"idu":"49353000AV1311","section":"AV","numero":"1311","libelle":"AV 1311","code_insee":"49353","commune":"Trélazé","contenance":1270},"geometry":{"type":"MultiPolygon","coordinates":[[[[438618.38,6711277.27],[438578.32,6711287.08],[438577.81,6711301.65],[438576.31,6711315.93],[438574.44,6711321.52],[438609.31,6711305.57],[438626.15,6711298.16],[438618.38,6711277.27]]]]}},{"type":"Feature","properties":{"idu":"49353000AV1312","section":"AV","numero":"1312","libelle":"AV 1312","code_insee":"49353","commune":"Trélazé","contenance":316},"geometry":{"type":"MultiPolygon","coordinates":[[[[438633.16,6711273.66],[438618.38,6711277.27],[438626.15,6711298.16],[438639.91,6711292.09],[438633.16,6711273.66]]]]}},{"type":"Feature","properties":{"idu":"49353000AV1313","section":"AV","numero":"1313","libelle":"AV 1313","code_insee":"49353","commune":"Trélazé","contenance":595},"geometry":{"type":"MultiPolygon","coordinates":[[[[438639.91,6711292.09],[438670.03,6711278.84],[438671.34,6711264.31],[438633.16,6711273.66],[438639.91,6711292.09]]]]}},{"type":"Feature","properties":{"idu":"49353000AV1314","section":"AV","numero":"1314","libelle":"AV 1314","code_insee":"49353","commune":"Trélazé","contenance":1046},"geometry":{"type":"MultiPolygon","coordinates":[[[[438609.27,6711252.76],[438606.84,6711252.95],[438603.65,6711253.29],[438600.21,6711253.74],[438598.04,6711254.02],[438592.19,6711254.72],[438586.35,6711255.45],[438583.72,6711255.78],[438577.07,6711256.65],[438576.36,6711258.9],[438576.74,6711262.5],[438577.82,6711272.94],[438578.32,6711287.08],[438618.38,6711277.27],[438609.27,6711252.76]]]]}},{"type":"Feature","properties":{"idu":"49353000AV1315","section":"AV","numero":"1315","libelle":"AV 1315","code_insee":"49353","commune":"Trélazé","contenance":380},"geometry":{"type":"MultiPolygon","coordinates":[[[[438625.11,6711251.66],[438621.85,6711251.86],[438618.11,6711252.17],[438614.48,6711252.39],[438614.2,6711252.41],[438610.77,6711252.65],[438609.27,6711252.76],[438618.38,6711277.27],[438633.16,6711273.66],[438625.11,6711251.66]]]]}},{"type":"Feature","properties":{"idu":"49353000AV1316","section":"AV","numero":"1316","libelle":"AV 1316","code_insee":"49353","commune":"Trélazé","contenance":839},"geometry":{"type":"MultiPolygon","coordinates":[[[[438644.6,6711250.37],[438630.23,6711251.34],[438625.11,6711251.66],[438633.16,6711273.66],[438671.34,6711264.31],[438672.0,6711257.14],[438672.34,6711253.39],[438672.56,6711250.87],[438672.46,6711250.94],[438672.52,6711248.66],[438665.14,6711249.12],[438644.6,6711250.37]]]]}},{"type":"Feature","properties":{"idu":"49353000AV1317","section":"AV","numero":"1317","libelle":"AV 1317","code_insee":"49353","commune":"Trélazé","contenance":191},"geometry":{"type":"MultiPolygon","coordinates":[[[[438300.57,6710800.38],[438299.8,6710804.74],[438302.28,6710806.34],[438301.59,6710807.46],[438297.88,6710813.29],[438294.19,6710819.01],[438293.36,6710820.18],[438293.85,6710820.67],[438296.31,6710823.2],[438297.66,6710824.61],[438298.67,6710823.6],[438300.96,6710821.23],[438304.9,6710817.26],[438308.39,6710813.72],[438310.03,6710812.23],[438311.44,6710811.0],[438309.9,6710809.9],[438311.02,6710808.26],[438308.12,6710806.3],[438309.04,6710804.27],[438310.47,6710801.13],[438308.89,6710800.52],[438307.59,6710803.69],[438300.57,6710800.38]]]]}},{"type":"Feature","properties":{"idu":"49353000AV1321","section":"AV","numero":"1321","libelle":"AV 1321","code_insee":"49353","commune":"Trélazé","contenance":1150},"geometry":{"type":"MultiPolygon","coordinates":[[[[438755.54,6711055.67],[438741.58,6711057.67],[438742.62,6711073.32],[438745.4,6711073.14],[438745.83,6711079.22],[438752.83,6711082.88],[438753.68,6711095.75],[438768.08,6711094.79],[438770.82,6711097.82],[438770.98,6711097.68],[438772.52,6711095.36],[438773.42,6711092.72],[438773.59,6711089.94],[438773.47,6711087.55],[438773.19,6711083.36],[438778.14,6711083.03],[438776.69,6711061.33],[438771.82,6711061.66],[438771.43,6711055.85],[438764.54,6711054.35],[438755.54,6711055.67]]]]}},{"type":"Feature","properties":{"idu":"49353000AV1322","section":"AV","numero":"1322","libelle":"AV 1322","code_insee":"49353","commune":"Trélazé","contenance":1387},"geometry":{"type":"MultiPolygon","coordinates":[[[[438741.58,6711057.67],[438741.23,6711057.72],[438728.93,6711059.45],[438724.22,6711060.12],[438723.73,6711060.17],[438724.1,6711064.34],[438726.78,6711093.43],[438728.23,6711108.65],[438764.7,6711106.21],[438768.02,6711105.46],[438771.11,6711104.01],[438773.79,6711101.94],[438775.98,6711099.32],[438777.55,6711096.3],[438778.42,6711093.0],[438778.57,6711089.61],[438778.14,6711083.03],[438773.19,6711083.36],[438773.47,6711087.55],[438773.59,6711089.94],[438773.42,6711092.72],[438772.52,6711095.36],[438770.98,6711097.68],[438770.82,6711097.82],[438768.08,6711094.79],[438753.68,6711095.75],[438752.83,6711082.88],[438745.83,6711079.22],[438745.4,6711073.14],[438742.62,6711073.32],[438741.58,6711057.67]]]]}},{"type":"Feature","properties":{"idu":"49353000AV1323","section":"AV","numero":"1323","libelle":"AV 1323","code_insee":"49353","commune":"Trélazé","contenance":132},"geometry":{"type":"MultiPolygon","coordinates":[[[[438781.94,6711060.59],[438783.69,6711086.87],[438788.67,6711086.53],[438786.92,6711060.25],[438781.94,6711060.59]]]]}},{"type":"Feature","properties":{"idu":"49353000AV1326","section":"AV","numero":"1326","libelle":"AV 1326","code_insee":"49353","commune":"Trélazé","contenance":257},"geometry":{"type":"MultiPolygon","coordinates":[[[[438732.94,6711118.64],[438742.02,6711137.32],[438749.27,6711137.79],[438747.55,6711112.67],[438738.56,6711113.27],[438738.9,6711118.24],[438736.46,6711118.4],[438734.01,6711118.57],[438732.94,6711118.64]]]]}},{"type":"Feature","properties":{"idu":"49353000AV1327","section":"AV","numero":"1327","libelle":"AV 1327","code_insee":"49353","commune":"Trélazé","contenance":236},"geometry":{"type":"MultiPolygon","coordinates":[[[[438749.27,6711137.79],[438755.88,6711138.22],[438758.32,6711138.37],[438756.54,6711112.07],[438747.55,6711112.67],[438749.27,6711137.79]]]]}},{"type":"Feature","properties":{"idu":"49353000AV1328","section":"AV","numero":"1328","libelle":"AV 1328","code_insee":"49353","commune":"Trélazé","contenance":245},"geometry":{"type":"MultiPolygon","coordinates":[[[[438758.32,6711138.37],[438764.41,6711138.73],[438767.38,6711138.91],[438765.55,6711111.47],[438756.54,6711112.07],[438758.32,6711138.37]]]]}},{"type":"Feature","properties":{"idu":"49353000AV1329","section":"AV","numero":"1329","libelle":"AV 1329","code_insee":"49353","commune":"Trélazé","contenance":254},"geometry":{"type":"MultiPolygon","coordinates":[[[[438767.38,6711138.91],[438772.25,6711139.2],[438776.42,6711139.45],[438774.55,6711110.87],[438765.55,6711111.47],[438767.38,6711138.91]]]]}},{"type":"Feature","properties":{"idu":"49353000AV1330","section":"AV","numero":"1330","libelle":"AV 1330","code_insee":"49353","commune":"Trélazé","contenance":262},"geometry":{"type":"MultiPolygon","coordinates":[[[[438776.42,6711139.45],[438780.28,6711139.68],[438785.47,6711140.0],[438783.54,6711110.27],[438774.55,6711110.87],[438776.42,6711139.45]]]]}},{"type":"Feature","properties":{"idu":"49353000AV1331","section":"AV","numero":"1331","libelle":"AV 1331","code_insee":"49353","commune":"Trélazé","contenance":271},"geometry":{"type":"MultiPolygon","coordinates":[[[[438785.47,6711140.0],[438788.64,6711140.2],[438793.79,6711140.38],[438793.61,6711136.12],[438793.48,6711132.99],[438793.37,6711129.81],[438793.33,6711127.87],[438793.31,6711126.39],[438793.34,6711125.26],[438793.37,6711124.1],[438793.58,6711122.53],[438793.88,6711119.38],[438794.27,6711116.14],[438794.86,6711110.8],[438795.01,6711109.51],[438794.2,6711109.56],[438789.22,6711109.9],[438783.54,6711110.27],[438785.47,6711140.0]]]]}},{"type":"Feature","properties":{"idu":"49353000AV1333","section":"AV","numero":"1333","libelle":"AV 1333","code_insee":"49353","commune":"Trélazé","contenance":876},"geometry":{"type":"MultiPolygon","coordinates":[[[[438771.82,6711061.66],[438776.69,6711061.33],[438778.14,6711083.03],[438778.57,6711089.61],[438778.42,6711093.0],[438777.55,6711096.3],[438775.98,6711099.32],[438773.79,6711101.94],[438771.11,6711104.01],[438768.02,6711105.46],[438764.7,6711106.21],[438728.23,6711108.65],[438728.33,6711109.65],[438728.55,6711109.51],[438730.58,6711113.79],[438733.67,6711113.58],[438736.12,6711113.42],[438738.56,6711113.27],[438747.55,6711112.67],[438756.54,6711112.07],[438765.55,6711111.47],[438774.55,6711110.87],[438783.54,6711110.27],[438789.22,6711109.9],[438789.06,6711107.49],[438788.9,6711105.12],[438793.88,6711104.79],[438794.04,6711107.15],[438794.2,6711109.56],[438795.01,6711109.51],[438795.24,6711107.31],[438795.75,6711103.26],[438796.28,6711098.47],[438796.82,6711094.38],[438797.5,6711094.01],[438794.59,6711088.47],[438793.61,6711084.53],[438792.98,6711082.0],[438791.65,6711076.47],[438790.78,6711072.54],[438789.16,6711064.84],[438788.89,6711064.9],[438787.81,6711059.51],[438780.55,6711057.84],[438773.13,6711056.22],[438771.43,6711055.85],[438771.82,6711061.66]],[[438783.85,6711089.26],[438788.83,6711088.92],[438788.8,6711091.64],[438788.78,6711093.0],[438788.55,6711094.32],[438788.09,6711096.98],[438787.23,6711099.53],[438786.78,6711100.86],[438786.17,6711102.02],[438784.89,6711104.47],[438780.67,6711101.81],[438781.68,6711099.9],[438782.2,6711098.9],[438782.55,6711097.86],[438783.26,6711095.75],[438783.63,6711093.58],[438783.81,6711092.55],[438783.82,6711091.37],[438783.85,6711089.26]],[[438781.94,6711060.59],[438786.92,6711060.25],[438788.67,6711086.53],[438783.69,6711086.87],[438781.94,6711060.59]]]]}},{"type":"Feature","properties":{"idu":"49353000AV1334","section":"AV","numero":"1334","libelle":"AV 1334","code_insee":"49353","commune":"Trélazé","contenance":89},"geometry":{"type":"MultiPolygon","coordinates":[[[[438296.8,6710803.18],[438296.24,6710804.01],[438294.71,6710806.27],[438293.35,6710808.29],[438288.6,6710815.34],[438293.19,6710820.02],[438293.36,6710820.18],[438294.19,6710819.01],[438297.88,6710813.29],[438301.59,6710807.46],[438302.28,6710806.34],[438299.8,6710804.74],[438296.8,6710803.18]]]]}},{"type":"Feature","properties":{"idu":"49353000AV1335","section":"AV","numero":"1335","libelle":"AV 1335","code_insee":"49353","commune":"Trélazé","contenance":738},"geometry":{"type":"MultiPolygon","coordinates":[[[[438260.25,6710961.72],[438260.0,6710965.78],[438259.57,6710973.51],[438261.84,6710973.66],[438278.13,6710978.56],[438278.2,6710981.52],[438279.25,6710989.05],[438279.42,6710989.03],[438297.3,6710986.5],[438300.69,6710977.67],[438298.5,6710966.05],[438295.55,6710963.29],[438287.33,6710962.27],[438287.0,6710962.18],[438271.17,6710965.49],[438269.82,6710965.65],[438269.31,6710965.36],[438263.23,6710961.88],[438260.25,6710961.72]]]]}},{"type":"Feature","properties":{"idu":"49353000AV1336","section":"AV","numero":"1336","libelle":"AV 1336","code_insee":"49353","commune":"Trélazé","contenance":608},"geometry":{"type":"MultiPolygon","coordinates":[[[[438557.08,6710890.03],[438553.38,6710890.47],[438552.91,6710889.76],[438552.21,6710890.88],[438551.18,6710892.28],[438550.13,6710893.74],[438548.44,6710896.0],[438547.37,6710897.42],[438546.73,6710898.24],[438545.31,6710899.62],[438542.64,6710902.23],[438538.85,6710905.67],[438533.22,6710910.81],[438530.68,6710913.34],[438528.97,6710914.92],[438528.31,6710915.63],[438528.03,6710916.13],[438527.87,6710916.46],[438527.86,6710916.75],[438527.89,6710917.02],[438537.57,6710915.83],[438537.65,6710916.46],[438554.75,6710914.17],[438554.61,6710913.04],[438560.9,6710912.34],[438560.34,6710908.11],[438559.95,6710904.93],[438565.18,6710904.23],[438565.03,6710903.05],[438570.75,6710903.14],[438569.01,6710889.02],[438568.96,6710888.64],[438557.08,6710890.03]]]]}},{"type":"Feature","properties":{"idu":"49353000AV1337","section":"AV","numero":"1337","libelle":"AV 1337","code_insee":"49353","commune":"Trélazé","contenance":597},"geometry":{"type":"MultiPolygon","coordinates":[[[[438527.89,6710917.02],[438528.77,6710923.8],[438534.76,6710923.01],[438543.38,6710921.8],[438548.4,6710921.09],[438552.28,6710920.58],[438554.34,6710920.25],[438555.34,6710920.2],[438557.34,6710920.27],[438560.14,6710920.34],[438563.65,6710920.65],[438566.5,6710920.88],[438569.08,6710921.16],[438570.58,6710921.14],[438571.85,6710921.12],[438573.61,6710921.1],[438576.04,6710921.14],[438580.22,6710921.18],[438589.61,6710921.23],[438591.85,6710921.26],[438597.09,6710921.33],[438595.59,6710919.62],[438594.15,6710917.2],[438593.71,6710917.34],[438592.64,6710915.92],[438590.92,6710913.86],[438591.04,6710913.65],[438590.7,6710913.27],[438590.15,6710909.04],[438579.76,6710910.63],[438579.84,6710911.17],[438575.25,6710911.92],[438575.49,6710913.76],[438574.05,6710913.95],[438573.74,6710912.06],[438568.89,6710912.81],[438568.69,6710911.49],[438564.9,6710911.98],[438564.34,6710906.94],[438577.06,6710904.85],[438576.76,6710902.52],[438578.54,6710902.27],[438578.54,6710902.19],[438570.75,6710903.14],[438565.03,6710903.05],[438565.18,6710904.23],[438559.95,6710904.93],[438560.34,6710908.11],[438560.9,6710912.34],[438554.61,6710913.04],[438554.75,6710914.17],[438537.65,6710916.46],[438537.57,6710915.83],[438527.89,6710917.02]]]]}},{"type":"Feature","properties":{"idu":"49353000AV1338","section":"AV","numero":"1338","libelle":"AV 1338","code_insee":"49353","commune":"Trélazé","contenance":138},"geometry":{"type":"MultiPolygon","coordinates":[[[[438582.13,6710818.16],[438583.27,6710827.1],[438584.45,6710837.03],[438592.58,6710835.74],[438590.26,6710817.18],[438582.13,6710818.16]]]]}},{"type":"Feature","properties":{"idu":"49353000AV1340","section":"AV","numero":"1340","libelle":"AV 1340","code_insee":"49353","commune":"Trélazé","contenance":184},"geometry":{"type":"MultiPolygon","coordinates":[[[[438577.37,6710853.79],[438578.76,6710863.95],[438597.23,6710861.54],[438596.75,6710855.38],[438596.49,6710852.22],[438577.37,6710853.79]]]]}},{"type":"Feature","properties":{"idu":"49353000AV1341","section":"AV","numero":"1341","libelle":"AV 1341","code_insee":"49353","commune":"Trélazé","contenance":422},"geometry":{"type":"MultiPolygon","coordinates":[[[[438574.59,6710828.06],[438574.1,6710829.85],[438577.37,6710853.79],[438596.49,6710852.22],[438595.12,6710835.34],[438592.58,6710835.74],[438584.45,6710837.03],[438583.27,6710827.1],[438574.59,6710828.06]]]]}},{"type":"Feature","properties":{"idu":"49353000AV1342","section":"AV","numero":"1342","libelle":"AV 1342","code_insee":"49353","commune":"Trélazé","contenance":8},"geometry":{"type":"MultiPolygon","coordinates":[[[[438615.5,6710877.25],[438612.09,6710874.43],[438612.62,6710879.48],[438615.5,6710877.25]]]]}},{"type":"Feature","properties":{"idu":"49353000AV1343","section":"AV","numero":"1343","libelle":"AV 1343","code_insee":"49353","commune":"Trélazé","contenance":262},"geometry":{"type":"MultiPolygon","coordinates":[[[[438559.1,6710877.61],[438558.24,6710879.73],[438557.12,6710882.14],[438556.26,6710884.17],[438555.79,6710885.3],[438556.57,6710885.21],[438557.08,6710890.03],[438568.96,6710888.64],[438569.01,6710889.02],[438581.55,6710887.42],[438580.29,6710877.06],[438562.9,6710879.2],[438559.1,6710877.61]]]]}},{"type":"Feature","properties":{"idu":"49353000AV1344","section":"AV","numero":"1344","libelle":"AV 1344","code_insee":"49353","commune":"Trélazé","contenance":344},"geometry":{"type":"MultiPolygon","coordinates":[[[[438591.08,6710875.7],[438592.33,6710885.91],[438595.55,6710888.55],[438601.78,6710887.82],[438612.62,6710879.48],[438612.09,6710874.43],[438599.19,6710863.77],[438590.78,6710873.26],[438591.08,6710875.7]]]]}},{"type":"Feature","properties":{"idu":"49353000AV1345","section":"AV","numero":"1345","libelle":"AV 1345","code_insee":"49353","commune":"Trélazé","contenance":178},"geometry":{"type":"MultiPolygon","coordinates":[[[[438599.19,6710863.77],[438597.29,6710862.2],[438597.23,6710861.54],[438578.76,6710863.95],[438580.0,6710874.56],[438590.78,6710873.26],[438599.19,6710863.77]]]]}},{"type":"Feature","properties":{"idu":"49353000AV1346","section":"AV","numero":"1346","libelle":"AV 1346","code_insee":"49353","commune":"Trélazé","contenance":399},"geometry":{"type":"MultiPolygon","coordinates":[[[[438567.57,6710853.04],[438566.33,6710857.41],[438564.99,6710861.81],[438564.27,6710864.14],[438563.76,6710865.54],[438562.71,6710868.38],[438561.38,6710871.89],[438559.8,6710875.88],[438559.1,6710877.61],[438562.9,6710879.2],[438580.29,6710877.06],[438580.0,6710874.56],[438578.76,6710863.95],[438577.37,6710853.79],[438568.2,6710850.92],[438567.57,6710853.04]]]]}},{"type":"Feature","properties":{"idu":"49353000AV1347","section":"AV","numero":"1347","libelle":"AV 1347","code_insee":"49353","commune":"Trélazé","contenance":27},"geometry":{"type":"MultiPolygon","coordinates":[[[[438580.29,6710877.06],[438591.08,6710875.7],[438590.78,6710873.26],[438580.0,6710874.56],[438580.29,6710877.06]]]]}},{"type":"Feature","properties":{"idu":"49353000AV1348","section":"AV","numero":"1348","libelle":"AV 1348","code_insee":"49353","commune":"Trélazé","contenance":108},"geometry":{"type":"MultiPolygon","coordinates":[[[[438572.8,6710834.57],[438571.16,6710840.43],[438569.45,6710846.5],[438569.13,6710847.78],[438568.2,6710850.92],[438577.37,6710853.79],[438574.1,6710829.85],[438572.8,6710834.57]]]]}},{"type":"Feature","properties":{"idu":"49353000AV1349","section":"AV","numero":"1349","libelle":"AV 1349","code_insee":"49353","commune":"Trélazé","contenance":2888},"geometry":{"type":"MultiPolygon","coordinates":[[[[438422.31,6710926.11],[438499.11,6710924.64],[438498.79,6710904.01],[438483.75,6710887.54],[438479.83,6710883.25],[438421.38,6710885.68],[438422.31,6710926.11]]]]}},{"type":"Feature","properties":{"idu":"49353000AV1350","section":"AV","numero":"1350","libelle":"AV 1350","code_insee":"49353","commune":"Trélazé","contenance":2054},"geometry":{"type":"MultiPolygon","coordinates":[[[[438412.17,6710858.56],[438412.8,6710926.29],[438422.31,6710926.11],[438421.38,6710885.68],[438479.83,6710883.25],[438477.99,6710881.22],[438473.83,6710857.41],[438412.17,6710858.56]]]]}},{"type":"Feature","properties":{"idu":"49353000AV1351","section":"AV","numero":"1351","libelle":"AV 1351","code_insee":"49353","commune":"Trélazé","contenance":16631},"geometry":{"type":"MultiPolygon","coordinates":[[[[438530.6,6710766.2],[438524.56,6710766.22],[438519.43,6710766.24],[438513.55,6710766.31],[438509.3,6710766.3],[438504.39,6710766.36],[438499.06,6710766.36],[438495.05,6710766.41],[438489.72,6710766.46],[438484.71,6710766.46],[438479.22,6710766.56],[438474.56,6710766.65],[438470.08,6710766.74],[438466.07,6710766.83],[438461.97,6710766.99],[438459.38,6710767.06],[438455.87,6710767.2],[438453.6,6710767.31],[438449.81,6710767.59],[438446.13,6710767.87],[438442.13,6710768.12],[438438.87,6710768.29],[438434.37,6710768.58],[438429.74,6710768.98],[438423.09,6710769.49],[438413.76,6710770.26],[438407.13,6710770.77],[438407.43,6710774.19],[438402.85,6710774.92],[438404.03,6710783.98],[438404.11,6710784.59],[438405.63,6710796.28],[438408.08,6710815.5],[438409.1,6710824.0],[438411.09,6710845.78],[438411.99,6710855.56],[438473.32,6710854.42],[438473.52,6710855.59],[438473.83,6710857.41],[438477.99,6710881.22],[438479.83,6710883.25],[438483.75,6710887.54],[438498.63,6710893.47],[438498.79,6710904.01],[438513.44,6710920.02],[438515.58,6710918.21],[438518.17,6710916.01],[438520.65,6710913.9],[438522.8,6710912.03],[438525.16,6710910.01],[438527.52,6710908.13],[438529.67,6710906.34],[438531.19,6710905.02],[438532.08,6710904.27],[438533.57,6710902.96],[438534.73,6710901.98],[438536.24,6710900.56],[438537.46,6710899.37],[438538.5,6710898.27],[438539.57,6710897.12],[438540.52,6710896.08],[438541.42,6710895.09],[438542.44,6710893.82],[438543.39,6710892.51],[438544.17,6710891.51],[438545.24,6710890.01],[438546.18,6710888.59],[438547.16,6710887.11],[438547.97,6710885.82],[438548.66,6710884.78],[438549.32,6710883.54],[438550.15,6710881.91],[438551.02,6710880.28],[438551.92,6710878.37],[438552.63,6710876.91],[438553.63,6710874.67],[438554.6,6710872.49],[438555.57,6710870.25],[438556.34,6710868.48],[438557.14,6710866.58],[438557.9,6710864.69],[438558.7,6710862.39],[438559.86,6710859.14],[438560.78,6710856.35],[438561.7,6710853.73],[438562.61,6710851.03],[438563.29,6710848.87],[438563.97,6710846.6],[438564.45,6710845.06],[438564.79,6710843.63],[438565.15,6710842.19],[438565.65,6710839.8],[438566.44,6710835.62],[438567.11,6710831.98],[438567.8,6710828.45],[438568.62,6710823.98],[438569.22,6710820.44],[438569.69,6710817.75],[438570.08,6710815.51],[438570.3,6710814.51],[438570.43,6710813.49],[438570.48,6710812.52],[438570.45,6710811.53],[438570.31,6710810.44],[438570.11,6710809.25],[438570.01,6710808.57],[438569.65,6710807.38],[438569.26,6710806.26],[438568.95,6710805.32],[438568.67,6710804.55],[438568.07,6710803.43],[438567.45,6710802.36],[438567.0,6710801.59],[438566.7,6710801.13],[438566.15,6710800.45],[438565.35,6710799.62],[438564.42,6710799.58],[438564.32,6710798.15],[438563.27,6710798.11],[438562.76,6710798.13],[438562.27,6710798.19],[438561.46,6710798.26],[438557.77,6710798.85],[438556.13,6710799.15],[438556.06,6710794.88],[438555.04,6710793.02],[438547.25,6710793.44],[438539.18,6710793.8],[438539.05,6710779.28],[438538.98,6710766.14],[438530.6,6710766.2]]]]}},{"type":"Feature","properties":{"idu":"49353000AV1352","section":"AV","numero":"1352","libelle":"AV 1352","code_insee":"49353","commune":"Trélazé","contenance":88},"geometry":{"type":"MultiPolygon","coordinates":[[[[438411.99,6710855.56],[438412.16,6710857.43],[438473.52,6710855.59],[438473.32,6710854.42],[438411.99,6710855.56]]]]}},{"type":"Feature","properties":{"idu":"49353000AV1353","section":"AV","numero":"1353","libelle":"AV 1353","code_insee":"49353","commune":"Trélazé","contenance":13},"geometry":{"type":"MultiPolygon","coordinates":[[[[438783.85,6711089.26],[438783.82,6711091.37],[438788.8,6711091.64],[438788.83,6711088.92],[438783.85,6711089.26]]]]}},{"type":"Feature","properties":{"idu":"49353000AV1354","section":"AV","numero":"1354","libelle":"AV 1354","code_insee":"49353","commune":"Trélazé","contenance":13},"geometry":{"type":"MultiPolygon","coordinates":[[[[438783.81,6711092.55],[438783.63,6711093.58],[438788.55,6711094.32],[438788.78,6711093.0],[438788.8,6711091.64],[438783.82,6711091.37],[438783.81,6711092.55]]]]}},{"type":"Feature","properties":{"idu":"49353000AV1355","section":"AV","numero":"1355","libelle":"AV 1355","code_insee":"49353","commune":"Trélazé","contenance":12},"geometry":{"type":"MultiPolygon","coordinates":[[[[438783.63,6711093.58],[438783.26,6711095.75],[438788.09,6711096.98],[438788.55,6711094.32],[438783.63,6711093.58]]]]}},{"type":"Feature","properties":{"idu":"49353000AV1356","section":"AV","numero":"1356","libelle":"AV 1356","code_insee":"49353","commune":"Trélazé","contenance":12},"geometry":{"type":"MultiPolygon","coordinates":[[[[438783.26,6711095.75],[438782.55,6711097.86],[438787.23,6711099.53],[438788.09,6711096.98],[438783.26,6711095.75]]]]}},{"type":"Feature","properties":{"idu":"49353000AV1357","section":"AV","numero":"1357","libelle":"AV 1357","code_insee":"49353","commune":"Trélazé","contenance":12},"geometry":{"type":"MultiPolygon","coordinates":[[[[438782.55,6711097.86],[438782.2,6711098.9],[438781.68,6711099.9],[438786.17,6711102.02],[438786.78,6711100.86],[438787.23,6711099.53],[438782.55,6711097.86]]]]}},{"type":"Feature","properties":{"idu":"49353000AV1358","section":"AV","numero":"1358","libelle":"AV 1358","code_insee":"49353","commune":"Trélazé","contenance":12},"geometry":{"type":"MultiPolygon","coordinates":[[[[438781.68,6711099.9],[438780.67,6711101.81],[438784.89,6711104.47],[438786.17,6711102.02],[438781.68,6711099.9]]]]}},{"type":"Feature","properties":{"idu":"49353000AV1359","section":"AV","numero":"1359","libelle":"AV 1359","code_insee":"49353","commune":"Trélazé","contenance":12},"geometry":{"type":"MultiPolygon","coordinates":[[[[438788.9,6711105.12],[438789.06,6711107.49],[438794.04,6711107.15],[438793.88,6711104.79],[438788.9,6711105.12]]]]}},{"type":"Feature","properties":{"idu":"49353000AV1360","section":"AV","numero":"1360","libelle":"AV 1360","code_insee":"49353","commune":"Trélazé","contenance":12},"geometry":{"type":"MultiPolygon","coordinates":[[[[438789.22,6711109.9],[438794.2,6711109.56],[438794.04,6711107.15],[438789.06,6711107.49],[438789.22,6711109.9]]]]}},{"type":"Feature","properties":{"idu":"49353000AV1361","section":"AV","numero":"1361","libelle":"AV 1361","code_insee":"49353","commune":"Trélazé","contenance":11},"geometry":{"type":"MultiPolygon","coordinates":[[[[438736.46,6711118.4],[438738.9,6711118.24],[438738.56,6711113.27],[438736.12,6711113.42],[438736.46,6711118.4]]]]}},{"type":"Feature","properties":{"idu":"49353000AV1362","section":"AV","numero":"1362","libelle":"AV 1362","code_insee":"49353","commune":"Trélazé","contenance":11},"geometry":{"type":"MultiPolygon","coordinates":[[[[438736.12,6711113.42],[438733.67,6711113.58],[438734.01,6711118.57],[438736.46,6711118.4],[438736.12,6711113.42]]]]}},{"type":"Feature","properties":{"idu":"49353000AV1363","section":"AV","numero":"1363","libelle":"AV 1363","code_insee":"49353","commune":"Trélazé","contenance":9},"geometry":{"type":"MultiPolygon","coordinates":[[[[438733.67,6711113.58],[438730.58,6711113.79],[438732.94,6711118.64],[438734.01,6711118.57],[438733.67,6711113.58]]]]}},{"type":"Feature","properties":{"idu":"49353000AV1364","section":"AV","numero":"1364","libelle":"AV 1364","code_insee":"49353","commune":"Trélazé","contenance":5},"geometry":{"type":"MultiPolygon","coordinates":[[[[438255.98,6710783.68],[438255.16,6710784.61],[438260.23,6710784.31],[438260.13,6710783.29],[438255.98,6710783.68]]]]}},{"type":"Feature","properties":{"idu":"49353000AV1365","section":"AV","numero":"1365","libelle":"AV 1365","code_insee":"49353","commune":"Trélazé","contenance":60},"geometry":{"type":"MultiPolygon","coordinates":[[[[438254.11,6710785.8],[438255.49,6710794.87],[438261.21,6710794.38],[438260.44,6710786.57],[438260.23,6710784.31],[438255.16,6710784.61],[438254.11,6710785.8]]]]}},{"type":"Feature","properties":{"idu":"49353000AV1366","section":"AV","numero":"1366","libelle":"AV 1366","code_insee":"49353","commune":"Trélazé","contenance":787},"geometry":{"type":"MultiPolygon","coordinates":[[[[438718.39,6710836.61],[438721.98,6710836.56],[438722.34,6710836.54],[438722.36,6710836.86],[438723.07,6710836.84],[438724.61,6710836.75],[438725.3,6710836.66],[438725.28,6710836.33],[438726.5,6710836.25],[438726.9,6710836.2],[438729.72,6710835.98],[438724.99,6710767.57],[438723.61,6710767.53],[438721.41,6710767.48],[438717.89,6710767.44],[438713.6,6710767.42],[438713.78,6710773.69],[438713.95,6710777.06],[438714.41,6710783.37],[438714.64,6710786.61],[438715.35,6710797.23],[438715.46,6710798.92],[438715.92,6710805.78],[438718.0,6710832.15],[438718.39,6710836.61]]]]}},{"type":"Feature","properties":{"idu":"49353000AV1367","section":"AV","numero":"1367","libelle":"AV 1367","code_insee":"49353","commune":"Trélazé","contenance":763},"geometry":{"type":"MultiPolygon","coordinates":[[[[438703.27,6710837.65],[438714.63,6710836.87],[438714.38,6710832.37],[438718.0,6710832.15],[438715.92,6710805.78],[438715.46,6710798.92],[438715.35,6710797.23],[438714.64,6710786.61],[438712.3,6710786.81],[438712.26,6710786.16],[438708.17,6710786.48],[438705.52,6710782.35],[438699.63,6710783.13],[438700.13,6710790.7],[438700.91,6710801.83],[438701.99,6710818.92],[438703.27,6710837.65]]]]}},{"type":"Feature","properties":{"idu":"49353000AV1370","section":"AV","numero":"1370","libelle":"AV 1370","code_insee":"49353","commune":"Trélazé","contenance":17},"geometry":{"type":"MultiPolygon","coordinates":[[[[438718.39,6710836.61],[438718.0,6710832.15],[438714.38,6710832.37],[438714.63,6710836.87],[438718.39,6710836.61]]]]}},{"type":"Feature","properties":{"idu":"49353000AV1373","section":"AV","numero":"1373","libelle":"AV 1373","code_insee":"49353","commune":"Trélazé","contenance":4905},"geometry":{"type":"MultiPolygon","coordinates":[[[[438631.03,6710849.49],[438632.51,6710869.72],[438636.52,6710924.25],[438642.35,6710923.88],[438656.82,6710922.81],[438684.3,6710920.8],[438688.92,6710920.48],[438701.79,6710919.57],[438699.67,6710893.0],[438697.95,6710871.31],[438697.45,6710864.96],[438696.47,6710852.74],[438695.84,6710844.87],[438703.78,6710844.5],[438703.72,6710843.67],[438673.35,6710846.1],[438631.03,6710849.49]]]]}},{"type":"Feature","properties":{"idu":"49353000AV1374","section":"AV","numero":"1374","libelle":"AV 1374","code_insee":"49353","commune":"Trélazé","contenance":171},"geometry":{"type":"MultiPolygon","coordinates":[[[[438697.45,6710864.96],[438697.95,6710871.31],[438699.67,6710893.0],[438701.79,6710919.57],[438704.7,6710919.36],[438704.34,6710914.39],[438704.01,6710909.7],[438700.79,6710864.71],[438697.45,6710864.96]]]]}},{"type":"Feature","properties":{"idu":"49353000AV1375","section":"AV","numero":"1375","libelle":"AV 1375","code_insee":"49353","commune":"Trélazé","contenance":299},"geometry":{"type":"MultiPolygon","coordinates":[[[[438697.45,6710864.96],[438700.79,6710864.71],[438704.01,6710909.7],[438709.28,6710909.28],[438704.93,6710858.11],[438696.47,6710852.74],[438697.45,6710864.96]]]]}},{"type":"Feature","properties":{"idu":"49353000AV1376","section":"AV","numero":"1376","libelle":"AV 1376","code_insee":"49353","commune":"Trélazé","contenance":4701},"geometry":{"type":"MultiPolygon","coordinates":[[[[438704.34,6710914.39],[438704.7,6710919.36],[438701.79,6710919.57],[438688.92,6710920.48],[438690.0,6710935.03],[438683.3,6710942.67],[438683.04,6710942.46],[438679.85,6710942.68],[438679.92,6710943.66],[438677.36,6710943.88],[438677.45,6710945.11],[438677.65,6710948.7],[438648.69,6710950.81],[438645.82,6710950.6],[438643.08,6710949.8],[438644.05,6710947.68],[438643.88,6710945.26],[438643.36,6710937.81],[438642.35,6710923.88],[438636.52,6710924.25],[438627.49,6710924.82],[438629.54,6710951.73],[438631.28,6710979.33],[438637.01,6710978.77],[438636.59,6710972.7],[438636.08,6710965.26],[438635.65,6710959.1],[438655.28,6710957.74],[438659.52,6710957.47],[438660.1,6710966.45],[438663.64,6710967.52],[438667.79,6710970.12],[438671.81,6710974.17],[438673.54,6710977.2],[438674.83,6710976.61],[438675.93,6710979.86],[438677.59,6710979.78],[438677.81,6710981.96],[438678.01,6710985.67],[438676.59,6710985.74],[438677.38,6710995.85],[438678.75,6710995.76],[438679.14,6711001.75],[438677.77,6711001.8],[438678.33,6711010.44],[438679.78,6711010.36],[438680.17,6711016.34],[438678.72,6711016.44],[438679.19,6711021.82],[438677.68,6711021.91],[438677.96,6711025.53],[438664.45,6711026.53],[438664.57,6711028.35],[438676.16,6711027.24],[438676.46,6711029.37],[438682.71,6711028.6],[438686.93,6711028.18],[438685.86,6711014.11],[438684.9,6711000.02],[438684.49,6710995.01],[438688.13,6710995.54],[438689.0,6710995.83],[438692.15,6710997.52],[438698.25,6711002.6],[438699.86,6711005.42],[438701.11,6711004.79],[438702.01,6711008.11],[438703.54,6711007.76],[438704.06,6711010.78],[438704.28,6711014.02],[438702.95,6711014.11],[438703.67,6711024.23],[438705.03,6711024.12],[438705.44,6711030.13],[438704.08,6711030.22],[438704.61,6711037.42],[438705.97,6711037.33],[438706.4,6711043.3],[438705.03,6711043.39],[438705.42,6711048.74],[438705.49,6711049.62],[438711.59,6711049.0],[438711.97,6711052.62],[438712.38,6711057.27],[438712.88,6711057.27],[438713.26,6711061.1],[438719.17,6711060.5],[438723.44,6711111.67],[438723.78,6711111.64],[438728.33,6711109.65],[438728.23,6711108.65],[438726.78,6711093.43],[438724.1,6711064.34],[438723.73,6711060.17],[438724.22,6711060.12],[438717.74,6710976.08],[438714.58,6710976.37],[438710.3,6710921.72],[438709.67,6710913.96],[438704.34,6710914.39]],[[438702.79,6710938.06],[438704.2,6710937.96],[438707.64,6710984.27],[438706.12,6710984.39],[438698.01,6710985.03],[438690.63,6710985.57],[438689.7,6710985.63],[438688.39,6710985.63],[438687.54,6710986.92],[438685.63,6710985.01],[438685.01,6710983.1],[438684.43,6710981.34],[438682.89,6710960.33],[438682.36,6710952.58],[438685.95,6710952.33],[438687.15,6710952.24],[438687.01,6710949.69],[438687.96,6710949.63],[438687.79,6710946.42],[438687.61,6710946.27],[438690.07,6710943.4],[438694.1,6710938.64],[438702.79,6710938.06]]]]}},{"type":"Feature","properties":{"idu":"49353000AV1377","section":"AV","numero":"1377","libelle":"AV 1377","code_insee":"49353","commune":"Trélazé","contenance":25},"geometry":{"type":"MultiPolygon","coordinates":[[[[438704.01,6710909.7],[438704.34,6710914.39],[438709.67,6710913.96],[438709.34,6710909.98],[438709.28,6710909.28],[438704.01,6710909.7]]]]}},{"type":"Feature","properties":{"idu":"49353000AV1378","section":"AV","numero":"1378","libelle":"AV 1378","code_insee":"49353","commune":"Trélazé","contenance":1750},"geometry":{"type":"MultiPolygon","coordinates":[[[[438726.9,6710836.2],[438726.5,6710836.25],[438725.28,6710836.33],[438725.3,6710836.66],[438724.61,6710836.75],[438723.07,6710836.84],[438722.36,6710836.86],[438722.34,6710836.54],[438721.98,6710836.56],[438718.39,6710836.61],[438714.63,6710836.87],[438703.27,6710837.65],[438703.72,6710843.67],[438703.78,6710844.5],[438695.84,6710844.87],[438696.47,6710852.74],[438704.93,6710858.11],[438709.28,6710909.28],[438731.31,6710907.52],[438728.23,6710857.25],[438726.9,6710836.2]]]]}},{"type":"Feature","properties":{"idu":"49353000AV1379","section":"AV","numero":"1379","libelle":"AV 1379","code_insee":"49353","commune":"Trélazé","contenance":319},"geometry":{"type":"MultiPolygon","coordinates":[[[[438709.28,6710909.28],[438709.34,6710909.98],[438709.67,6710913.96],[438714.44,6710913.58],[438714.69,6710913.55],[438718.18,6710912.92],[438723.27,6710912.05],[438727.34,6710911.29],[438731.66,6710910.57],[438734.43,6710909.87],[438734.79,6710909.66],[438735.11,6710909.39],[438735.37,6710909.07],[438735.58,6710908.72],[438735.73,6710908.33],[438735.88,6710907.44],[438733.48,6710873.54],[438732.39,6710856.92],[438728.23,6710857.25],[438731.31,6710907.52],[438709.28,6710909.28]]]]}},{"type":"Feature","properties":{"idu":"49353000AV1380","section":"AV","numero":"1380","libelle":"AV 1380","code_insee":"49353","commune":"Trélazé","contenance":1211},"geometry":{"type":"MultiPolygon","coordinates":[[[[438729.72,6710835.98],[438726.9,6710836.2],[438728.23,6710857.25],[438732.39,6710856.92],[438733.48,6710873.54],[438735.88,6710907.44],[438735.73,6710908.33],[438735.58,6710908.72],[438735.37,6710909.07],[438735.11,6710909.39],[438734.79,6710909.66],[438734.43,6710909.87],[438731.66,6710910.57],[438727.34,6710911.29],[438723.27,6710912.05],[438718.18,6710912.92],[438714.69,6710913.55],[438714.44,6710913.58],[438709.67,6710913.96],[438710.3,6710921.72],[438727.89,6710920.4],[438733.93,6710919.94],[438747.53,6710918.83],[438740.82,6710835.21],[438729.72,6710835.98]]]]}},{"type":"Feature","properties":{"idu":"49353000AV1381","section":"AV","numero":"1381","libelle":"AV 1381","code_insee":"49353","commune":"Trélazé","contenance":644},"geometry":{"type":"MultiPolygon","coordinates":[[[[438586.58,6710768.0],[438583.26,6710768.03],[438583.83,6710771.18],[438581.78,6710775.08],[438579.15,6710779.95],[438579.94,6710787.12],[438580.67,6710793.69],[438580.78,6710795.8],[438581.66,6710803.72],[438582.55,6710811.72],[438581.33,6710811.92],[438582.13,6710818.16],[438590.26,6710817.18],[438605.85,6710815.3],[438603.13,6710789.44],[438582.37,6710791.72],[438581.05,6710780.54],[438584.63,6710771.15],[438586.94,6710769.14],[438586.58,6710768.0]]]]}},{"type":"Feature","properties":{"idu":"49353000AV1382","section":"AV","numero":"1382","libelle":"AV 1382","code_insee":"49353","commune":"Trélazé","contenance":427},"geometry":{"type":"MultiPolygon","coordinates":[[[[438586.73,6710768.0],[438586.58,6710768.0],[438586.94,6710769.14],[438584.63,6710771.15],[438581.05,6710780.54],[438582.37,6710791.72],[438603.13,6710789.44],[438600.87,6710768.02],[438596.1,6710768.04],[438591.74,6710767.94],[438586.73,6710768.0]]]]}},{"type":"Feature","properties":{"idu":"49353000AV1383","section":"AV","numero":"1383","libelle":"AV 1383","code_insee":"49353","commune":"Trélazé","contenance":80},"geometry":{"type":"MultiPolygon","coordinates":[[[[438625.93,6710779.95],[438651.96,6710780.41],[438668.7,6710780.7],[438668.57,6710778.92],[438625.79,6710778.08],[438625.93,6710779.95]]]]}},{"type":"Feature","properties":{"idu":"49353000AV1384","section":"AV","numero":"1384","libelle":"AV 1384","code_insee":"49353","commune":"Trélazé","contenance":33},"geometry":{"type":"MultiPolygon","coordinates":[[[[438686.53,6710781.02],[438686.46,6710779.27],[438668.57,6710778.92],[438668.7,6710780.7],[438686.53,6710781.02]]]]}},{"type":"Feature","properties":{"idu":"49353000AV1385","section":"AV","numero":"1385","libelle":"AV 1385","code_insee":"49353","commune":"Trélazé","contenance":2055},"geometry":{"type":"MultiPolygon","coordinates":[[[[438686.46,6710779.27],[438686.53,6710781.02],[438668.7,6710780.7],[438673.35,6710846.1],[438703.72,6710843.67],[438703.27,6710837.65],[438701.99,6710818.92],[438700.91,6710801.83],[438700.13,6710790.7],[438699.63,6710783.13],[438699.3,6710777.73],[438698.71,6710768.1],[438695.61,6710768.28],[438692.15,6710773.9],[438692.49,6710778.59],[438686.46,6710779.27]]]]}},{"type":"Feature","properties":{"idu":"49353000AV1386","section":"AV","numero":"1386","libelle":"AV 1386","code_insee":"49353","commune":"Trélazé","contenance":2900},"geometry":{"type":"MultiPolygon","coordinates":[[[[438668.7,6710780.7],[438651.96,6710780.41],[438625.93,6710779.95],[438631.03,6710849.49],[438673.35,6710846.1],[438668.7,6710780.7]]]]}},{"type":"Feature","properties":{"idu":"49353000AV1387","section":"AV","numero":"1387","libelle":"AV 1387","code_insee":"49353","commune":"Trélazé","contenance":47},"geometry":{"type":"MultiPolygon","coordinates":[[[[438695.61,6710768.28],[438692.65,6710768.45],[438686.33,6710776.11],[438686.46,6710779.27],[438692.49,6710778.59],[438692.15,6710773.9],[438695.61,6710768.28]]]]}},{"type":"Feature","properties":{"idu":"49353000AV1406","section":"AV","numero":"1406","libelle":"AV 1406","code_insee":"49353","commune":"Trélazé","contenance":129},"geometry":{"type":"MultiPolygon","coordinates":[[[[438954.06,6711062.55],[438957.66,6711063.06],[438957.83,6711063.78],[438959.18,6711063.76],[438963.36,6711067.3],[438967.8,6711062.65],[438968.76,6711059.53],[438971.49,6711055.32],[438969.92,6711054.31],[438963.97,6711052.41],[438954.06,6711062.55]]]]}},{"type":"Feature","properties":{"idu":"49353000AV1407","section":"AV","numero":"1407","libelle":"AV 1407","code_insee":"49353","commune":"Trélazé","contenance":46},"geometry":{"type":"MultiPolygon","coordinates":[[[[438963.97,6711052.41],[438957.67,6711050.4],[438953.39,6711062.45],[438954.06,6711062.55],[438963.97,6711052.41]]]]}},{"type":"Feature","properties":{"idu":"49353000AV1408","section":"AV","numero":"1408","libelle":"AV 1408","code_insee":"49353","commune":"Trélazé","contenance":292},"geometry":{"type":"MultiPolygon","coordinates":[[[[438927.1,6711047.62],[438925.41,6711058.07],[438934.74,6711059.51],[438941.25,6711060.51],[438946.87,6711047.6],[438947.2,6711045.53],[438942.26,6711044.68],[438938.47,6711044.04],[438927.98,6711042.09],[438927.1,6711047.62]]]]}},{"type":"Feature","properties":{"idu":"49353000AV1409","section":"AV","numero":"1409","libelle":"AV 1409","code_insee":"49353","commune":"Trélazé","contenance":36},"geometry":{"type":"MultiPolygon","coordinates":[[[[438941.25,6711060.51],[438945.35,6711061.14],[438947.17,6711050.17],[438947.91,6711045.65],[438947.2,6711045.53],[438946.87,6711047.6],[438941.25,6711060.51]]]]}},{"type":"Feature","properties":{"idu":"49353000AV1410","section":"AV","numero":"1410","libelle":"AV 1410","code_insee":"49353","commune":"Trélazé","contenance":37},"geometry":{"type":"MultiPolygon","coordinates":[[[[438963.97,6711052.41],[438969.92,6711054.31],[438971.49,6711055.32],[438973.94,6711051.38],[438967.27,6711048.76],[438965.55,6711048.05],[438964.44,6711051.93],[438963.97,6711052.41]]]]}},{"type":"Feature","properties":{"idu":"49353000AV1411","section":"AV","numero":"1411","libelle":"AV 1411","code_insee":"49353","commune":"Trélazé","contenance":222},"geometry":{"type":"MultiPolygon","coordinates":[[[[438947.91,6711045.65],[438947.17,6711050.17],[438945.35,6711061.14],[438953.39,6711062.45],[438957.67,6711050.4],[438963.97,6711052.41],[438964.44,6711051.93],[438965.55,6711048.05],[438960.55,6711046.0],[438952.4,6711042.77],[438948.67,6711041.36],[438947.91,6711045.65]]]]}},{"type":"Feature","properties":{"idu":"49353000AV1412","section":"AV","numero":"1412","libelle":"AV 1412","code_insee":"49353","commune":"Trélazé","contenance":554},"geometry":{"type":"MultiPolygon","coordinates":[[[[438577.45,6710933.49],[438566.79,6710937.15],[438569.97,6710939.06],[438573.12,6710967.15],[438558.6,6710968.84],[438558.71,6710976.94],[438564.84,6710976.22],[438572.03,6710975.4],[438578.81,6710974.64],[438579.44,6710975.46],[438581.39,6710993.02],[438586.19,6710990.97],[438587.1,6710990.56],[438586.36,6710983.87],[438585.83,6710979.18],[438585.23,6710973.91],[438583.88,6710972.14],[438581.47,6710968.96],[438581.04,6710965.19],[438580.22,6710958.01],[438579.42,6710950.82],[438578.6,6710943.64],[438577.79,6710936.45],[438577.45,6710933.49]]]]}},{"type":"Feature","properties":{"idu":"49353000AV1413","section":"AV","numero":"1413","libelle":"AV 1413","code_insee":"49353","commune":"Trélazé","contenance":127},"geometry":{"type":"MultiPolygon","coordinates":[[[[438566.79,6710937.15],[438564.17,6710938.05],[438572.17,6710961.89],[438557.77,6710966.73],[438558.59,6710968.44],[438558.6,6710968.84],[438573.12,6710967.15],[438569.97,6710939.06],[438566.79,6710937.15]]]]}},{"type":"Feature","properties":{"idu":"49353000AV1414","section":"AV","numero":"1414","libelle":"AV 1414","code_insee":"49353","commune":"Trélazé","contenance":177},"geometry":{"type":"MultiPolygon","coordinates":[[[[438558.71,6710976.94],[438559.05,6711002.72],[438567.42,6710999.06],[438564.84,6710976.22],[438558.71,6710976.94]]]]}},{"type":"Feature","properties":{"idu":"49353000AV1415","section":"AV","numero":"1415","libelle":"AV 1415","code_insee":"49353","commune":"Trélazé","contenance":156},"geometry":{"type":"MultiPolygon","coordinates":[[[[438567.42,6710999.06],[438572.2,6710996.97],[438574.32,6710996.06],[438572.03,6710975.4],[438564.84,6710976.22],[438567.42,6710999.06]]]]}},{"type":"Feature","properties":{"idu":"49353000AV1416","section":"AV","numero":"1416","libelle":"AV 1416","code_insee":"49353","commune":"Trélazé","contenance":142},"geometry":{"type":"MultiPolygon","coordinates":[[[[438574.32,6710996.06],[438577.94,6710994.5],[438581.39,6710993.02],[438579.44,6710975.46],[438578.81,6710974.64],[438572.03,6710975.4],[438574.32,6710996.06]]]]}},{"type":"Feature","properties":{"idu":"49353000AV1417","section":"AV","numero":"1417","libelle":"AV 1417","code_insee":"49353","commune":"Trélazé","contenance":176},"geometry":{"type":"MultiPolygon","coordinates":[[[[438587.1,6710990.56],[438587.46,6710990.39],[438608.26,6710980.96],[438607.79,6710976.7],[438585.83,6710979.18],[438586.36,6710983.87],[438587.1,6710990.56]]]]}},{"type":"Feature","properties":{"idu":"49353000AV1418","section":"AV","numero":"1418","libelle":"AV 1418","code_insee":"49353","commune":"Trélazé","contenance":158},"geometry":{"type":"MultiPolygon","coordinates":[[[[438607.79,6710976.7],[438607.0,6710969.53],[438600.27,6710970.29],[438600.26,6710970.17],[438596.89,6710970.54],[438596.9,6710970.66],[438589.04,6710971.56],[438589.05,6710971.68],[438585.86,6710972.04],[438585.84,6710971.92],[438583.88,6710972.14],[438585.23,6710973.91],[438585.83,6710979.18],[438607.79,6710976.7]]]]}},{"type":"Feature","properties":{"idu":"49353000AV1419","section":"AV","numero":"1419","libelle":"AV 1419","code_insee":"49353","commune":"Trélazé","contenance":176},"geometry":{"type":"MultiPolygon","coordinates":[[[[438607.0,6710969.53],[438606.21,6710962.34],[438581.04,6710965.19],[438581.47,6710968.96],[438583.88,6710972.14],[438585.84,6710971.92],[438585.86,6710972.04],[438589.05,6710971.68],[438589.04,6710971.56],[438596.9,6710970.66],[438596.89,6710970.54],[438600.26,6710970.17],[438600.27,6710970.29],[438607.0,6710969.53]]]]}},{"type":"Feature","properties":{"idu":"49353000AV1420","section":"AV","numero":"1420","libelle":"AV 1420","code_insee":"49353","commune":"Trélazé","contenance":181},"geometry":{"type":"MultiPolygon","coordinates":[[[[438606.21,6710962.34],[438605.41,6710955.16],[438596.08,6710956.22],[438596.1,6710956.34],[438595.29,6710956.42],[438595.28,6710956.31],[438585.03,6710957.46],[438585.01,6710957.34],[438584.21,6710957.44],[438584.22,6710957.56],[438580.22,6710958.01],[438581.04,6710965.19],[438606.21,6710962.34]]]]}},{"type":"Feature","properties":{"idu":"49353000AV1421","section":"AV","numero":"1421","libelle":"AV 1421","code_insee":"49353","commune":"Trélazé","contenance":181},"geometry":{"type":"MultiPolygon","coordinates":[[[[438605.41,6710955.16],[438604.62,6710947.97],[438579.42,6710950.82],[438580.22,6710958.01],[438584.22,6710957.56],[438584.21,6710957.44],[438585.01,6710957.34],[438585.03,6710957.46],[438595.28,6710956.31],[438595.29,6710956.42],[438596.1,6710956.34],[438596.08,6710956.22],[438605.41,6710955.16]]]]}},{"type":"Feature","properties":{"idu":"49353000AV1422","section":"AV","numero":"1422","libelle":"AV 1422","code_insee":"49353","commune":"Trélazé","contenance":180},"geometry":{"type":"MultiPolygon","coordinates":[[[[438604.62,6710947.97],[438603.83,6710940.78],[438578.6,6710943.64],[438579.42,6710950.82],[438604.62,6710947.97]]]]}},{"type":"Feature","properties":{"idu":"49353000AV1423","section":"AV","numero":"1423","libelle":"AV 1423","code_insee":"49353","commune":"Trélazé","contenance":179},"geometry":{"type":"MultiPolygon","coordinates":[[[[438603.83,6710940.78],[438603.03,6710933.6],[438593.65,6710934.65],[438593.63,6710934.53],[438592.83,6710934.63],[438592.84,6710934.75],[438583.61,6710935.79],[438583.63,6710935.91],[438582.82,6710936.01],[438582.81,6710935.89],[438577.79,6710936.45],[438578.6,6710943.64],[438603.83,6710940.78]]]]}},{"type":"Feature","properties":{"idu":"49353000AV1424","section":"AV","numero":"1424","libelle":"AV 1424","code_insee":"49353","commune":"Trélazé","contenance":138},"geometry":{"type":"MultiPolygon","coordinates":[[[[438603.03,6710933.6],[438602.24,6710926.41],[438596.0,6710927.12],[438577.45,6710933.49],[438577.79,6710936.45],[438582.81,6710935.89],[438582.82,6710936.01],[438583.63,6710935.91],[438583.61,6710935.79],[438592.84,6710934.75],[438592.83,6710934.63],[438593.63,6710934.53],[438593.65,6710934.65],[438603.03,6710933.6]]]]}},{"type":"Feature","properties":{"idu":"49353000AV1425","section":"AV","numero":"1425","libelle":"AV 1425","code_insee":"49353","commune":"Trélazé","contenance":4},"geometry":{"type":"MultiPolygon","coordinates":[[[[438602.24,6710926.41],[438602.09,6710925.02],[438596.0,6710927.12],[438602.24,6710926.41]]]]}},{"type":"Feature","properties":{"idu":"49353000AV1426","section":"AV","numero":"1426","libelle":"AV 1426","code_insee":"49353","commune":"Trélazé","contenance":41},"geometry":{"type":"MultiPolygon","coordinates":[[[[438577.45,6710933.49],[438596.0,6710927.12],[438576.97,6710929.26],[438577.45,6710933.49]]]]}},{"type":"Feature","properties":{"idu":"49353000AV1427","section":"AV","numero":"1427","libelle":"AV 1427","code_insee":"49353","commune":"Trélazé","contenance":162},"geometry":{"type":"MultiPolygon","coordinates":[[[[438597.47,6710921.33],[438597.09,6710921.33],[438591.85,6710921.26],[438589.61,6710921.23],[438580.22,6710921.18],[438576.04,6710921.14],[438576.97,6710929.26],[438596.0,6710927.12],[438602.09,6710925.02],[438601.59,6710920.54],[438597.47,6710921.33]]]]}},{"type":"Feature","properties":{"idu":"49353000AV1428","section":"AV","numero":"1428","libelle":"AV 1428","code_insee":"49353","commune":"Trélazé","contenance":5},"geometry":{"type":"MultiPolygon","coordinates":[[[[438571.85,6710921.12],[438570.58,6710921.14],[438568.57,6710924.53],[438569.91,6710925.08],[438570.18,6710924.39],[438570.43,6710924.49],[438571.85,6710921.12]]]]}},{"type":"Feature","properties":{"idu":"49353000AV1429","section":"AV","numero":"1429","libelle":"AV 1429","code_insee":"49353","commune":"Trélazé","contenance":129},"geometry":{"type":"MultiPolygon","coordinates":[[[[438576.04,6710921.14],[438573.61,6710921.1],[438571.85,6710921.12],[438570.43,6710924.49],[438570.18,6710924.39],[438569.91,6710925.08],[438568.57,6710924.53],[438565.77,6710929.25],[438566.79,6710937.15],[438577.45,6710933.49],[438576.97,6710929.26],[438576.04,6710921.14]]]]}},{"type":"Feature","properties":{"idu":"49353000AV1430","section":"AV","numero":"1430","libelle":"AV 1430","code_insee":"49353","commune":"Trélazé","contenance":30},"geometry":{"type":"MultiPolygon","coordinates":[[[[438565.77,6710929.25],[438560.86,6710937.5],[438559.62,6710939.59],[438564.17,6710938.05],[438566.79,6710937.15],[438565.77,6710929.25]]]]}},{"type":"Feature","properties":{"idu":"49353000AV1431","section":"AV","numero":"1431","libelle":"AV 1431","code_insee":"49353","commune":"Trélazé","contenance":410},"geometry":{"type":"MultiPolygon","coordinates":[[[[438554.09,6710959.17],[438557.77,6710966.73],[438572.17,6710961.89],[438564.17,6710938.05],[438559.62,6710939.59],[438553.08,6710941.8],[438548.78,6710948.07],[438554.09,6710959.17]]]]}},{"type":"Feature","properties":{"idu":"49353000AV1432","section":"AV","numero":"1432","libelle":"AV 1432","code_insee":"49353","commune":"Trélazé","contenance":205},"geometry":{"type":"MultiPolygon","coordinates":[[[[438529.64,6710930.82],[438525.59,6710934.77],[438532.16,6710938.41],[438532.78,6710938.78],[438541.05,6710943.66],[438542.31,6710944.38],[438548.78,6710948.07],[438553.08,6710941.8],[438529.26,6710927.75],[438529.64,6710930.82]]]]}},{"type":"Feature","properties":{"idu":"49353000AV1433","section":"AV","numero":"1433","libelle":"AV 1433","code_insee":"49353","commune":"Trélazé","contenance":2400},"geometry":{"type":"MultiPolygon","coordinates":[[[[438382.68,6710926.71],[438412.8,6710926.29],[438412.17,6710858.56],[438412.16,6710857.43],[438411.99,6710855.56],[438411.09,6710845.78],[438381.6,6710846.21],[438382.68,6710926.71]]]]}},{"type":"Feature","properties":{"idu":"49353000AV1435","section":"AV","numero":"1435","libelle":"AV 1435","code_insee":"49353","commune":"Trélazé","contenance":374},"geometry":{"type":"MultiPolygon","coordinates":[[[[438874.72,6711060.93],[438874.93,6711063.35],[438875.37,6711068.25],[438875.83,6711074.62],[438876.18,6711079.67],[438880.23,6711079.26],[438880.47,6711082.51],[438876.41,6711082.84],[438876.67,6711085.84],[438877.02,6711089.98],[438887.98,6711088.83],[438886.66,6711070.53],[438892.36,6711071.36],[438893.73,6711062.67],[438890.63,6711062.16],[438886.17,6711061.44],[438884.09,6711061.1],[438881.76,6711060.46],[438874.5,6711058.49],[438874.72,6711060.93]]]]}},{"type":"Feature","properties":{"idu":"49353000AV1436","section":"AV","numero":"1436","libelle":"AV 1436","code_insee":"49353","commune":"Trélazé","contenance":6},"geometry":{"type":"MultiPolygon","coordinates":[[[[438892.36,6711071.36],[438893.5,6711071.53],[438893.94,6711062.7],[438893.73,6711062.67],[438892.36,6711071.36]]]]}},{"type":"Feature","properties":{"idu":"49353000AV1437","section":"AV","numero":"1437","libelle":"AV 1437","code_insee":"49353","commune":"Trélazé","contenance":784},"geometry":{"type":"MultiPolygon","coordinates":[[[[438297.3,6710986.5],[438279.42,6710989.03],[438281.08,6711004.4],[438279.44,6711015.35],[438276.92,6711023.04],[438277.06,6711030.22],[438301.93,6711009.63],[438305.59,6711006.66],[438302.23,6710985.84],[438303.82,6710983.49],[438301.21,6710980.45],[438300.69,6710977.67],[438297.3,6710986.5]]]]}},{"type":"Feature","properties":{"idu":"49353000AV1439","section":"AV","numero":"1439","libelle":"AV 1439","code_insee":"49353","commune":"Trélazé","contenance":1053},"geometry":{"type":"MultiPolygon","coordinates":[[[[438893.94,6711062.7],[438893.5,6711071.53],[438892.36,6711071.36],[438886.66,6711070.53],[438887.98,6711088.83],[438892.53,6711088.24],[438892.1,6711096.15],[438891.53,6711105.9],[438891.06,6711114.6],[438890.74,6711119.96],[438890.61,6711122.43],[438904.8,6711123.78],[438904.97,6711123.8],[438905.05,6711123.01],[438906.14,6711113.82],[438906.66,6711109.46],[438908.3,6711095.48],[438909.14,6711088.41],[438909.73,6711083.49],[438909.87,6711082.32],[438909.94,6711081.66],[438910.63,6711075.69],[438911.24,6711070.45],[438911.8,6711065.6],[438908.61,6711065.09],[438905.04,6711064.51],[438904.12,6711064.36],[438898.52,6711063.43],[438893.94,6711062.7]]]]}},{"type":"Feature","properties":{"idu":"49353000AV1440","section":"AV","numero":"1440","libelle":"AV 1440","code_insee":"49353","commune":"Trélazé","contenance":8908},"geometry":{"type":"MultiPolygon","coordinates":[[[[438835.6,6710762.54],[438830.1,6710762.98],[438825.5,6710763.29],[438820.5,6710763.63],[438815.64,6710763.96],[438810.98,6710764.27],[438806.23,6710764.58],[438800.99,6710764.93],[438796.58,6710765.23],[438792.32,6710765.56],[438787.53,6710765.88],[438788.06,6710775.85],[438788.18,6710778.18],[438788.23,6710779.25],[438788.39,6710782.88],[438788.65,6710788.41],[438788.81,6710791.91],[438788.9,6710793.71],[438789.74,6710809.75],[438789.93,6710813.27],[438790.28,6710818.57],[438790.58,6710823.37],[438791.51,6710838.68],[438778.48,6710839.42],[438763.54,6710840.34],[438763.11,6710833.54],[438762.78,6710833.59],[438752.43,6710834.3],[438740.82,6710835.21],[438747.53,6710918.83],[438768.22,6710917.23],[438783.16,6710916.04],[438782.52,6710907.83],[438782.11,6710902.39],[438781.97,6710899.92],[438781.76,6710896.69],[438781.11,6710884.68],[438780.87,6710880.09],[438780.72,6710877.17],[438780.38,6710870.68],[438780.34,6710870.07],[438780.39,6710869.42],[438782.43,6710869.27],[438785.65,6710869.04],[438785.99,6710869.52],[438790.1,6710869.21],[438789.76,6710864.14],[438800.98,6710863.26],[438801.31,6710868.36],[438810.19,6710867.69],[438830.33,6710866.41],[438849.97,6710865.12],[438849.65,6710860.44],[438843.99,6710860.77],[438843.93,6710859.62],[438843.77,6710857.14],[438843.42,6710851.71],[438843.32,6710850.15],[438840.5,6710850.35],[438836.86,6710850.61],[438836.64,6710848.04],[438838.91,6710847.86],[438838.78,6710846.28],[438842.97,6710845.94],[438842.23,6710835.29],[438847.75,6710834.85],[438847.61,6710833.02],[438847.19,6710827.29],[438845.69,6710827.31],[438845.59,6710825.59],[438847.02,6710825.57],[438845.84,6710809.24],[438844.82,6710796.09],[438844.35,6710790.07],[438844.06,6710786.15],[438843.53,6710778.84],[438843.27,6710775.5],[438842.98,6710771.79],[438842.19,6710762.15],[438835.6,6710762.54]]]]}},{"type":"Feature","properties":{"idu":"49353000AV1441","section":"AV","numero":"1441","libelle":"AV 1441","code_insee":"49353","commune":"Trélazé","contenance":58},"geometry":{"type":"MultiPolygon","coordinates":[[[[438790.1,6710869.21],[438796.48,6710868.73],[438801.1,6710868.38],[438801.31,6710868.36],[438800.98,6710863.26],[438789.76,6710864.14],[438790.1,6710869.21]]]]}},{"type":"Feature","properties":{"idu":"49353000AV1442","section":"AV","numero":"1442","libelle":"AV 1442","code_insee":"49353","commune":"Trélazé","contenance":382},"geometry":{"type":"MultiPolygon","coordinates":[[[[438810.94,6710882.84],[438810.19,6710867.69],[438801.31,6710868.36],[438801.1,6710868.38],[438796.48,6710868.73],[438790.1,6710869.21],[438791.4,6710888.37],[438808.68,6710887.25],[438808.35,6710882.93],[438810.94,6710882.84]]]]}},{"type":"Feature","properties":{"idu":"49353000AV1443","section":"AV","numero":"1443","libelle":"AV 1443","code_insee":"49353","commune":"Trélazé","contenance":907},"geometry":{"type":"MultiPolygon","coordinates":[[[[438790.1,6710869.21],[438785.99,6710869.52],[438785.65,6710869.04],[438782.43,6710869.27],[438780.39,6710869.42],[438780.34,6710870.07],[438780.38,6710870.68],[438780.72,6710877.17],[438780.87,6710880.09],[438781.11,6710884.68],[438781.76,6710896.69],[438801.13,6710895.38],[438808.86,6710894.86],[438833.1,6710893.17],[438851.78,6710891.75],[438851.35,6710885.42],[438851.03,6710879.96],[438845.08,6710880.38],[438836.13,6710881.03],[438816.93,6710882.38],[438810.94,6710882.84],[438808.35,6710882.93],[438808.68,6710887.25],[438791.4,6710888.37],[438790.1,6710869.21]]]]}},{"type":"Feature","properties":{"idu":"49353000AV1444","section":"AV","numero":"1444","libelle":"AV 1444","code_insee":"49353","commune":"Trélazé","contenance":5},"geometry":{"type":"MultiPolygon","coordinates":[[[[438290.22,6710823.71],[438293.0,6710827.03],[438294.16,6710828.38],[438294.81,6710827.82],[438290.83,6710823.2],[438290.22,6710823.71]]]]}},{"type":"Feature","properties":{"idu":"49353000AV1445","section":"AV","numero":"1445","libelle":"AV 1445","code_insee":"49353","commune":"Trélazé","contenance":12},"geometry":{"type":"MultiPolygon","coordinates":[[[[438279.37,6710810.69],[438279.19,6710810.83],[438279.88,6710811.42],[438280.25,6710811.87],[438282.64,6710814.71],[438288.37,6710821.5],[438290.22,6710823.71],[438290.83,6710823.2],[438290.24,6710822.47],[438284.92,6710816.2],[438279.86,6710810.25],[438279.37,6710810.69]]]]}},{"type":"Feature","properties":{"idu":"49353000AV1446","section":"AV","numero":"1446","libelle":"AV 1446","code_insee":"49353","commune":"Trélazé","contenance":1},"geometry":{"type":"MultiPolygon","coordinates":[[[[438275.44,6710811.98],[438277.32,6710811.93],[438277.55,6710811.3],[438275.44,6710811.98]]]]}},{"type":"Feature","properties":{"idu":"49353000AV1447","section":"AV","numero":"1447","libelle":"AV 1447","code_insee":"49353","commune":"Trélazé","contenance":12},"geometry":{"type":"MultiPolygon","coordinates":[[[[438268.31,6710811.68],[438268.34,6710812.79],[438272.8,6710813.06],[438276.83,6710813.24],[438277.32,6710811.93],[438275.43,6710811.98],[438274.09,6710812.01],[438268.31,6710811.68]]]]}},{"type":"Feature","properties":{"idu":"49353000AV1448","section":"AV","numero":"1448","libelle":"AV 1448","code_insee":"49353","commune":"Trélazé","contenance":162},"geometry":{"type":"MultiPolygon","coordinates":[[[[438277.32,6710811.93],[438276.83,6710813.24],[438272.8,6710813.06],[438268.34,6710812.79],[438268.48,6710818.8],[438272.84,6710818.42],[438277.5,6710818.01],[438281.98,6710817.61],[438285.33,6710827.48],[438287.57,6710832.78],[438294.22,6710828.47],[438294.16,6710828.38],[438293.0,6710827.03],[438290.22,6710823.71],[438288.37,6710821.5],[438282.64,6710814.71],[438280.25,6710811.87],[438277.32,6710811.93]]]]}},{"type":"Feature","properties":{"idu":"49353000AV1449","section":"AV","numero":"1449","libelle":"AV 1449","code_insee":"49353","commune":"Trélazé","contenance":2},"geometry":{"type":"MultiPolygon","coordinates":[[[[438277.55,6710811.3],[438277.32,6710811.93],[438280.25,6710811.87],[438279.88,6710811.42],[438279.19,6710810.83],[438277.55,6710811.3]]]]}},{"type":"Feature","properties":{"idu":"49353000AV1450","section":"AV","numero":"1450","libelle":"AV 1450","code_insee":"49353","commune":"Trélazé","contenance":177},"geometry":{"type":"MultiPolygon","coordinates":[[[[438558.6,6710968.84],[438558.59,6710968.44],[438557.77,6710966.73],[438554.09,6710959.17],[438548.78,6710948.07],[438542.31,6710944.38],[438541.05,6710943.66],[438532.78,6710938.78],[438532.16,6710938.41],[438525.59,6710934.77],[438523.06,6710937.19],[438527.52,6710939.8],[438530.88,6710941.82],[438540.14,6710947.37],[438546.01,6710950.91],[438555.27,6710969.35],[438557.55,6710969.09],[438558.6,6710968.84]]]]}},{"type":"Feature","properties":{"idu":"49353000AV1451","section":"AV","numero":"1451","libelle":"AV 1451","code_insee":"49353","commune":"Trélazé","contenance":960},"geometry":{"type":"MultiPolygon","coordinates":[[[[438523.06,6710937.19],[438520.42,6710939.72],[438520.59,6710940.21],[438528.57,6710945.16],[438539.07,6710951.53],[438545.25,6710958.6],[438547.48,6710968.82],[438549.33,6710977.68],[438549.58,6710979.79],[438549.62,6710981.11],[438549.74,6710983.05],[438549.99,6710987.92],[438550.37,6710993.58],[438550.86,6711001.81],[438551.42,6711012.0],[438552.07,6711022.46],[438552.71,6711032.45],[438543.16,6711047.65],[438545.38,6711047.62],[438561.32,6711047.43],[438560.52,6711033.18],[438560.15,6711026.64],[438559.1,6711008.79],[438559.05,6711002.72],[438558.71,6710976.94],[438558.6,6710968.84],[438557.55,6710969.09],[438555.27,6710969.35],[438546.01,6710950.91],[438540.14,6710947.37],[438530.88,6710941.82],[438527.52,6710939.8],[438523.06,6710937.19]]]]}},{"type":"Feature","properties":{"idu":"49353000AV1458","section":"AV","numero":"1458","libelle":"AV 1458","code_insee":"49353","commune":"Trélazé","contenance":378},"geometry":{"type":"MultiPolygon","coordinates":[[[[438801.13,6710895.38],[438781.76,6710896.69],[438781.97,6710899.92],[438782.11,6710902.39],[438782.52,6710907.83],[438783.16,6710916.04],[438786.37,6710915.79],[438787.12,6710915.7],[438802.43,6710914.55],[438801.13,6710895.38]]]]}},{"type":"Feature","properties":{"idu":"49353000AV1459","section":"AV","numero":"1459","libelle":"AV 1459","code_insee":"49353","commune":"Trélazé","contenance":597},"geometry":{"type":"MultiPolygon","coordinates":[[[[438808.86,6710894.86],[438801.13,6710895.38],[438802.43,6710914.55],[438813.63,6710913.7],[438828.95,6710912.49],[438834.12,6710912.08],[438833.95,6710910.01],[438834.12,6710909.98],[438833.1,6710893.17],[438808.86,6710894.86]]]]}},{"type":"Feature","properties":{"idu":"49353000AV1460","section":"AV","numero":"1460","libelle":"AV 1460","code_insee":"49353","commune":"Trélazé","contenance":37},"geometry":{"type":"MultiPolygon","coordinates":[[[[439094.49,6710911.63],[439094.29,6710922.62],[439094.27,6710923.62],[439094.27,6710924.19],[439097.36,6710924.47],[439097.46,6710919.05],[439097.58,6710911.86],[439094.49,6710911.63]]]]}},{"type":"Feature","properties":{"idu":"49353000AV1461","section":"AV","numero":"1461","libelle":"AV 1461","code_insee":"49353","commune":"Trélazé","contenance":33},"geometry":{"type":"MultiPolygon","coordinates":[[[[439094.67,6710901.44],[439094.49,6710911.63],[439097.58,6710911.86],[439097.6,6710910.94],[439097.75,6710900.43],[439094.69,6710900.2],[439094.67,6710901.44]]]]}},{"type":"Feature","properties":{"idu":"49353000AV1462","section":"AV","numero":"1462","libelle":"AV 1462","code_insee":"49353","commune":"Trélazé","contenance":830},"geometry":{"type":"MultiPolygon","coordinates":[[[[438259.54,6710973.91],[438258.91,6710985.15],[438258.06,6710995.08],[438257.3,6711007.6],[438256.93,6711014.67],[438256.83,6711016.32],[438256.69,6711018.37],[438256.66,6711018.79],[438262.6,6711019.3],[438276.8,6711015.97],[438278.2,6710981.52],[438278.13,6710978.56],[438261.84,6710973.66],[438259.57,6710973.51],[438259.54,6710973.91]]]]}},{"type":"Feature","properties":{"idu":"49353000AV1463","section":"AV","numero":"1463","libelle":"AV 1463","code_insee":"49353","commune":"Trélazé","contenance":423},"geometry":{"type":"MultiPolygon","coordinates":[[[[438256.66,6711018.79],[438256.4,6711023.02],[438256.14,6711027.89],[438255.83,6711032.82],[438255.72,6711034.91],[438255.57,6711037.73],[438255.53,6711038.4],[438255.2,6711043.74],[438259.34,6711044.28],[438268.39,6711037.04],[438276.2,6711030.93],[438276.8,6711015.97],[438262.6,6711019.3],[438256.66,6711018.79]]]]}},{"type":"Feature","properties":{"idu":"49353000AV1464","section":"AV","numero":"1464","libelle":"AV 1464","code_insee":"49353","commune":"Trélazé","contenance":73},"geometry":{"type":"MultiPolygon","coordinates":[[[[438279.44,6711015.35],[438281.08,6711004.4],[438279.42,6710989.03],[438279.25,6710989.05],[438278.2,6710981.52],[438276.8,6711015.97],[438279.44,6711015.35]]]]}},{"type":"Feature","properties":{"idu":"49353000AV1465","section":"AV","numero":"1465","libelle":"AV 1465","code_insee":"49353","commune":"Trélazé","contenance":14},"geometry":{"type":"MultiPolygon","coordinates":[[[[438276.8,6711015.97],[438276.2,6711030.93],[438277.06,6711030.22],[438276.92,6711023.04],[438279.44,6711015.35],[438276.8,6711015.97]]]]}},{"type":"Feature","properties":{"idu":"49353000AV1466","section":"AV","numero":"1466","libelle":"AV 1466","code_insee":"49353","commune":"Trélazé","contenance":217},"geometry":{"type":"MultiPolygon","coordinates":[[[[438859.12,6710867.37],[438859.53,6710872.54],[438865.5,6710872.14],[438874.94,6710871.52],[438874.91,6710871.12],[438878.88,6710870.78],[438878.81,6710869.6],[438888.29,6710868.99],[438900.38,6710868.17],[438911.61,6710867.38],[438911.35,6710863.71],[438859.12,6710867.37]]]]}},{"type":"Feature","properties":{"idu":"49353000AV1467","section":"AV","numero":"1467","libelle":"AV 1467","code_insee":"49353","commune":"Trélazé","contenance":192},"geometry":{"type":"MultiPolygon","coordinates":[[[[438911.1,6710860.04],[438903.6,6710860.57],[438890.77,6710861.39],[438889.24,6710861.5],[438880.49,6710862.12],[438878.46,6710862.26],[438868.2,6710862.95],[438858.82,6710863.6],[438859.12,6710867.37],[438911.35,6710863.71],[438911.1,6710860.04]]]]}},{"type":"Feature","properties":{"idu":"49353000AV1468","section":"AV","numero":"1468","libelle":"AV 1468","code_insee":"49353","commune":"Trélazé","contenance":195},"geometry":{"type":"MultiPolygon","coordinates":[[[[438918.02,6710859.55],[438911.1,6710860.04],[438911.35,6710863.71],[438911.61,6710867.38],[438912.51,6710867.32],[438938.15,6710865.51],[438937.51,6710858.27],[438918.02,6710859.55]]]]}},{"type":"Feature","properties":{"idu":"49353000AV1469","section":"AV","numero":"1469","libelle":"AV 1469","code_insee":"49353","commune":"Trélazé","contenance":344},"geometry":{"type":"MultiPolygon","coordinates":[[[[438911.61,6710867.38],[438900.38,6710868.17],[438888.29,6710868.99],[438878.81,6710869.6],[438878.88,6710870.78],[438874.91,6710871.12],[438874.94,6710871.52],[438865.5,6710872.14],[438859.53,6710872.54],[438859.99,6710878.79],[438865.47,6710878.39],[438865.95,6710878.35],[438875.3,6710877.66],[438878.75,6710877.4],[438884.16,6710877.02],[438884.19,6710873.46],[438891.97,6710872.96],[438892.18,6710876.4],[438899.87,6710875.83],[438912.15,6710874.96],[438911.61,6710867.38]]]]}},{"type":"Feature","properties":{"idu":"49353000AV1470","section":"AV","numero":"1470","libelle":"AV 1470","code_insee":"49353","commune":"Trélazé","contenance":202},"geometry":{"type":"MultiPolygon","coordinates":[[[[438912.15,6710874.96],[438915.67,6710874.71],[438936.79,6710873.27],[438936.68,6710871.61],[438938.66,6710871.39],[438938.15,6710865.51],[438912.51,6710867.32],[438911.61,6710867.38],[438912.15,6710874.96]]]]}},{"type":"Feature","properties":{"idu":"49353000AV1471","section":"AV","numero":"1471","libelle":"AV 1471","code_insee":"49353","commune":"Trélazé","contenance":3},"geometry":{"type":"MultiPolygon","coordinates":[[[[438936.79,6710873.27],[438938.81,6710873.12],[438938.66,6710871.39],[438936.68,6710871.61],[438936.79,6710873.27]]]]}},{"type":"Feature","properties":{"idu":"49353000AV1472","section":"AV","numero":"1472","libelle":"AV 1472","code_insee":"49353","commune":"Trélazé","contenance":160},"geometry":{"type":"MultiPolygon","coordinates":[[[[438682.36,6711132.83],[438683.2,6711125.39],[438684.34,6711114.1],[438675.43,6711113.73],[438674.59,6711132.43],[438682.36,6711132.83]]]]}},{"type":"Feature","properties":{"idu":"49353000AV1473","section":"AV","numero":"1473","libelle":"AV 1473","code_insee":"49353","commune":"Trélazé","contenance":163},"geometry":{"type":"MultiPolygon","coordinates":[[[[438680.55,6711149.54],[438681.1,6711144.36],[438681.64,6711139.58],[438682.36,6711132.83],[438674.59,6711132.43],[438670.38,6711149.07],[438680.55,6711149.54]]]]}},{"type":"Feature","properties":{"idu":"49353000AV1474","section":"AV","numero":"1474","libelle":"AV 1474","code_insee":"49353","commune":"Trélazé","contenance":213},"geometry":{"type":"MultiPolygon","coordinates":[[[[438678.62,6711167.25],[438679.12,6711162.87],[438679.86,6711156.01],[438680.55,6711149.54],[438670.38,6711149.07],[438665.58,6711166.67],[438678.62,6711167.25]]]]}},{"type":"Feature","properties":{"idu":"49353000AV1475","section":"AV","numero":"1475","libelle":"AV 1475","code_insee":"49353","commune":"Trélazé","contenance":247},"geometry":{"type":"MultiPolygon","coordinates":[[[[438676.55,6711187.47],[438677.07,6711182.4],[438677.81,6711175.07],[438678.62,6711167.25],[438665.58,6711166.67],[438665.29,6711167.72],[438665.22,6711187.11],[438676.55,6711187.47]]]]}},{"type":"Feature","properties":{"idu":"49353000AV1476","section":"AV","numero":"1476","libelle":"AV 1476","code_insee":"49353","commune":"Trélazé","contenance":200},"geometry":{"type":"MultiPolygon","coordinates":[[[[438674.91,6711206.84],[438675.13,6711203.45],[438675.4,6711199.72],[438675.65,6711196.58],[438675.95,6711193.58],[438676.21,6711190.61],[438676.55,6711187.47],[438665.22,6711187.11],[438665.21,6711189.73],[438665.14,6711206.42],[438674.91,6711206.84]]]]}},{"type":"Feature","properties":{"idu":"49353000AV1477","section":"AV","numero":"1477","libelle":"AV 1477","code_insee":"49353","commune":"Trélazé","contenance":187},"geometry":{"type":"MultiPolygon","coordinates":[[[[438673.71,6711227.14],[438674.06,6711221.19],[438674.24,6711217.47],[438674.46,6711213.89],[438674.91,6711206.84],[438665.14,6711206.42],[438665.14,6711226.92],[438673.71,6711227.14]]]]}},{"type":"Feature","properties":{"idu":"49353000AV1478","section":"AV","numero":"1478","libelle":"AV 1478","code_insee":"49353","commune":"Trélazé","contenance":188},"geometry":{"type":"MultiPolygon","coordinates":[[[[438665.14,6711249.12],[438672.52,6711248.66],[438672.63,6711246.92],[438672.88,6711242.07],[438673.25,6711235.11],[438673.71,6711227.14],[438665.14,6711226.92],[438665.14,6711249.12]]]]}},{"type":"Feature","properties":{"idu":"49353000AV1481","section":"AV","numero":"1481","libelle":"AV 1481","code_insee":"49353","commune":"Trélazé","contenance":66},"geometry":{"type":"MultiPolygon","coordinates":[[[[438606.48,6710998.33],[438607.18,6711003.71],[438619.03,6711002.21],[438618.32,6710996.85],[438606.48,6710998.33]]]]}},{"type":"Feature","properties":{"idu":"49353000AV1482","section":"AV","numero":"1482","libelle":"AV 1482","code_insee":"49353","commune":"Trélazé","contenance":167},"geometry":{"type":"MultiPolygon","coordinates":[[[[438568.42,6711258.31],[438569.19,6711258.39],[438570.53,6711258.49],[438571.38,6711258.54],[438572.5,6711258.55],[438573.14,6711258.53],[438573.75,6711258.48],[438574.26,6711258.34],[438573.79,6711229.99],[438568.46,6711229.98],[438568.42,6711258.31]]]]}},{"type":"Feature","properties":{"idu":"49353000AV1483","section":"AV","numero":"1483","libelle":"AV 1483","code_insee":"49353","commune":"Trélazé","contenance":439},"geometry":{"type":"MultiPolygon","coordinates":[[[[438550.39,6711256.16],[438551.78,6711256.35],[438555.33,6711256.79],[438558.23,6711257.11],[438559.82,6711257.32],[438562.32,6711257.63],[438563.93,6711257.83],[438567.47,6711258.21],[438568.42,6711258.31],[438568.46,6711229.98],[438554.67,6711229.95],[438550.39,6711256.16]]]]}},{"type":"Feature","properties":{"idu":"49353000AV1484","section":"AV","numero":"1484","libelle":"AV 1484","code_insee":"49353","commune":"Trélazé","contenance":377},"geometry":{"type":"MultiPolygon","coordinates":[[[[438536.52,6711254.44],[438538.97,6711254.75],[438542.78,6711255.23],[438545.89,6711255.61],[438549.7,6711256.07],[438550.39,6711256.16],[438554.67,6711229.95],[438540.89,6711227.71],[438536.52,6711254.44]]]]}},{"type":"Feature","properties":{"idu":"49353000AV1485","section":"AV","numero":"1485","libelle":"AV 1485","code_insee":"49353","commune":"Trélazé","contenance":384},"geometry":{"type":"MultiPolygon","coordinates":[[[[438522.65,6711252.73],[438526.64,6711253.22],[438529.5,6711253.58],[438532.22,6711253.92],[438535.88,6711254.36],[438536.52,6711254.44],[438540.89,6711227.71],[438527.11,6711225.46],[438522.65,6711252.73]]]]}},{"type":"Feature","properties":{"idu":"49353000AV1486","section":"AV","numero":"1486","libelle":"AV 1486","code_insee":"49353","commune":"Trélazé","contenance":489},"geometry":{"type":"MultiPolygon","coordinates":[[[[438507.38,6711251.18],[438507.44,6711251.18],[438509.85,6711251.38],[438512.23,6711251.59],[438514.14,6711251.76],[438515.55,6711251.89],[438517.29,6711252.09],[438518.68,6711252.24],[438519.53,6711252.35],[438520.06,6711252.41],[438521.34,6711252.57],[438522.53,6711252.72],[438522.65,6711252.73],[438527.11,6711225.46],[438511.97,6711222.98],[438506.93,6711227.48],[438507.27,6711234.29],[438507.38,6711251.18]]]]}},{"type":"Feature","properties":{"idu":"49353000AV1487","section":"AV","numero":"1487","libelle":"AV 1487","code_insee":"49353","commune":"Trélazé","contenance":135},"geometry":{"type":"MultiPolygon","coordinates":[[[[438573.69,6711224.0],[438573.24,6711197.03],[438568.52,6711197.1],[438568.47,6711223.99],[438573.69,6711224.0]]]]}},{"type":"Feature","properties":{"idu":"49353000AV1488","section":"AV","numero":"1488","libelle":"AV 1488","code_insee":"49353","commune":"Trélazé","contenance":300},"geometry":{"type":"MultiPolygon","coordinates":[[[[438555.16,6711223.97],[438568.47,6711223.99],[438568.52,6711197.1],[438559.52,6711197.23],[438555.16,6711223.97]]]]}},{"type":"Feature","properties":{"idu":"49353000AV1489","section":"AV","numero":"1489","libelle":"AV 1489","code_insee":"49353","commune":"Trélazé","contenance":313},"geometry":{"type":"MultiPolygon","coordinates":[[[[438543.35,6711222.04],[438555.16,6711223.97],[438559.52,6711197.23],[438555.51,6711197.29],[438547.37,6711197.4],[438543.35,6711222.04]]]]}},{"type":"Feature","properties":{"idu":"49353000AV1490","section":"AV","numero":"1490","libelle":"AV 1490","code_insee":"49353","commune":"Trélazé","contenance":288},"geometry":{"type":"MultiPolygon","coordinates":[[[[438531.54,6711220.11],[438543.35,6711222.04],[438547.37,6711197.4],[438542.5,6711197.47],[438535.21,6711197.58],[438531.54,6711220.11]]]]}},{"type":"Feature","properties":{"idu":"49353000AV1491","section":"AV","numero":"1491","libelle":"AV 1491","code_insee":"49353","commune":"Trélazé","contenance":263},"geometry":{"type":"MultiPolygon","coordinates":[[[[438519.72,6711218.18],[438531.54,6711220.11],[438535.21,6711197.58],[438522.9,6711197.75],[438519.72,6711218.18]]]]}},{"type":"Feature","properties":{"idu":"49353000AV1492","section":"AV","numero":"1492","libelle":"AV 1492","code_insee":"49353","commune":"Trélazé","contenance":343},"geometry":{"type":"MultiPolygon","coordinates":[[[[438509.14,6711216.46],[438519.72,6711218.18],[438522.9,6711197.75],[438505.21,6711192.43],[438506.23,6711213.21],[438509.14,6711216.46]]]]}},{"type":"Feature","properties":{"idu":"49353000AV1493","section":"AV","numero":"1493","libelle":"AV 1493","code_insee":"49353","commune":"Trélazé","contenance":182},"geometry":{"type":"MultiPolygon","coordinates":[[[[438573.24,6711197.03],[438572.73,6711166.36],[438565.61,6711167.05],[438568.52,6711197.1],[438573.24,6711197.03]]]]}},{"type":"Feature","properties":{"idu":"49353000AV1494","section":"AV","numero":"1494","libelle":"AV 1494","code_insee":"49353","commune":"Trélazé","contenance":387},"geometry":{"type":"MultiPolygon","coordinates":[[[[438565.61,6711167.05],[438552.7,6711168.3],[438555.51,6711197.29],[438559.52,6711197.23],[438568.52,6711197.1],[438565.61,6711167.05]]]]}},{"type":"Feature","properties":{"idu":"49353000AV1495","section":"AV","numero":"1495","libelle":"AV 1495","code_insee":"49353","commune":"Trélazé","contenance":365},"geometry":{"type":"MultiPolygon","coordinates":[[[[438552.7,6711168.3],[438539.9,6711170.63],[438542.5,6711197.47],[438547.37,6711197.4],[438555.51,6711197.29],[438552.7,6711168.3]]]]}},{"type":"Feature","properties":{"idu":"49353000AV1496","section":"AV","numero":"1496","libelle":"AV 1496","code_insee":"49353","commune":"Trélazé","contenance":423},"geometry":{"type":"MultiPolygon","coordinates":[[[[438539.9,6711170.63],[438526.76,6711173.04],[438522.9,6711197.75],[438535.21,6711197.58],[438542.5,6711197.47],[438539.9,6711170.63]]]]}},{"type":"Feature","properties":{"idu":"49353000AV1497","section":"AV","numero":"1497","libelle":"AV 1497","code_insee":"49353","commune":"Trélazé","contenance":487},"geometry":{"type":"MultiPolygon","coordinates":[[[[438507.7,6711175.66],[438504.32,6711174.65],[438505.21,6711192.43],[438522.9,6711197.75],[438526.76,6711173.04],[438510.0,6711168.0],[438507.7,6711175.66]]]]}},{"type":"Feature","properties":{"idu":"49353000AV1498","section":"AV","numero":"1498","libelle":"AV 1498","code_insee":"49353","commune":"Trélazé","contenance":219},"geometry":{"type":"MultiPolygon","coordinates":[[[[438572.64,6711160.35],[438572.18,6711133.22],[438563.12,6711133.62],[438565.77,6711161.02],[438572.64,6711160.35]]]]}},{"type":"Feature","properties":{"idu":"49353000AV1499","section":"AV","numero":"1499","libelle":"AV 1499","code_insee":"49353","commune":"Trélazé","contenance":392},"geometry":{"type":"MultiPolygon","coordinates":[[[[438551.87,6711162.36],[438565.77,6711161.02],[438563.12,6711133.62],[438549.14,6711134.22],[438551.87,6711162.36]]]]}},{"type":"Feature","properties":{"idu":"49353000AV1500","section":"AV","numero":"1500","libelle":"AV 1500","code_insee":"49353","commune":"Trélazé","contenance":579},"geometry":{"type":"MultiPolygon","coordinates":[[[[438533.95,6711165.63],[438551.87,6711162.36],[438549.14,6711134.22],[438528.38,6711135.13],[438533.95,6711165.63]]]]}},{"type":"Feature","properties":{"idu":"49353000AV1501","section":"AV","numero":"1501","libelle":"AV 1501","code_insee":"49353","commune":"Trélazé","contenance":574},"geometry":{"type":"MultiPolygon","coordinates":[[[[438527.1,6711166.89],[438533.95,6711165.63],[438528.38,6711135.13],[438510.44,6711141.39],[438506.86,6711154.42],[438513.47,6711156.41],[438511.72,6711162.27],[438527.1,6711166.89]]]]}},{"type":"Feature","properties":{"idu":"49353000AV1502","section":"AV","numero":"1502","libelle":"AV 1502","code_insee":"49353","commune":"Trélazé","contenance":370},"geometry":{"type":"MultiPolygon","coordinates":[[[[438571.97,6711120.76],[438571.41,6711087.42],[438558.36,6711091.27],[438552.81,6711094.62],[438568.69,6711120.9],[438571.97,6711120.76]]]]}},{"type":"Feature","properties":{"idu":"49353000AV1503","section":"AV","numero":"1503","libelle":"AV 1503","code_insee":"49353","commune":"Trélazé","contenance":528},"geometry":{"type":"MultiPolygon","coordinates":[[[[438534.08,6711112.33],[438537.73,6711115.73],[438544.41,6711121.95],[438568.69,6711120.9],[438552.81,6711094.62],[438547.69,6711097.72],[438534.08,6711112.33]]]]}},{"type":"Feature","properties":{"idu":"49353000AV1504","section":"AV","numero":"1504","libelle":"AV 1504","code_insee":"49353","commune":"Trélazé","contenance":168},"geometry":{"type":"MultiPolygon","coordinates":[[[[438571.27,6711078.61],[438570.75,6711047.33],[438561.32,6711047.43],[438570.29,6711078.9],[438571.27,6711078.61]]]]}},{"type":"Feature","properties":{"idu":"49353000AV1505","section":"AV","numero":"1505","libelle":"AV 1505","code_insee":"49353","commune":"Trélazé","contenance":529},"geometry":{"type":"MultiPolygon","coordinates":[[[[438561.32,6711047.43],[438545.38,6711047.62],[438548.98,6711059.73],[438555.94,6711083.14],[438565.02,6711080.46],[438570.29,6711078.9],[438561.32,6711047.43]]]]}},{"type":"Feature","properties":{"idu":"49353000AV1506","section":"AV","numero":"1506","libelle":"AV 1506","code_insee":"49353","commune":"Trélazé","contenance":537},"geometry":{"type":"MultiPolygon","coordinates":[[[[438534.24,6711095.33],[438538.47,6711095.18],[438547.29,6711085.69],[438555.94,6711083.14],[438548.98,6711059.73],[438524.38,6711086.15],[438534.24,6711095.33]]]]}},{"type":"Feature","properties":{"idu":"49353000AV1507","section":"AV","numero":"1507","libelle":"AV 1507","code_insee":"49353","commune":"Trélazé","contenance":857},"geometry":{"type":"MultiPolygon","coordinates":[[[[438545.38,6711047.62],[438543.16,6711047.65],[438513.75,6711048.28],[438514.16,6711076.64],[438524.38,6711086.15],[438548.98,6711059.73],[438545.38,6711047.62]]]]}},{"type":"Feature","properties":{"idu":"49353000AV1508","section":"AV","numero":"1508","libelle":"AV 1508","code_insee":"49353","commune":"Trélazé","contenance":568},"geometry":{"type":"MultiPolygon","coordinates":[[[[438513.75,6711048.28],[438497.61,6711048.62],[438492.12,6711077.46],[438496.01,6711078.18],[438514.16,6711076.64],[438513.75,6711048.28]]]]}},{"type":"Feature","properties":{"idu":"49353000AV1509","section":"AV","numero":"1509","libelle":"AV 1509","code_insee":"49353","commune":"Trélazé","contenance":419},"geometry":{"type":"MultiPolygon","coordinates":[[[[438497.61,6711048.62],[438496.51,6711048.64],[438483.69,6711046.32],[438478.39,6711074.91],[438492.12,6711077.46],[438497.61,6711048.62]]]]}},{"type":"Feature","properties":{"idu":"49353000AV1510","section":"AV","numero":"1510","libelle":"AV 1510","code_insee":"49353","commune":"Trélazé","contenance":417},"geometry":{"type":"MultiPolygon","coordinates":[[[[438483.69,6711046.32],[438478.09,6711045.3],[438469.96,6711043.81],[438464.66,6711072.37],[438478.39,6711074.91],[438483.69,6711046.32]]]]}},{"type":"Feature","properties":{"idu":"49353000AV1511","section":"AV","numero":"1511","libelle":"AV 1511","code_insee":"49353","commune":"Trélazé","contenance":417},"geometry":{"type":"MultiPolygon","coordinates":[[[[438469.96,6711043.81],[438459.27,6711041.86],[438456.22,6711041.32],[438450.93,6711069.82],[438464.66,6711072.37],[438469.96,6711043.81]]]]}},{"type":"Feature","properties":{"idu":"49353000AV1512","section":"AV","numero":"1512","libelle":"AV 1512","code_insee":"49353","commune":"Trélazé","contenance":417},"geometry":{"type":"MultiPolygon","coordinates":[[[[438456.22,6711041.32],[438442.47,6711038.86],[438437.19,6711067.28],[438450.93,6711069.82],[438456.22,6711041.32]]]]}},{"type":"Feature","properties":{"idu":"49353000AV1513","section":"AV","numero":"1513","libelle":"AV 1513","code_insee":"49353","commune":"Trélazé","contenance":418},"geometry":{"type":"MultiPolygon","coordinates":[[[[438442.47,6711038.86],[438428.72,6711036.41],[438423.46,6711064.73],[438437.19,6711067.28],[438442.47,6711038.86]]]]}},{"type":"Feature","properties":{"idu":"49353000AV1514","section":"AV","numero":"1514","libelle":"AV 1514","code_insee":"49353","commune":"Trélazé","contenance":419},"geometry":{"type":"MultiPolygon","coordinates":[[[[438428.72,6711036.41],[438414.97,6711033.95],[438409.74,6711062.18],[438423.46,6711064.73],[438428.72,6711036.41]]]]}},{"type":"Feature","properties":{"idu":"49353000AV1515","section":"AV","numero":"1515","libelle":"AV 1515","code_insee":"49353","commune":"Trélazé","contenance":542},"geometry":{"type":"MultiPolygon","coordinates":[[[[438414.97,6711033.95],[438410.22,6711033.1],[438397.24,6711030.72],[438392.01,6711058.9],[438409.74,6711062.18],[438414.97,6711033.95]]]]}},{"type":"Feature","properties":{"idu":"49353000AV1516","section":"AV","numero":"1516","libelle":"AV 1516","code_insee":"49353","commune":"Trélazé","contenance":642},"geometry":{"type":"MultiPolygon","coordinates":[[[[438397.24,6711030.72],[438374.3,6711026.51],[438369.33,6711025.6],[438376.97,6711055.52],[438383.77,6711053.92],[438384.92,6711058.77],[438387.74,6711058.1],[438392.01,6711058.9],[438397.24,6711030.72]]]]}},{"type":"Feature","properties":{"idu":"49353000AV1517","section":"AV","numero":"1517","libelle":"AV 1517","code_insee":"49353","commune":"Trélazé","contenance":612},"geometry":{"type":"MultiPolygon","coordinates":[[[[438369.33,6711025.6],[438352.19,6711022.46],[438362.59,6711064.04],[438370.36,6711062.21],[438369.21,6711057.36],[438376.97,6711055.52],[438369.33,6711025.6]]]]}},{"type":"Feature","properties":{"idu":"49353000AV1518","section":"AV","numero":"1518","libelle":"AV 1518","code_insee":"49353","commune":"Trélazé","contenance":679},"geometry":{"type":"MultiPolygon","coordinates":[[[[438352.19,6711022.46],[438346.76,6711021.46],[438337.13,6711025.61],[438345.19,6711059.79],[438355.8,6711065.65],[438362.59,6711064.04],[438352.19,6711022.46]]]]}},{"type":"Feature","properties":{"idu":"49353000AV1519","section":"AV","numero":"1519","libelle":"AV 1519","code_insee":"49353","commune":"Trélazé","contenance":1081},"geometry":{"type":"MultiPolygon","coordinates":[[[[438337.13,6711025.61],[438318.63,6711033.61],[438322.76,6711057.23],[438320.57,6711069.06],[438323.81,6711069.68],[438322.75,6711075.67],[438323.06,6711076.46],[438352.76,6711071.93],[438355.8,6711065.65],[438345.19,6711059.79],[438337.13,6711025.61]]]]}},{"type":"Feature","properties":{"idu":"49353000AV1520","section":"AV","numero":"1520","libelle":"AV 1520","code_insee":"49353","commune":"Trélazé","contenance":428},"geometry":{"type":"MultiPolygon","coordinates":[[[[438323.06,6711076.46],[438325.28,6711090.68],[438354.97,6711086.0],[438352.76,6711071.93],[438323.06,6711076.46]]]]}},{"type":"Feature","properties":{"idu":"49353000AV1521","section":"AV","numero":"1521","libelle":"AV 1521","code_insee":"49353","commune":"Trélazé","contenance":420},"geometry":{"type":"MultiPolygon","coordinates":[[[[438325.28,6711090.68],[438327.43,6711104.48],[438357.14,6711099.79],[438354.97,6711086.0],[438325.28,6711090.68]]]]}},{"type":"Feature","properties":{"idu":"49353000AV1522","section":"AV","numero":"1522","libelle":"AV 1522","code_insee":"49353","commune":"Trélazé","contenance":420},"geometry":{"type":"MultiPolygon","coordinates":[[[[438327.43,6711104.48],[438329.59,6711118.27],[438359.32,6711113.59],[438357.14,6711099.79],[438327.43,6711104.48]]]]}},{"type":"Feature","properties":{"idu":"49353000AV1523","section":"AV","numero":"1523","libelle":"AV 1523","code_insee":"49353","commune":"Trélazé","contenance":420},"geometry":{"type":"MultiPolygon","coordinates":[[[[438329.59,6711118.27],[438331.74,6711132.07],[438361.49,6711127.39],[438359.32,6711113.59],[438329.59,6711118.27]]]]}},{"type":"Feature","properties":{"idu":"49353000AV1524","section":"AV","numero":"1524","libelle":"AV 1524","code_insee":"49353","commune":"Trélazé","contenance":420},"geometry":{"type":"MultiPolygon","coordinates":[[[[438331.74,6711132.07],[438333.89,6711145.87],[438363.66,6711141.18],[438361.49,6711127.39],[438331.74,6711132.07]]]]}},{"type":"Feature","properties":{"idu":"49353000AV1525","section":"AV","numero":"1525","libelle":"AV 1525","code_insee":"49353","commune":"Trélazé","contenance":420},"geometry":{"type":"MultiPolygon","coordinates":[[[[438333.89,6711145.87],[438336.05,6711159.67],[438365.84,6711154.98],[438363.66,6711141.18],[438333.89,6711145.87]]]]}},{"type":"Feature","properties":{"idu":"49353000AV1526","section":"AV","numero":"1526","libelle":"AV 1526","code_insee":"49353","commune":"Trélazé","contenance":546},"geometry":{"type":"MultiPolygon","coordinates":[[[[438336.05,6711159.67],[438339.62,6711182.52],[438346.14,6711179.36],[438363.99,6711170.7],[438367.31,6711164.38],[438365.84,6711154.98],[438336.05,6711159.67]]]]}},{"type":"Feature","properties":{"idu":"49353000AV1527","section":"AV","numero":"1527","libelle":"AV 1527","code_insee":"49353","commune":"Trélazé","contenance":456},"geometry":{"type":"MultiPolygon","coordinates":[[[[438530.16,6711099.71],[438517.94,6711088.34],[438513.05,6711087.43],[438507.59,6711116.85],[438513.33,6711122.19],[438517.06,6711118.17],[438530.31,6711103.94],[438530.16,6711099.71]]]]}},{"type":"Feature","properties":{"idu":"49353000AV1528","section":"AV","numero":"1528","libelle":"AV 1528","code_insee":"49353","commune":"Trélazé","contenance":390},"geometry":{"type":"MultiPolygon","coordinates":[[[[438505.69,6711086.06],[438500.3,6711085.06],[438494.84,6711114.49],[438507.59,6711116.85],[438513.05,6711087.43],[438505.69,6711086.06]]]]}},{"type":"Feature","properties":{"idu":"49353000AV1529","section":"AV","numero":"1529","libelle":"AV 1529","code_insee":"49353","commune":"Trélazé","contenance":390},"geometry":{"type":"MultiPolygon","coordinates":[[[[438500.3,6711085.06],[438487.55,6711082.7],[438482.09,6711112.13],[438494.84,6711114.49],[438500.3,6711085.06]]]]}},{"type":"Feature","properties":{"idu":"49353000AV1530","section":"AV","numero":"1530","libelle":"AV 1530","code_insee":"49353","commune":"Trélazé","contenance":390},"geometry":{"type":"MultiPolygon","coordinates":[[[[438487.55,6711082.7],[438474.8,6711080.34],[438469.33,6711109.76],[438482.09,6711112.13],[438487.55,6711082.7]]]]}},{"type":"Feature","properties":{"idu":"49353000AV1531","section":"AV","numero":"1531","libelle":"AV 1531","code_insee":"49353","commune":"Trélazé","contenance":390},"geometry":{"type":"MultiPolygon","coordinates":[[[[438474.8,6711080.34],[438462.04,6711077.97],[438456.58,6711107.39],[438469.33,6711109.76],[438474.8,6711080.34]]]]}},{"type":"Feature","properties":{"idu":"49353000AV1532","section":"AV","numero":"1532","libelle":"AV 1532","code_insee":"49353","commune":"Trélazé","contenance":390},"geometry":{"type":"MultiPolygon","coordinates":[[[[438462.04,6711077.97],[438449.29,6711075.6],[438443.83,6711105.03],[438456.58,6711107.39],[438462.04,6711077.97]]]]}},{"type":"Feature","properties":{"idu":"49353000AV1533","section":"AV","numero":"1533","libelle":"AV 1533","code_insee":"49353","commune":"Trélazé","contenance":390},"geometry":{"type":"MultiPolygon","coordinates":[[[[438449.29,6711075.6],[438436.54,6711073.24],[438431.09,6711102.67],[438443.83,6711105.03],[438449.29,6711075.6]]]]}},{"type":"Feature","properties":{"idu":"49353000AV1534","section":"AV","numero":"1534","libelle":"AV 1534","code_insee":"49353","commune":"Trélazé","contenance":390},"geometry":{"type":"MultiPolygon","coordinates":[[[[438436.54,6711073.24],[438423.79,6711070.88],[438418.34,6711100.3],[438431.09,6711102.67],[438436.54,6711073.24]]]]}},{"type":"Feature","properties":{"idu":"49353000AV1535","section":"AV","numero":"1535","libelle":"AV 1535","code_insee":"49353","commune":"Trélazé","contenance":390},"geometry":{"type":"MultiPolygon","coordinates":[[[[438423.79,6711070.88],[438411.04,6711068.52],[438405.59,6711097.94],[438418.34,6711100.3],[438423.79,6711070.88]]]]}},{"type":"Feature","properties":{"idu":"49353000AV1536","section":"AV","numero":"1536","libelle":"AV 1536","code_insee":"49353","commune":"Trélazé","contenance":390},"geometry":{"type":"MultiPolygon","coordinates":[[[[438411.04,6711068.52],[438398.29,6711066.14],[438392.84,6711095.57],[438405.59,6711097.94],[438411.04,6711068.52]]]]}},{"type":"Feature","properties":{"idu":"49353000AV1537","section":"AV","numero":"1537","libelle":"AV 1537","code_insee":"49353","commune":"Trélazé","contenance":566},"geometry":{"type":"MultiPolygon","coordinates":[[[[438386.26,6711064.61],[438375.24,6711067.2],[438380.03,6711097.59],[438392.84,6711095.57],[438398.29,6711066.14],[438389.55,6711064.52],[438386.26,6711064.61]]]]}},{"type":"Feature","properties":{"idu":"49353000AV1538","section":"AV","numero":"1538","libelle":"AV 1538","code_insee":"49353","commune":"Trélazé","contenance":498},"geometry":{"type":"MultiPolygon","coordinates":[[[[438359.55,6711076.6],[438363.27,6711100.22],[438380.03,6711097.59],[438375.24,6711067.2],[438364.09,6711069.84],[438359.55,6711076.6]]]]}},{"type":"Feature","properties":{"idu":"49353000AV1539","section":"AV","numero":"1539","libelle":"AV 1539","code_insee":"49353","commune":"Trélazé","contenance":390},"geometry":{"type":"MultiPolygon","coordinates":[[[[438363.27,6711100.22],[438365.28,6711113.04],[438394.85,6711108.38],[438392.84,6711095.57],[438380.03,6711097.59],[438363.27,6711100.22]]]]}},{"type":"Feature","properties":{"idu":"49353000AV1540","section":"AV","numero":"1540","libelle":"AV 1540","code_insee":"49353","commune":"Trélazé","contenance":506},"geometry":{"type":"MultiPolygon","coordinates":[[[[438365.28,6711113.04],[438368.14,6711131.2],[438397.22,6711123.48],[438394.85,6711108.38],[438365.28,6711113.04]]]]}},{"type":"Feature","properties":{"idu":"49353000AV1541","section":"AV","numero":"1541","libelle":"AV 1541","code_insee":"49353","commune":"Trélazé","contenance":620},"geometry":{"type":"MultiPolygon","coordinates":[[[[438380.3,6711163.95],[438396.77,6711158.78],[438387.48,6711129.16],[438373.46,6711132.89],[438375.01,6711142.75],[438370.09,6711143.52],[438372.54,6711159.08],[438380.3,6711163.95]]]]}},{"type":"Feature","properties":{"idu":"49353000AV1542","section":"AV","numero":"1542","libelle":"AV 1542","code_insee":"49353","commune":"Trélazé","contenance":462},"geometry":{"type":"MultiPolygon","coordinates":[[[[438396.77,6711158.78],[438411.05,6711154.31],[438401.96,6711125.32],[438387.48,6711129.16],[438396.77,6711158.78]]]]}},{"type":"Feature","properties":{"idu":"49353000AV1543","section":"AV","numero":"1543","libelle":"AV 1543","code_insee":"49353","commune":"Trélazé","contenance":452},"geometry":{"type":"MultiPolygon","coordinates":[[[[438411.05,6711154.31],[438425.32,6711149.83],[438416.43,6711121.47],[438401.96,6711125.32],[438411.05,6711154.31]]]]}},{"type":"Feature","properties":{"idu":"49353000AV1544","section":"AV","numero":"1544","libelle":"AV 1544","code_insee":"49353","commune":"Trélazé","contenance":484},"geometry":{"type":"MultiPolygon","coordinates":[[[[438425.32,6711149.83],[438437.32,6711146.07],[438436.02,6711116.26],[438416.43,6711121.47],[438425.32,6711149.83]]]]}},{"type":"Feature","properties":{"idu":"49353000AV1545","section":"AV","numero":"1545","libelle":"AV 1545","code_insee":"49353","commune":"Trélazé","contenance":525},"geometry":{"type":"MultiPolygon","coordinates":[[[[438447.28,6711142.94],[438453.01,6711144.66],[438460.19,6711120.74],[438436.02,6711116.26],[438437.32,6711146.07],[438447.28,6711142.94]]]]}},{"type":"Feature","properties":{"idu":"49353000AV1546","section":"AV","numero":"1546","libelle":"AV 1546","code_insee":"49353","commune":"Trélazé","contenance":331},"geometry":{"type":"MultiPolygon","coordinates":[[[[438453.01,6711144.66],[438457.55,6711146.02],[438467.13,6711142.81],[438468.26,6711142.44],[438474.01,6711123.31],[438460.19,6711120.74],[438453.01,6711144.66]]]]}},{"type":"Feature","properties":{"idu":"49353000AV1547","section":"AV","numero":"1547","libelle":"AV 1547","code_insee":"49353","commune":"Trélazé","contenance":223},"geometry":{"type":"MultiPolygon","coordinates":[[[[438468.26,6711142.44],[438476.61,6711139.7],[438484.46,6711137.04],[438487.81,6711125.87],[438474.01,6711123.31],[438468.26,6711142.44]]]]}},{"type":"Feature","properties":{"idu":"49353000AV1548","section":"AV","numero":"1548","libelle":"AV 1548","code_insee":"49353","commune":"Trélazé","contenance":369},"geometry":{"type":"MultiPolygon","coordinates":[[[[438496.46,6711151.31],[438496.82,6711151.41],[438501.31,6711135.1],[438503.07,6711128.7],[438487.81,6711125.87],[438484.46,6711137.04],[438485.82,6711136.58],[438485.82,6711148.8],[438485.82,6711153.33],[438485.83,6711154.5],[438491.41,6711156.18],[438493.17,6711150.31],[438496.46,6711151.31]]]]}},{"type":"Feature","properties":{"idu":"49353000AV1549","section":"AV","numero":"1549","libelle":"AV 1549","code_insee":"49353","commune":"Trélazé","contenance":8},"geometry":{"type":"MultiPolygon","coordinates":[[[[438427.06,6711156.17],[438428.85,6711155.57],[438442.48,6711151.02],[438444.22,6711150.44],[438443.32,6711150.45],[438426.88,6711155.61],[438427.06,6711156.17]]]]}},{"type":"Feature","properties":{"idu":"49353000AV1550","section":"AV","numero":"1550","libelle":"AV 1550","code_insee":"49353","commune":"Trélazé","contenance":10},"geometry":{"type":"MultiPolygon","coordinates":[[[[438413.82,6711160.61],[438427.06,6711156.17],[438426.88,6711155.61],[438413.56,6711159.8],[438413.82,6711160.61]]]]}},{"type":"Feature","properties":{"idu":"49353000AV1551","section":"AV","numero":"1551","libelle":"AV 1551","code_insee":"49353","commune":"Trélazé","contenance":13},"geometry":{"type":"MultiPolygon","coordinates":[[[[438400.53,6711164.94],[438412.21,6711161.14],[438413.82,6711160.61],[438413.56,6711159.8],[438400.23,6711163.97],[438400.53,6711164.94]]]]}},{"type":"Feature","properties":{"idu":"49353000AV1552","section":"AV","numero":"1552","libelle":"AV 1552","code_insee":"49353","commune":"Trélazé","contenance":15},"geometry":{"type":"MultiPolygon","coordinates":[[[[438387.27,6711169.3],[438387.38,6711169.27],[438397.51,6711165.92],[438400.53,6711164.94],[438400.23,6711163.97],[438386.91,6711168.15],[438387.27,6711169.3]]]]}},{"type":"Feature","properties":{"idu":"49353000AV1553","section":"AV","numero":"1553","libelle":"AV 1553","code_insee":"49353","commune":"Trélazé","contenance":16},"geometry":{"type":"MultiPolygon","coordinates":[[[[438373.96,6711173.53],[438387.27,6711169.3],[438386.91,6711168.15],[438376.03,6711171.56],[438373.96,6711173.53]]]]}},{"type":"Feature","properties":{"idu":"49353000AV1554","section":"AV","numero":"1554","libelle":"AV 1554","code_insee":"49353","commune":"Trélazé","contenance":44},"geometry":{"type":"MultiPolygon","coordinates":[[[[438565.87,6711083.33],[438565.45,6711081.89],[438550.21,6711086.39],[438548.27,6711087.26],[438546.62,6711088.61],[438540.58,6711095.1],[438542.7,6711095.02],[438545.21,6711092.32],[438547.85,6711089.96],[438550.87,6711088.09],[438554.17,6711086.78],[438565.87,6711083.33]]]]}},{"type":"Feature","properties":{"idu":"49353000AV1555","section":"AV","numero":"1555","libelle":"AV 1555","code_insee":"49353","commune":"Trélazé","contenance":46},"geometry":{"type":"MultiPolygon","coordinates":[[[[438565.45,6711081.89],[438565.02,6711080.46],[438555.94,6711083.14],[438547.29,6711085.69],[438538.47,6711095.18],[438540.58,6711095.1],[438546.62,6711088.61],[438548.27,6711087.26],[438550.21,6711086.39],[438565.45,6711081.89]]]]}},{"type":"Feature","properties":{"idu":"49353000AV1556","section":"AV","numero":"1556","libelle":"AV 1556","code_insee":"49353","commune":"Trélazé","contenance":26},"geometry":{"type":"MultiPolygon","coordinates":[[[[438530.47,6711108.17],[438530.39,6711106.06],[438518.16,6711119.19],[438519.25,6711120.21],[438530.47,6711108.17]]]]}},{"type":"Feature","properties":{"idu":"49353000AV1557","section":"AV","numero":"1557","libelle":"AV 1557","code_insee":"49353","commune":"Trélazé","contenance":28},"geometry":{"type":"MultiPolygon","coordinates":[[[[438530.39,6711106.06],[438530.31,6711103.94],[438517.06,6711118.17],[438518.16,6711119.19],[438530.39,6711106.06]]]]}},{"type":"Feature","properties":{"idu":"49353000AV1558","section":"AV","numero":"1558","libelle":"AV 1558","code_insee":"49353","commune":"Trélazé","contenance":34},"geometry":{"type":"MultiPolygon","coordinates":[[[[438506.2,6711083.33],[438505.69,6711086.06],[438513.05,6711087.43],[438517.94,6711088.34],[438513.97,6711084.64],[438512.61,6711083.69],[438511.04,6711083.14],[438509.38,6711083.05],[438506.2,6711083.33]]]]}},{"type":"Feature","properties":{"idu":"49353000AV1559","section":"AV","numero":"1559","libelle":"AV 1559","code_insee":"49353","commune":"Trélazé","contenance":50},"geometry":{"type":"MultiPolygon","coordinates":[[[[438515.51,6711124.23],[438514.42,6711123.21],[438503.99,6711134.42],[438502.86,6711135.97],[438502.14,6711137.73],[438498.26,6711151.84],[438499.69,6711152.27],[438503.49,6711138.48],[438504.21,6711136.72],[438505.34,6711135.17],[438515.51,6711124.23]]]]}},{"type":"Feature","properties":{"idu":"49353000AV1560","section":"AV","numero":"1560","libelle":"AV 1560","code_insee":"49353","commune":"Trélazé","contenance":52},"geometry":{"type":"MultiPolygon","coordinates":[[[[438514.42,6711123.21],[438513.33,6711122.19],[438501.31,6711135.1],[438496.82,6711151.41],[438497.9,6711151.74],[438498.26,6711151.84],[438502.14,6711137.73],[438502.86,6711135.97],[438503.99,6711134.42],[438514.42,6711123.21]]]]}},{"type":"Feature","properties":{"idu":"49353000AV1561","section":"AV","numero":"1561","libelle":"AV 1561","code_insee":"49353","commune":"Trélazé","contenance":1941},"geometry":{"type":"MultiPolygon","coordinates":[[[[438368.53,6711133.67],[438373.46,6711132.89],[438387.48,6711129.16],[438401.96,6711125.32],[438416.43,6711121.47],[438436.02,6711116.26],[438460.19,6711120.74],[438474.01,6711123.31],[438487.81,6711125.87],[438503.07,6711128.7],[438501.31,6711135.1],[438513.33,6711122.19],[438507.59,6711116.85],[438494.84,6711114.49],[438482.09,6711112.13],[438469.33,6711109.76],[438456.58,6711107.39],[438443.83,6711105.03],[438431.09,6711102.67],[438418.34,6711100.3],[438405.59,6711097.94],[438392.84,6711095.57],[438394.85,6711108.38],[438397.22,6711123.48],[438368.14,6711131.2],[438368.53,6711133.67]]]]}},{"type":"Feature","properties":{"idu":"49353000AV1562","section":"AV","numero":"1562","libelle":"AV 1562","code_insee":"49353","commune":"Trélazé","contenance":744},"geometry":{"type":"MultiPolygon","coordinates":[[[[438572.18,6711133.22],[438571.97,6711120.76],[438568.69,6711120.9],[438544.41,6711121.95],[438537.73,6711115.73],[438530.93,6711123.04],[438527.29,6711119.64],[438525.59,6711121.46],[438529.23,6711124.86],[438524.13,6711130.34],[438520.74,6711133.99],[438517.09,6711130.59],[438510.27,6711137.92],[438509.14,6711139.47],[438508.41,6711141.24],[438504.95,6711153.85],[438506.86,6711154.42],[438510.44,6711141.39],[438528.38,6711135.13],[438549.14,6711134.22],[438563.12,6711133.62],[438572.18,6711133.22]]]]}},{"type":"Feature","properties":{"idu":"49353000AV1563","section":"AV","numero":"1563","libelle":"AV 1563","code_insee":"49353","commune":"Trélazé","contenance":492},"geometry":{"type":"MultiPolygon","coordinates":[[[[438485.9,6711165.98],[438485.96,6711175.37],[438485.88,6711196.38],[438485.82,6711209.98],[438485.82,6711221.51],[438485.79,6711232.52],[438485.77,6711238.95],[438485.76,6711245.16],[438485.71,6711251.58],[438489.08,6711251.24],[438491.94,6711251.01],[438494.09,6711250.81],[438494.0,6711249.11],[438493.32,6711234.83],[438491.47,6711197.26],[438493.3,6711171.34],[438487.39,6711169.56],[438489.69,6711161.91],[438488.56,6711161.57],[438487.13,6711166.35],[438485.9,6711165.98]]]]}},{"type":"Feature","properties":{"idu":"49353000AV1564","section":"AV","numero":"1564","libelle":"AV 1564","code_insee":"49353","commune":"Trélazé","contenance":119},"geometry":{"type":"MultiPolygon","coordinates":[[[[438494.09,6711250.81],[438494.62,6711250.76],[438495.46,6711250.76],[438495.49,6711249.08],[438494.81,6711234.78],[438494.32,6711224.81],[438493.45,6711207.25],[438492.96,6711197.29],[438494.77,6711171.78],[438493.3,6711171.34],[438491.47,6711197.26],[438493.32,6711234.83],[438494.0,6711249.11],[438494.09,6711250.81]]]]}},{"type":"Feature","properties":{"idu":"49353000AV1565","section":"AV","numero":"1565","libelle":"AV 1565","code_insee":"49353","commune":"Trélazé","contenance":88},"geometry":{"type":"MultiPolygon","coordinates":[[[[438496.72,6711172.37],[438494.77,6711171.78],[438492.96,6711197.29],[438497.94,6711197.04],[438496.72,6711172.37]]]]}},{"type":"Feature","properties":{"idu":"49353000AV1566","section":"AV","numero":"1566","libelle":"AV 1566","code_insee":"49353","commune":"Trélazé","contenance":88},"geometry":{"type":"MultiPolygon","coordinates":[[[[438498.44,6711207.0],[438493.45,6711207.25],[438494.32,6711224.81],[438499.3,6711224.57],[438498.44,6711207.0]]]]}},{"type":"Feature","properties":{"idu":"49353000AV1567","section":"AV","numero":"1567","libelle":"AV 1567","code_insee":"49353","commune":"Trélazé","contenance":75},"geometry":{"type":"MultiPolygon","coordinates":[[[[438495.46,6711250.76],[438497.47,6711250.77],[438499.57,6711250.79],[438499.9,6711242.67],[438499.8,6711234.53],[438494.81,6711234.78],[438495.49,6711249.08],[438495.46,6711250.76]]]]}},{"type":"Feature","properties":{"idu":"49353000AV1568","section":"AV","numero":"1568","libelle":"AV 1568","code_insee":"49353","commune":"Trélazé","contenance":45},"geometry":{"type":"MultiPolygon","coordinates":[[[[438505.06,6711251.02],[438507.38,6711251.18],[438507.27,6711234.29],[438506.93,6711227.48],[438505.02,6711229.19],[438505.27,6711234.28],[438505.39,6711242.58],[438505.06,6711251.02]]]]}},{"type":"Feature","properties":{"idu":"49353000AV1569","section":"AV","numero":"1569","libelle":"AV 1569","code_insee":"49353","commune":"Trélazé","contenance":76},"geometry":{"type":"MultiPolygon","coordinates":[[[[438504.12,6711210.84],[438506.23,6711213.21],[438505.21,6711192.43],[438504.32,6711174.65],[438502.3,6711174.04],[438504.12,6711210.84]]]]}},{"type":"Feature","properties":{"idu":"49353000AV1570","section":"AV","numero":"1570","libelle":"AV 1570","code_insee":"49353","commune":"Trélazé","contenance":404},"geometry":{"type":"MultiPolygon","coordinates":[[[[438339.62,6711182.52],[438292.19,6711190.66],[438271.09,6711191.98],[438271.61,6711194.11],[438272.44,6711197.56],[438272.91,6711199.22],[438273.77,6711202.25],[438274.25,6711203.34],[438291.62,6711198.22],[438307.05,6711193.61],[438315.55,6711191.11],[438342.19,6711183.12],[438347.23,6711181.63],[438346.14,6711179.36],[438339.62,6711182.52]]]]}},{"type":"Feature","properties":{"idu":"49353000AV1571","section":"AV","numero":"1571","libelle":"AV 1571","code_insee":"49353","commune":"Trélazé","contenance":5148},"geometry":{"type":"MultiPolygon","coordinates":[[[[438347.23,6711181.63],[438367.26,6711175.67],[438373.96,6711173.53],[438376.03,6711171.56],[438386.91,6711168.15],[438400.23,6711163.97],[438413.56,6711159.8],[438426.88,6711155.61],[438443.32,6711150.45],[438444.22,6711150.44],[438455.71,6711146.64],[438457.55,6711146.02],[438453.01,6711144.66],[438447.28,6711142.94],[438437.32,6711146.07],[438425.32,6711149.83],[438411.05,6711154.31],[438396.77,6711158.78],[438380.3,6711163.95],[438372.54,6711159.08],[438370.09,6711143.52],[438375.01,6711142.75],[438373.46,6711132.89],[438368.53,6711133.67],[438368.14,6711131.2],[438365.28,6711113.04],[438363.27,6711100.22],[438359.55,6711076.6],[438364.09,6711069.84],[438375.24,6711067.2],[438386.26,6711064.61],[438389.55,6711064.52],[438398.29,6711066.14],[438411.04,6711068.52],[438423.79,6711070.88],[438436.54,6711073.24],[438449.29,6711075.6],[438462.04,6711077.97],[438474.8,6711080.34],[438487.55,6711082.7],[438500.3,6711085.06],[438505.69,6711086.06],[438506.2,6711083.33],[438509.38,6711083.05],[438511.04,6711083.14],[438512.61,6711083.69],[438513.97,6711084.64],[438517.94,6711088.34],[438530.16,6711099.71],[438530.31,6711103.94],[438530.39,6711106.06],[438530.47,6711108.17],[438519.25,6711120.21],[438518.16,6711119.19],[438517.06,6711118.17],[438513.33,6711122.19],[438514.42,6711123.21],[438515.51,6711124.23],[438505.34,6711135.17],[438504.21,6711136.72],[438503.49,6711138.48],[438499.69,6711152.27],[438498.26,6711151.84],[438497.9,6711151.74],[438496.82,6711151.41],[438496.46,6711151.31],[438493.17,6711150.31],[438491.41,6711156.18],[438485.83,6711154.5],[438485.9,6711165.98],[438487.13,6711166.35],[438488.56,6711161.57],[438489.69,6711161.91],[438487.39,6711169.56],[438493.3,6711171.34],[438494.77,6711171.78],[438496.72,6711172.37],[438497.94,6711197.04],[438492.96,6711197.29],[438493.45,6711207.25],[438498.44,6711207.0],[438499.3,6711224.57],[438494.32,6711224.81],[438494.81,6711234.78],[438499.8,6711234.53],[438499.9,6711242.67],[438499.57,6711250.79],[438501.34,6711250.82],[438502.87,6711250.89],[438505.06,6711251.02],[438505.39,6711242.58],[438505.27,6711234.28],[438505.02,6711229.19],[438506.93,6711227.48],[438511.97,6711222.98],[438527.11,6711225.46],[438540.89,6711227.71],[438554.67,6711229.95],[438568.46,6711229.98],[438573.79,6711229.99],[438573.69,6711224.0],[438568.47,6711223.99],[438555.16,6711223.97],[438543.35,6711222.04],[438531.54,6711220.11],[438519.72,6711218.18],[438509.14,6711216.46],[438506.23,6711213.21],[438504.12,6711210.84],[438502.3,6711174.04],[438504.32,6711174.65],[438507.7,6711175.66],[438510.0,6711168.0],[438526.76,6711173.04],[438539.9,6711170.63],[438552.7,6711168.3],[438565.61,6711167.05],[438572.73,6711166.36],[438572.64,6711160.35],[438565.77,6711161.02],[438551.87,6711162.36],[438533.95,6711165.63],[438527.1,6711166.89],[438511.72,6711162.27],[438513.47,6711156.41],[438506.86,6711154.42],[438504.95,6711153.85],[438508.41,6711141.24],[438509.14,6711139.47],[438510.27,6711137.92],[438517.09,6711130.59],[438520.74,6711133.99],[438524.13,6711130.34],[438529.23,6711124.86],[438525.59,6711121.46],[438527.29,6711119.64],[438530.93,6711123.04],[438537.73,6711115.73],[438534.08,6711112.33],[438547.69,6711097.72],[438552.81,6711094.62],[438558.36,6711091.27],[438571.41,6711087.42],[438571.27,6711078.61],[438570.29,6711078.9],[438565.02,6711080.46],[438565.45,6711081.89],[438565.87,6711083.33],[438554.17,6711086.78],[438550.87,6711088.09],[438547.85,6711089.96],[438545.21,6711092.32],[438542.7,6711095.02],[438540.58,6711095.1],[438538.47,6711095.18],[438534.24,6711095.33],[438524.38,6711086.15],[438514.16,6711076.64],[438496.01,6711078.18],[438492.12,6711077.46],[438478.39,6711074.91],[438464.66,6711072.37],[438450.93,6711069.82],[438437.19,6711067.28],[438423.46,6711064.73],[438409.74,6711062.18],[438392.01,6711058.9],[438387.74,6711058.1],[438384.92,6711058.77],[438383.77,6711053.92],[438376.97,6711055.52],[438369.21,6711057.36],[438370.36,6711062.21],[438362.59,6711064.04],[438355.8,6711065.65],[438352.76,6711071.93],[438354.97,6711086.0],[438357.14,6711099.79],[438359.32,6711113.59],[438361.49,6711127.39],[438363.66,6711141.18],[438365.84,6711154.98],[438367.31,6711164.38],[438363.99,6711170.7],[438346.14,6711179.36],[438347.23,6711181.63]]]]}},{"type":"Feature","properties":{"idu":"49353000AV1572","section":"AV","numero":"1572","libelle":"AV 1572","code_insee":"49353","commune":"Trélazé","contenance":1},"geometry":{"type":"MultiPolygon","coordinates":[[[[438322.75,6711075.67],[438322.62,6711076.37],[438323.06,6711076.46],[438322.75,6711075.67]]]]}},{"type":"Feature","properties":{"idu":"49353000AV1573","section":"AV","numero":"1573","libelle":"AV 1573","code_insee":"49353","commune":"Trélazé","contenance":283},"geometry":{"type":"MultiPolygon","coordinates":[[[[438322.75,6711075.67],[438323.81,6711069.68],[438320.57,6711069.06],[438322.76,6711057.23],[438318.63,6711033.61],[438306.76,6711038.73],[438318.54,6711065.08],[438322.75,6711075.67]]]]}},{"type":"Feature","properties":{"idu":"49353000AV1574","section":"AV","numero":"1574","libelle":"AV 1574","code_insee":"49353","commune":"Trélazé","contenance":9530},"geometry":{"type":"MultiPolygon","coordinates":[[[[438306.76,6711038.73],[438298.92,6711042.13],[438282.63,6711049.24],[438255.68,6711061.03],[438256.3,6711067.87],[438256.63,6711071.7],[438257.0,6711075.83],[438257.31,6711079.51],[438257.69,6711083.86],[438258.0,6711086.98],[438258.35,6711091.32],[438258.63,6711094.44],[438258.84,6711097.26],[438259.14,6711100.56],[438259.42,6711104.31],[438259.61,6711106.48],[438259.75,6711108.7],[438259.87,6711111.08],[438260.07,6711114.73],[438260.25,6711117.49],[438260.38,6711120.21],[438260.58,6711123.55],[438260.78,6711127.04],[438260.95,6711130.11],[438261.08,6711133.21],[438261.28,6711137.04],[438261.5,6711141.03],[438261.62,6711143.34],[438261.94,6711147.22],[438262.27,6711150.11],[438262.4,6711151.34],[438262.59,6711152.66],[438262.94,6711155.02],[438263.29,6711157.37],[438263.68,6711159.81],[438263.94,6711160.94],[438264.25,6711162.65],[438264.75,6711164.87],[438265.41,6711168.09],[438266.22,6711171.93],[438266.72,6711174.13],[438266.9,6711175.05],[438267.37,6711176.78],[438267.98,6711179.24],[438268.79,6711182.45],[438269.38,6711184.81],[438269.96,6711187.43],[438270.79,6711190.76],[438271.09,6711191.98],[438292.19,6711190.66],[438339.62,6711182.52],[438336.05,6711159.67],[438333.89,6711145.87],[438331.74,6711132.07],[438329.59,6711118.27],[438327.43,6711104.48],[438325.28,6711090.68],[438323.06,6711076.46],[438322.62,6711076.37],[438322.75,6711075.67],[438318.54,6711065.08],[438306.76,6711038.73]]]]}},{"type":"Feature","properties":{"idu":"49353000AV1575","section":"AV","numero":"1575","libelle":"AV 1575","code_insee":"49353","commune":"Trélazé","contenance":2821},"geometry":{"type":"MultiPolygon","coordinates":[[[[438637.01,6710978.77],[438631.28,6710979.33],[438630.44,6710981.8],[438612.75,6710981.12],[438612.79,6710980.08],[438611.54,6710980.03],[438611.5,6710981.08],[438608.26,6710980.96],[438587.46,6710990.39],[438588.48,6710998.12],[438589.99,6711007.08],[438592.41,6711015.03],[438596.28,6711022.29],[438604.33,6711031.27],[438614.78,6711040.21],[438618.02,6711036.42],[438625.64,6711042.95],[438651.7,6711013.19],[438648.73,6710978.04],[438637.01,6710978.77]],[[438606.48,6710998.33],[438618.32,6710996.85],[438619.03,6711002.21],[438607.18,6711003.71],[438606.48,6710998.33]]]]}},{"type":"Feature","properties":{"idu":"49353000AV1576","section":"AV","numero":"1576","libelle":"AV 1576","code_insee":"49353","commune":"Trélazé","contenance":675},"geometry":{"type":"MultiPolygon","coordinates":[[[[438660.81,6711012.2],[438658.09,6711012.54],[438651.7,6711013.19],[438625.64,6711042.95],[438622.35,6711046.7],[438632.97,6711055.78],[438664.09,6711020.74],[438663.52,6711011.88],[438660.81,6711012.2]]]]}},{"type":"Feature","properties":{"idu":"49353000AV1577","section":"AV","numero":"1577","libelle":"AV 1577","code_insee":"49353","commune":"Trélazé","contenance":538},"geometry":{"type":"MultiPolygon","coordinates":[[[[438632.97,6711055.78],[438640.5,6711062.22],[438643.29,6711065.2],[438662.91,6711042.26],[438664.57,6711028.35],[438664.45,6711026.53],[438664.09,6711020.74],[438632.97,6711055.78]]]]}},{"type":"Feature","properties":{"idu":"49353000AV1578","section":"AV","numero":"1578","libelle":"AV 1578","code_insee":"49353","commune":"Trélazé","contenance":459},"geometry":{"type":"MultiPolygon","coordinates":[[[[438643.29,6711065.2],[438652.92,6711075.46],[438655.89,6711076.43],[438658.74,6711076.18],[438667.42,6711074.52],[438662.91,6711042.26],[438643.29,6711065.2]]]]}},{"type":"Feature","properties":{"idu":"49353000AV1579","section":"AV","numero":"1579","libelle":"AV 1579","code_insee":"49353","commune":"Trélazé","contenance":617},"geometry":{"type":"MultiPolygon","coordinates":[[[[438664.57,6711028.35],[438662.91,6711042.26],[438667.42,6711074.52],[438675.86,6711072.87],[438678.51,6711072.18],[438682.24,6711070.6],[438681.35,6711064.21],[438676.46,6711029.37],[438676.16,6711027.24],[438664.57,6711028.35]]]]}},{"type":"Feature","properties":{"idu":"49353000AV1580","section":"AV","numero":"1580","libelle":"AV 1580","code_insee":"49353","commune":"Trélazé","contenance":598},"geometry":{"type":"MultiPolygon","coordinates":[[[[438574.32,6710996.06],[438572.2,6710996.97],[438567.42,6710999.06],[438559.05,6711002.72],[438559.1,6711008.79],[438560.15,6711026.64],[438560.52,6711033.18],[438582.54,6711018.3],[438580.07,6711005.55],[438577.94,6710994.5],[438574.32,6710996.06]]]]}},{"type":"Feature","properties":{"idu":"49353000AV1581","section":"AV","numero":"1581","libelle":"AV 1581","code_insee":"49353","commune":"Trélazé","contenance":608},"geometry":{"type":"MultiPolygon","coordinates":[[[[438560.52,6711033.18],[438561.32,6711047.43],[438576.15,6711046.88],[438594.93,6711035.7],[438591.05,6711031.05],[438587.71,6711026.05],[438582.54,6711018.3],[438560.52,6711033.18]]]]}},{"type":"Feature","properties":{"idu":"49353000AV1582","section":"AV","numero":"1582","libelle":"AV 1582","code_insee":"49353","commune":"Trélazé","contenance":413},"geometry":{"type":"MultiPolygon","coordinates":[[[[438576.15,6711046.88],[438590.54,6711063.37],[438606.14,6711045.3],[438601.22,6711041.08],[438594.93,6711035.7],[438576.15,6711046.88]]]]}},{"type":"Feature","properties":{"idu":"49353000AV1583","section":"AV","numero":"1583","libelle":"AV 1583","code_insee":"49353","commune":"Trélazé","contenance":374},"geometry":{"type":"MultiPolygon","coordinates":[[[[438590.54,6711063.37],[438597.17,6711070.96],[438600.82,6711074.37],[438617.51,6711055.03],[438614.86,6711052.76],[438606.14,6711045.3],[438590.54,6711063.37]]]]}},{"type":"Feature","properties":{"idu":"49353000AV1584","section":"AV","numero":"1584","libelle":"AV 1584","code_insee":"49353","commune":"Trélazé","contenance":466},"geometry":{"type":"MultiPolygon","coordinates":[[[[438629.76,6711065.52],[438627.63,6711063.68],[438626.61,6711062.81],[438617.51,6711055.03],[438600.82,6711074.37],[438605.17,6711078.44],[438625.91,6711079.67],[438631.04,6711073.81],[438631.27,6711066.83],[438629.76,6711065.52]]]]}},{"type":"Feature","properties":{"idu":"49353000AV1585","section":"AV","numero":"1585","libelle":"AV 1585","code_insee":"49353","commune":"Trélazé","contenance":486},"geometry":{"type":"MultiPolygon","coordinates":[[[[438561.32,6711047.43],[438570.75,6711047.33],[438571.27,6711078.61],[438575.54,6711077.35],[438597.17,6711070.96],[438590.54,6711063.37],[438576.15,6711046.88],[438561.32,6711047.43]]]]}},{"type":"Feature","properties":{"idu":"49353000AV1586","section":"AV","numero":"1586","libelle":"AV 1586","code_insee":"49353","commune":"Trélazé","contenance":243},"geometry":{"type":"MultiPolygon","coordinates":[[[[438579.81,6711085.42],[438577.08,6711085.74],[438571.41,6711087.42],[438571.97,6711120.76],[438577.73,6711120.51],[438579.81,6711085.42]]]]}},{"type":"Feature","properties":{"idu":"49353000AV1587","section":"AV","numero":"1587","libelle":"AV 1587","code_insee":"49353","commune":"Trélazé","contenance":517},"geometry":{"type":"MultiPolygon","coordinates":[[[[438577.73,6711120.51],[438592.76,6711119.86],[438594.75,6711086.32],[438579.81,6711085.42],[438577.73,6711120.51]]]]}},{"type":"Feature","properties":{"idu":"49353000AV1588","section":"AV","numero":"1588","libelle":"AV 1588","code_insee":"49353","commune":"Trélazé","contenance":513},"geometry":{"type":"MultiPolygon","coordinates":[[[[438592.76,6711119.86],[438608.38,6711119.19],[438610.28,6711087.24],[438594.75,6711086.32],[438592.76,6711119.86]]]]}},{"type":"Feature","properties":{"idu":"49353000AV1589","section":"AV","numero":"1589","libelle":"AV 1589","code_insee":"49353","commune":"Trélazé","contenance":492},"geometry":{"type":"MultiPolygon","coordinates":[[[[438627.94,6711118.33],[438624.42,6711095.34],[438618.47,6711087.72],[438610.28,6711087.24],[438608.38,6711119.19],[438627.94,6711118.33]]]]}},{"type":"Feature","properties":{"idu":"49353000AV1590","section":"AV","numero":"1590","libelle":"AV 1590","code_insee":"49353","commune":"Trélazé","contenance":162},"geometry":{"type":"MultiPolygon","coordinates":[[[[438577.09,6711133.01],[438572.18,6711133.22],[438572.64,6711160.35],[438579.67,6711159.67],[438577.09,6711133.01]]]]}},{"type":"Feature","properties":{"idu":"49353000AV1591","section":"AV","numero":"1591","libelle":"AV 1591","code_insee":"49353","commune":"Trélazé","contenance":388},"geometry":{"type":"MultiPolygon","coordinates":[[[[438591.06,6711132.41],[438577.09,6711133.01],[438579.67,6711159.67],[438593.81,6711160.75],[438591.06,6711132.41]]]]}},{"type":"Feature","properties":{"idu":"49353000AV1592","section":"AV","numero":"1592","libelle":"AV 1592","code_insee":"49353","commune":"Trélazé","contenance":411},"geometry":{"type":"MultiPolygon","coordinates":[[[[438593.81,6711160.75],[438607.95,6711161.83],[438605.04,6711131.8],[438591.06,6711132.41],[438593.81,6711160.75]]]]}},{"type":"Feature","properties":{"idu":"49353000AV1593","section":"AV","numero":"1593","libelle":"AV 1593","code_insee":"49353","commune":"Trélazé","contenance":738},"geometry":{"type":"MultiPolygon","coordinates":[[[[438607.95,6711161.83],[438627.29,6711163.31],[438633.67,6711156.46],[438631.29,6711140.6],[438626.36,6711141.33],[438624.8,6711130.95],[438605.04,6711131.8],[438607.95,6711161.83]]]]}},{"type":"Feature","properties":{"idu":"49353000AV1594","section":"AV","numero":"1594","libelle":"AV 1594","code_insee":"49353","commune":"Trélazé","contenance":252},"geometry":{"type":"MultiPolygon","coordinates":[[[[438572.73,6711166.36],[438573.24,6711197.03],[438577.47,6711196.98],[438582.49,6711196.48],[438579.74,6711165.68],[438572.73,6711166.36]]]]}},{"type":"Feature","properties":{"idu":"49353000AV1595","section":"AV","numero":"1595","libelle":"AV 1595","code_insee":"49353","commune":"Trélazé","contenance":413},"geometry":{"type":"MultiPolygon","coordinates":[[[[438591.39,6711195.58],[438596.39,6711195.08],[438593.64,6711166.74],[438579.74,6711165.68],[438582.49,6711196.48],[438591.39,6711195.58]]]]}},{"type":"Feature","properties":{"idu":"49353000AV1596","section":"AV","numero":"1596","libelle":"AV 1596","code_insee":"49353","commune":"Trélazé","contenance":382},"geometry":{"type":"MultiPolygon","coordinates":[[[[438605.31,6711194.19],[438610.29,6711193.69],[438607.78,6711167.82],[438593.64,6711166.74],[438596.39,6711195.08],[438605.31,6711194.19]]]]}},{"type":"Feature","properties":{"idu":"49353000AV1597","section":"AV","numero":"1597","libelle":"AV 1597","code_insee":"49353","commune":"Trélazé","contenance":463},"geometry":{"type":"MultiPolygon","coordinates":[[[[438627.89,6711191.92],[438629.37,6711175.56],[438623.87,6711169.05],[438607.78,6711167.82],[438610.29,6711193.69],[438627.89,6711191.92]]]]}},{"type":"Feature","properties":{"idu":"49353000AV1598","section":"AV","numero":"1598","libelle":"AV 1598","code_insee":"49353","commune":"Trélazé","contenance":167},"geometry":{"type":"MultiPolygon","coordinates":[[[[438577.47,6711196.98],[438573.24,6711197.03],[438573.69,6711224.0],[438581.78,6711224.02],[438577.47,6711196.98]]]]}},{"type":"Feature","properties":{"idu":"49353000AV1599","section":"AV","numero":"1599","libelle":"AV 1599","code_insee":"49353","commune":"Trélazé","contenance":380},"geometry":{"type":"MultiPolygon","coordinates":[[[[438591.39,6711195.58],[438582.49,6711196.48],[438577.47,6711196.98],[438581.78,6711224.02],[438595.57,6711221.82],[438591.39,6711195.58]]]]}},{"type":"Feature","properties":{"idu":"49353000AV1600","section":"AV","numero":"1600","libelle":"AV 1600","code_insee":"49353","commune":"Trélazé","contenance":367},"geometry":{"type":"MultiPolygon","coordinates":[[[[438596.39,6711195.08],[438591.39,6711195.58],[438595.57,6711221.82],[438609.36,6711219.62],[438605.31,6711194.19],[438596.39,6711195.08]]]]}},{"type":"Feature","properties":{"idu":"49353000AV1601","section":"AV","numero":"1601","libelle":"AV 1601","code_insee":"49353","commune":"Trélazé","contenance":491},"geometry":{"type":"MultiPolygon","coordinates":[[[[438610.29,6711193.69],[438605.31,6711194.19],[438609.36,6711219.62],[438622.84,6711217.48],[438625.93,6711213.68],[438627.89,6711191.92],[438610.29,6711193.69]]]]}},{"type":"Feature","properties":{"idu":"49353000AV1602","section":"AV","numero":"1602","libelle":"AV 1602","code_insee":"49353","commune":"Trélazé","contenance":287},"geometry":{"type":"MultiPolygon","coordinates":[[[[438582.25,6711230.01],[438573.79,6711229.99],[438574.26,6711258.34],[438577.07,6711256.65],[438583.72,6711255.78],[438586.35,6711255.45],[438582.25,6711230.01]]]]}},{"type":"Feature","properties":{"idu":"49353000AV1603","section":"AV","numero":"1603","libelle":"AV 1603","code_insee":"49353","commune":"Trélazé","contenance":385},"geometry":{"type":"MultiPolygon","coordinates":[[[[438596.04,6711227.81],[438582.25,6711230.01],[438586.35,6711255.45],[438592.19,6711254.72],[438598.04,6711254.02],[438600.21,6711253.74],[438596.04,6711227.81]]]]}},{"type":"Feature","properties":{"idu":"49353000AV1604","section":"AV","numero":"1604","libelle":"AV 1604","code_insee":"49353","commune":"Trélazé","contenance":393},"geometry":{"type":"MultiPolygon","coordinates":[[[[438609.83,6711225.6],[438596.04,6711227.81],[438600.21,6711253.74],[438603.65,6711253.29],[438606.84,6711252.95],[438609.27,6711252.76],[438610.77,6711252.65],[438614.2,6711252.41],[438609.83,6711225.6]]]]}},{"type":"Feature","properties":{"idu":"49353000AV1605","section":"AV","numero":"1605","libelle":"AV 1605","code_insee":"49353","commune":"Trélazé","contenance":469},"geometry":{"type":"MultiPolygon","coordinates":[[[[438626.03,6711223.02],[438609.83,6711225.6],[438614.2,6711252.41],[438614.48,6711252.39],[438618.11,6711252.17],[438621.85,6711251.86],[438625.11,6711251.66],[438628.3,6711250.46],[438630.29,6711249.75],[438626.03,6711223.02]]]]}},{"type":"Feature","properties":{"idu":"49353000AV1606","section":"AV","numero":"1606","libelle":"AV 1606","code_insee":"49353","commune":"Trélazé","contenance":606},"geometry":{"type":"MultiPolygon","coordinates":[[[[438631.72,6711216.05],[438626.03,6711223.02],[438630.29,6711249.75],[438653.99,6711241.3],[438654.86,6711231.62],[438631.72,6711216.05]]]]}},{"type":"Feature","properties":{"idu":"49353000AV1607","section":"AV","numero":"1607","libelle":"AV 1607","code_insee":"49353","commune":"Trélazé","contenance":497},"geometry":{"type":"MultiPolygon","coordinates":[[[[438632.94,6711202.58],[438631.72,6711216.05],[438654.86,6711231.62],[438657.29,6711204.78],[438632.94,6711202.58]]]]}},{"type":"Feature","properties":{"idu":"49353000AV1608","section":"AV","numero":"1608","libelle":"AV 1608","code_insee":"49353","commune":"Trélazé","contenance":327},"geometry":{"type":"MultiPolygon","coordinates":[[[[438634.13,6711189.34],[438632.94,6711202.58],[438657.29,6711204.78],[438658.48,6711191.53],[438634.13,6711189.34]]]]}},{"type":"Feature","properties":{"idu":"49353000AV1609","section":"AV","numero":"1609","libelle":"AV 1609","code_insee":"49353","commune":"Trélazé","contenance":345},"geometry":{"type":"MultiPolygon","coordinates":[[[[438635.32,6711176.09],[438634.13,6711189.34],[438658.48,6711191.53],[438659.8,6711176.79],[438635.32,6711176.09]]]]}},{"type":"Feature","properties":{"idu":"49353000AV1610","section":"AV","numero":"1610","libelle":"AV 1610","code_insee":"49353","commune":"Trélazé","contenance":426},"geometry":{"type":"MultiPolygon","coordinates":[[[[438639.76,6711156.68],[438635.32,6711176.09],[438659.8,6711176.79],[438662.97,6711161.47],[438639.76,6711156.68]]]]}},{"type":"Feature","properties":{"idu":"49353000AV1611","section":"AV","numero":"1611","libelle":"AV 1611","code_insee":"49353","commune":"Trélazé","contenance":516},"geometry":{"type":"MultiPolygon","coordinates":[[[[438639.76,6711156.68],[438662.97,6711161.47],[438665.65,6711148.5],[438663.73,6711137.43],[438637.46,6711141.42],[438639.76,6711156.68]]]]}},{"type":"Feature","properties":{"idu":"49353000AV1612","section":"AV","numero":"1612","libelle":"AV 1612","code_insee":"49353","commune":"Trélazé","contenance":397},"geometry":{"type":"MultiPolygon","coordinates":[[[[438637.46,6711141.42],[438663.73,6711137.43],[438661.15,6711122.69],[438635.24,6711126.62],[438637.46,6711141.42]]]]}},{"type":"Feature","properties":{"idu":"49353000AV1613","section":"AV","numero":"1613","libelle":"AV 1613","code_insee":"49353","commune":"Trélazé","contenance":318},"geometry":{"type":"MultiPolygon","coordinates":[[[[438633.45,6711114.78],[438635.24,6711126.62],[438661.15,6711122.69],[438659.74,6711110.76],[438633.45,6711114.78]]]]}},{"type":"Feature","properties":{"idu":"49353000AV1614","section":"AV","numero":"1614","libelle":"AV 1614","code_insee":"49353","commune":"Trélazé","contenance":323},"geometry":{"type":"MultiPolygon","coordinates":[[[[438631.63,6711102.95],[438633.45,6711114.78],[438659.74,6711110.76],[438658.99,6711104.46],[438658.41,6711098.85],[438631.63,6711102.95]]]]}},{"type":"Feature","properties":{"idu":"49353000AV1615","section":"AV","numero":"1615","libelle":"AV 1615","code_insee":"49353","commune":"Trélazé","contenance":495},"geometry":{"type":"MultiPolygon","coordinates":[[[[438635.26,6711080.35],[438631.68,6711084.46],[438630.32,6711094.3],[438631.63,6711102.95],[438658.41,6711098.85],[438657.22,6711087.13],[438653.74,6711086.43],[438645.05,6711080.17],[438635.26,6711080.35]]]]}},{"type":"Feature","properties":{"idu":"49353000AV1616","section":"AV","numero":"1616","libelle":"AV 1616","code_insee":"49353","commune":"Trélazé","contenance":31},"geometry":{"type":"MultiPolygon","coordinates":[[[[438580.07,6711005.55],[438582.48,6711005.12],[438581.88,6710998.79],[438581.39,6710993.02],[438577.94,6710994.5],[438580.07,6711005.55]]]]}},{"type":"Feature","properties":{"idu":"49353000AV1617","section":"AV","numero":"1617","libelle":"AV 1617","code_insee":"49353","commune":"Trélazé","contenance":21},"geometry":{"type":"MultiPolygon","coordinates":[[[[438587.71,6711026.05],[438589.46,6711024.6],[438587.75,6711021.58],[438586.28,6711018.43],[438582.54,6711018.3],[438587.71,6711026.05]]]]}},{"type":"Feature","properties":{"idu":"49353000AV1618","section":"AV","numero":"1618","libelle":"AV 1618","code_insee":"49353","commune":"Trélazé","contenance":20},"geometry":{"type":"MultiPolygon","coordinates":[[[[438601.22,6711041.08],[438602.85,6711039.19],[438599.71,6711036.52],[438597.35,6711034.27],[438594.93,6711035.7],[438601.22,6711041.08]]]]}},{"type":"Feature","properties":{"idu":"49353000AV1619","section":"AV","numero":"1619","libelle":"AV 1619","code_insee":"49353","commune":"Trélazé","contenance":9},"geometry":{"type":"MultiPolygon","coordinates":[[[[438614.86,6711052.76],[438617.51,6711055.03],[438619.14,6711053.14],[438617.57,6711051.79],[438616.48,6711050.87],[438614.86,6711052.76]]]]}},{"type":"Feature","properties":{"idu":"49353000AV1620","section":"AV","numero":"1620","libelle":"AV 1620","code_insee":"49353","commune":"Trélazé","contenance":10},"geometry":{"type":"MultiPolygon","coordinates":[[[[438626.61,6711062.81],[438627.63,6711063.68],[438629.76,6711065.52],[438631.31,6711063.56],[438629.26,6711061.8],[438628.23,6711060.92],[438626.61,6711062.81]]]]}},{"type":"Feature","properties":{"idu":"49353000AV1621","section":"AV","numero":"1621","libelle":"AV 1621","code_insee":"49353","commune":"Trélazé","contenance":70},"geometry":{"type":"MultiPolygon","coordinates":[[[[438587.47,6711075.39],[438599.92,6711076.13],[438599.62,6711081.11],[438622.39,6711082.47],[438624.52,6711082.2],[438626.42,6711081.2],[438604.54,6711079.9],[438596.77,6711072.64],[438587.47,6711075.39]]]]}},{"type":"Feature","properties":{"idu":"49353000AV1622","section":"AV","numero":"1622","libelle":"AV 1622","code_insee":"49353","commune":"Trélazé","contenance":34},"geometry":{"type":"MultiPolygon","coordinates":[[[[438587.47,6711075.39],[438575.97,6711078.78],[438576.44,6711080.2],[438577.8,6711079.92],[438579.18,6711079.9],[438587.17,6711080.37],[438587.47,6711075.39]]]]}},{"type":"Feature","properties":{"idu":"49353000AV1623","section":"AV","numero":"1623","libelle":"AV 1623","code_insee":"49353","commune":"Trélazé","contenance":112},"geometry":{"type":"MultiPolygon","coordinates":[[[[438629.76,6711065.52],[438631.27,6711066.83],[438631.04,6711073.81],[438625.91,6711079.67],[438605.17,6711078.44],[438600.82,6711074.37],[438597.17,6711070.96],[438575.54,6711077.35],[438575.97,6711078.78],[438587.47,6711075.39],[438596.77,6711072.64],[438604.54,6711079.9],[438626.42,6711081.2],[438627.25,6711080.43],[438632.55,6711074.39],[438632.86,6711064.84],[438631.31,6711063.56],[438629.76,6711065.52]]]]}},{"type":"Feature","properties":{"idu":"49353000AV1624","section":"AV","numero":"1624","libelle":"AV 1624","code_insee":"49353","commune":"Trélazé","contenance":711},"geometry":{"type":"MultiPolygon","coordinates":[[[[438608.38,6711119.19],[438592.76,6711119.86],[438577.73,6711120.51],[438571.97,6711120.76],[438572.18,6711133.22],[438577.09,6711133.01],[438591.06,6711132.41],[438605.04,6711131.8],[438624.8,6711130.95],[438629.81,6711130.73],[438627.94,6711118.33],[438608.38,6711119.19]]]]}},{"type":"Feature","properties":{"idu":"49353000AV1625","section":"AV","numero":"1625","libelle":"AV 1625","code_insee":"49353","commune":"Trélazé","contenance":3190},"geometry":{"type":"MultiPolygon","coordinates":[[[[438587.1,6710990.56],[438586.19,6710990.97],[438581.39,6710993.02],[438581.88,6710998.79],[438582.48,6711005.12],[438580.07,6711005.55],[438582.54,6711018.3],[438586.28,6711018.43],[438587.75,6711021.58],[438589.46,6711024.6],[438587.71,6711026.05],[438591.05,6711031.05],[438594.93,6711035.7],[438597.35,6711034.27],[438599.71,6711036.52],[438602.85,6711039.19],[438601.22,6711041.08],[438606.14,6711045.3],[438614.86,6711052.76],[438616.48,6711050.87],[438617.57,6711051.79],[438619.14,6711053.14],[438617.51,6711055.03],[438626.61,6711062.81],[438628.23,6711060.92],[438629.26,6711061.8],[438631.31,6711063.56],[438632.86,6711064.84],[438632.55,6711074.39],[438627.25,6711080.43],[438626.42,6711081.2],[438624.52,6711082.2],[438622.39,6711082.47],[438599.62,6711081.11],[438599.92,6711076.13],[438587.47,6711075.39],[438587.17,6711080.37],[438579.18,6711079.9],[438577.8,6711079.92],[438576.44,6711080.2],[438575.97,6711078.78],[438575.54,6711077.35],[438571.27,6711078.61],[438571.41,6711087.42],[438577.08,6711085.74],[438579.81,6711085.42],[438594.75,6711086.32],[438610.28,6711087.24],[438618.47,6711087.72],[438624.42,6711095.34],[438627.94,6711118.33],[438629.81,6711130.73],[438624.8,6711130.95],[438626.36,6711141.33],[438631.29,6711140.6],[438633.67,6711156.46],[438627.29,6711163.31],[438607.95,6711161.83],[438593.81,6711160.75],[438579.67,6711159.67],[438572.64,6711160.35],[438572.73,6711166.36],[438579.74,6711165.68],[438593.64,6711166.74],[438607.78,6711167.82],[438623.87,6711169.05],[438629.37,6711175.56],[438627.89,6711191.92],[438625.93,6711213.68],[438622.84,6711217.48],[438609.36,6711219.62],[438595.57,6711221.82],[438581.78,6711224.02],[438573.69,6711224.0],[438573.79,6711229.99],[438582.25,6711230.01],[438596.04,6711227.81],[438609.83,6711225.6],[438626.03,6711223.02],[438631.72,6711216.05],[438632.94,6711202.58],[438634.13,6711189.34],[438635.32,6711176.09],[438639.76,6711156.68],[438637.46,6711141.42],[438635.24,6711126.62],[438633.45,6711114.78],[438631.63,6711102.95],[438630.32,6711094.3],[438631.68,6711084.46],[438635.26,6711080.35],[438645.05,6711080.17],[438653.74,6711086.43],[438657.22,6711087.13],[438655.89,6711076.43],[438652.92,6711075.46],[438643.29,6711065.2],[438640.5,6711062.22],[438632.97,6711055.78],[438622.35,6711046.7],[438625.64,6711042.95],[438618.02,6711036.42],[438614.78,6711040.21],[438604.33,6711031.27],[438596.28,6711022.29],[438592.41,6711015.03],[438589.99,6711007.08],[438588.48,6710998.12],[438587.46,6710990.39],[438587.1,6710990.56]]]]}},{"type":"Feature","properties":{"idu":"49353000AV1626","section":"AV","numero":"1626","libelle":"AV 1626","code_insee":"49353","commune":"Trélazé","contenance":4383},"geometry":{"type":"MultiPolygon","coordinates":[[[[438655.89,6711076.43],[438657.22,6711087.13],[438658.41,6711098.85],[438658.99,6711104.46],[438659.74,6711110.76],[438661.15,6711122.69],[438663.73,6711137.43],[438665.65,6711148.5],[438662.97,6711161.47],[438659.8,6711176.79],[438658.48,6711191.53],[438657.29,6711204.78],[438654.86,6711231.62],[438653.99,6711241.3],[438630.29,6711249.75],[438628.3,6711250.46],[438625.11,6711251.66],[438630.23,6711251.34],[438644.6,6711250.37],[438665.14,6711249.12],[438665.14,6711226.92],[438665.14,6711206.42],[438665.21,6711189.73],[438665.22,6711187.11],[438665.29,6711167.72],[438665.58,6711166.67],[438670.38,6711149.07],[438674.59,6711132.43],[438675.43,6711113.73],[438684.34,6711114.1],[438691.76,6711113.78],[438705.73,6711113.27],[438710.64,6711113.07],[438714.93,6711112.61],[438719.49,6711112.1],[438723.44,6711111.67],[438719.17,6711060.5],[438713.26,6711061.1],[438712.88,6711057.27],[438712.38,6711057.27],[438711.97,6711052.62],[438695.9,6711054.22],[438694.66,6711054.42],[438693.9,6711054.85],[438693.5,6711055.08],[438693.38,6711055.43],[438693.19,6711055.63],[438692.94,6711056.36],[438692.75,6711056.88],[438692.99,6711058.83],[438693.15,6711060.07],[438693.45,6711062.54],[438687.45,6711063.37],[438681.35,6711064.21],[438682.24,6711070.6],[438678.51,6711072.18],[438675.86,6711072.87],[438667.42,6711074.52],[438658.74,6711076.18],[438655.89,6711076.43]]]]}},{"type":"Feature","properties":{"idu":"49353000AV1627","section":"AV","numero":"1627","libelle":"AV 1627","code_insee":"49353","commune":"Trélazé","contenance":132},"geometry":{"type":"MultiPolygon","coordinates":[[[[438472.06,6711179.62],[438485.96,6711175.37],[438485.9,6711165.98],[438477.57,6711163.49],[438479.01,6711158.71],[438478.05,6711158.42],[438472.06,6711179.62]]]]}},{"type":"Feature","properties":{"idu":"49353000AV1628","section":"AV","numero":"1628","libelle":"AV 1628","code_insee":"49353","commune":"Trélazé","contenance":363},"geometry":{"type":"MultiPolygon","coordinates":[[[[438456.15,6711184.49],[438472.06,6711179.62],[438478.05,6711158.42],[438464.67,6711154.41],[438456.15,6711184.49]]]]}},{"type":"Feature","properties":{"idu":"49353000AV1629","section":"AV","numero":"1629","libelle":"AV 1629","code_insee":"49353","commune":"Trélazé","contenance":494},"geometry":{"type":"MultiPolygon","coordinates":[[[[438440.1,6711189.37],[438451.94,6711185.78],[438456.15,6711184.49],[438464.67,6711154.41],[438451.29,6711150.4],[438440.1,6711189.37]]]]}},{"type":"Feature","properties":{"idu":"49353000AV1630","section":"AV","numero":"1630","libelle":"AV 1630","code_insee":"49353","commune":"Trélazé","contenance":495},"geometry":{"type":"MultiPolygon","coordinates":[[[[438444.22,6711150.44],[438442.48,6711151.02],[438428.85,6711155.57],[438427.06,6711156.17],[438437.69,6711190.1],[438440.1,6711189.37],[438451.29,6711150.4],[438444.22,6711150.44]]]]}},{"type":"Feature","properties":{"idu":"49353000AV1631","section":"AV","numero":"1631","libelle":"AV 1631","code_insee":"49353","commune":"Trélazé","contenance":484},"geometry":{"type":"MultiPolygon","coordinates":[[[[438427.06,6711156.17],[438413.82,6711160.61],[438424.34,6711194.16],[438424.52,6711194.1],[438437.69,6711190.1],[438427.06,6711156.17]]]]}},{"type":"Feature","properties":{"idu":"49353000AV1632","section":"AV","numero":"1632","libelle":"AV 1632","code_insee":"49353","commune":"Trélazé","contenance":480},"geometry":{"type":"MultiPolygon","coordinates":[[[[438413.82,6711160.61],[438412.21,6711161.14],[438400.53,6711164.94],[438411.0,6711198.32],[438424.34,6711194.16],[438413.82,6711160.61]]]]}},{"type":"Feature","properties":{"idu":"49353000AV1633","section":"AV","numero":"1633","libelle":"AV 1633","code_insee":"49353","commune":"Trélazé","contenance":476},"geometry":{"type":"MultiPolygon","coordinates":[[[[438400.53,6711164.94],[438397.51,6711165.92],[438387.38,6711169.27],[438387.27,6711169.3],[438397.65,6711202.43],[438404.32,6711200.39],[438411.0,6711198.32],[438400.53,6711164.94]]]]}},{"type":"Feature","properties":{"idu":"49353000AV1634","section":"AV","numero":"1634","libelle":"AV 1634","code_insee":"49353","commune":"Trélazé","contenance":473},"geometry":{"type":"MultiPolygon","coordinates":[[[[438387.27,6711169.3],[438373.96,6711173.53],[438384.29,6711206.51],[438397.65,6711202.43],[438387.27,6711169.3]]]]}},{"type":"Feature","properties":{"idu":"49353000AV1635","section":"AV","numero":"1635","libelle":"AV 1635","code_insee":"49353","commune":"Trélazé","contenance":469},"geometry":{"type":"MultiPolygon","coordinates":[[[[438370.92,6711210.56],[438382.57,6711207.04],[438384.29,6711206.51],[438373.96,6711173.53],[438360.97,6711178.79],[438370.92,6711210.56]]]]}},{"type":"Feature","properties":{"idu":"49353000AV1636","section":"AV","numero":"1636","libelle":"AV 1636","code_insee":"49353","commune":"Trélazé","contenance":396},"geometry":{"type":"MultiPolygon","coordinates":[[[[438357.55,6711214.61],[438370.92,6711210.56],[438360.97,6711178.79],[438355.98,6711181.2],[438357.48,6711186.01],[438350.87,6711189.19],[438349.76,6711189.72],[438357.55,6711214.61]]]]}},{"type":"Feature","properties":{"idu":"49353000AV1637","section":"AV","numero":"1637","libelle":"AV 1637","code_insee":"49353","commune":"Trélazé","contenance":64},"geometry":{"type":"MultiPolygon","coordinates":[[[[438485.83,6711154.5],[438485.82,6711153.33],[438485.82,6711148.8],[438485.82,6711136.58],[438484.46,6711137.04],[438479.77,6711152.68],[438485.83,6711154.5]]]]}},{"type":"Feature","properties":{"idu":"49353000AV1638","section":"AV","numero":"1638","libelle":"AV 1638","code_insee":"49353","commune":"Trélazé","contenance":159},"geometry":{"type":"MultiPolygon","coordinates":[[[[438484.46,6711137.04],[438476.61,6711139.7],[438468.26,6711142.44],[438466.39,6711148.67],[438479.77,6711152.68],[438484.46,6711137.04]]]]}},{"type":"Feature","properties":{"idu":"49353000AV1639","section":"AV","numero":"1639","libelle":"AV 1639","code_insee":"49353","commune":"Trélazé","contenance":30},"geometry":{"type":"MultiPolygon","coordinates":[[[[438468.26,6711142.44],[438467.13,6711142.81],[438457.55,6711146.02],[438466.39,6711148.67],[438468.26,6711142.44]]]]}},{"type":"Feature","properties":{"idu":"49353000AV1640","section":"AV","numero":"1640","libelle":"AV 1640","code_insee":"49353","commune":"Trélazé","contenance":251},"geometry":{"type":"MultiPolygon","coordinates":[[[[438457.55,6711146.02],[438455.71,6711146.64],[438444.22,6711150.44],[438451.29,6711150.4],[438464.67,6711154.41],[438478.05,6711158.42],[438479.01,6711158.71],[438477.57,6711163.49],[438485.9,6711165.98],[438485.83,6711154.5],[438479.77,6711152.68],[438466.39,6711148.67],[438457.55,6711146.02]]]]}},{"type":"Feature","properties":{"idu":"49353000AV1641","section":"AV","numero":"1641","libelle":"AV 1641","code_insee":"49353","commune":"Trélazé","contenance":78},"geometry":{"type":"MultiPolygon","coordinates":[[[[438373.96,6711173.53],[438367.26,6711175.67],[438347.23,6711181.63],[438350.87,6711189.19],[438357.48,6711186.01],[438355.98,6711181.2],[438360.97,6711178.79],[438373.96,6711173.53]]]]}},{"type":"Feature","properties":{"idu":"49353000AV1642","section":"AV","numero":"1642","libelle":"AV 1642","code_insee":"49353","commune":"Trélazé","contenance":2484},"geometry":{"type":"MultiPolygon","coordinates":[[[[438347.23,6711181.63],[438342.19,6711183.12],[438315.55,6711191.11],[438307.05,6711193.61],[438291.62,6711198.22],[438274.25,6711203.34],[438279.17,6711212.8],[438281.37,6711217.73],[438282.16,6711219.61],[438283.11,6711221.6],[438284.06,6711223.43],[438285.19,6711225.09],[438287.27,6711228.34],[438289.89,6711232.37],[438291.3,6711234.55],[438321.88,6711225.4],[438354.91,6711215.42],[438355.81,6711215.14],[438357.55,6711214.61],[438349.76,6711189.72],[438350.87,6711189.19],[438347.23,6711181.63]]]]}},{"type":"Feature","properties":{"idu":"49353000AV1644","section":"AV","numero":"1644","libelle":"AV 1644","code_insee":"49353","commune":"Trélazé","contenance":980},"geometry":{"type":"MultiPolygon","coordinates":[[[[438788.34,6710937.48],[438791.38,6710970.74],[438795.65,6710970.08],[438797.35,6710969.84],[438801.5,6710969.28],[438801.97,6710969.22],[438804.88,6710968.77],[438808.0,6710968.29],[438808.76,6710968.18],[438817.23,6710966.85],[438822.52,6710966.08],[438821.45,6710951.6],[438820.62,6710940.37],[438814.97,6710935.5],[438788.54,6710937.46],[438788.34,6710937.48]]]]}},{"type":"Feature","properties":{"idu":"49353000AV1645","section":"AV","numero":"1645","libelle":"AV 1645","code_insee":"49353","commune":"Trélazé","contenance":573},"geometry":{"type":"MultiPolygon","coordinates":[[[[438802.43,6710914.55],[438787.12,6710915.7],[438786.37,6710915.79],[438788.34,6710937.48],[438788.54,6710937.46],[438814.97,6710935.5],[438814.88,6710933.25],[438814.81,6710931.35],[438814.66,6710929.61],[438813.63,6710913.7],[438802.43,6710914.55]]]]}},{"type":"Feature","properties":{"idu":"49353000AV1646","section":"AV","numero":"1646","libelle":"AV 1646","code_insee":"49353","commune":"Trélazé","contenance":500},"geometry":{"type":"MultiPolygon","coordinates":[[[[438822.52,6710966.08],[438823.96,6710965.87],[438827.37,6710965.52],[438829.46,6710965.31],[438832.97,6710964.96],[438835.88,6710964.77],[438840.03,6710964.46],[438841.47,6710964.41],[438843.6,6710964.31],[438845.27,6710964.31],[438846.0,6710964.43],[438846.03,6710964.52],[438851.49,6710964.48],[438852.48,6710964.48],[438854.92,6710964.5],[438855.45,6710964.5],[438856.92,6710964.42],[438857.03,6710964.44],[438856.89,6710962.48],[438856.57,6710958.08],[438856.08,6710951.15],[438855.93,6710949.04],[438854.45,6710949.15],[438821.45,6710951.6],[438822.52,6710966.08]]]]}},{"type":"Feature","properties":{"idu":"49353000AV1647","section":"AV","numero":"1647","libelle":"AV 1647","code_insee":"49353","commune":"Trélazé","contenance":525},"geometry":{"type":"MultiPolygon","coordinates":[[[[438855.93,6710949.04],[438855.54,6710943.36],[438854.99,6710936.35],[438854.79,6710933.55],[438854.09,6710933.6],[438824.56,6710935.79],[438820.62,6710940.37],[438821.45,6710951.6],[438854.45,6710949.15],[438855.93,6710949.04]]]]}},{"type":"Feature","properties":{"idu":"49353000AV1648","section":"AV","numero":"1648","libelle":"AV 1648","code_insee":"49353","commune":"Trélazé","contenance":148},"geometry":{"type":"MultiPolygon","coordinates":[[[[438854.79,6710933.55],[438854.55,6710930.31],[438814.9,6710933.25],[438814.81,6710931.35],[438814.97,6710935.5],[438820.62,6710940.37],[438824.56,6710935.79],[438854.09,6710933.6],[438854.79,6710933.55]]]]}},{"type":"Feature","properties":{"idu":"49353000AV1649","section":"AV","numero":"1649","libelle":"AV 1649","code_insee":"49353","commune":"Trélazé","contenance":214},"geometry":{"type":"MultiPolygon","coordinates":[[[[438940.28,6711094.02],[438939.5,6711101.8],[438944.64,6711102.39],[438954.19,6711103.44],[438956.16,6711103.64],[438957.63,6711090.86],[438956.74,6711090.77],[438940.78,6711089.07],[438940.28,6711094.02]]]]}},{"type":"Feature","properties":{"idu":"49353000AV1650","section":"AV","numero":"1650","libelle":"AV 1650","code_insee":"49353","commune":"Trélazé","contenance":186},"geometry":{"type":"MultiPolygon","coordinates":[[[[438956.16,6711103.64],[438956.33,6711103.66],[438966.47,6711104.69],[438972.48,6711105.31],[438972.48,6711104.39],[438972.32,6711102.59],[438972.09,6711101.04],[438971.73,6711099.08],[438971.54,6711098.04],[438971.3,6711097.11],[438971.0,6711096.03],[438970.55,6711094.73],[438970.08,6711093.46],[438969.61,6711092.01],[438957.63,6711090.86],[438956.16,6711103.64]]]]}},{"type":"Feature","properties":{"idu":"49353000AV1651","section":"AV","numero":"1651","libelle":"AV 1651","code_insee":"49353","commune":"Trélazé","contenance":1599},"geometry":{"type":"MultiPolygon","coordinates":[[[[438362.85,6710926.99],[438382.68,6710926.71],[438381.6,6710846.21],[438361.41,6710846.91],[438362.85,6710926.99]]]]}},{"type":"Feature","properties":{"idu":"49353000AV1652","section":"AV","numero":"1652","libelle":"AV 1652","code_insee":"49353","commune":"Trélazé","contenance":11338},"geometry":{"type":"MultiPolygon","coordinates":[[[[438358.73,6710822.02],[438340.69,6710824.28],[438338.44,6710824.56],[438335.99,6710824.86],[438327.14,6710825.97],[438301.03,6710829.23],[438300.87,6710829.37],[438276.32,6710852.2],[438267.53,6710860.36],[438267.4,6710863.84],[438267.1,6710868.9],[438266.22,6710881.9],[438265.58,6710887.54],[438264.8,6710898.58],[438264.38,6710904.63],[438264.0,6710909.6],[438263.67,6710914.45],[438263.21,6710920.92],[438262.76,6710927.84],[438274.42,6710930.67],[438284.14,6710932.63],[438284.3,6710932.92],[438284.24,6710934.4],[438284.31,6710934.46],[438283.07,6710945.77],[438283.14,6710946.32],[438282.57,6710950.92],[438287.55,6710951.42],[438300.25,6710952.7],[438314.33,6710954.06],[438328.32,6710955.32],[438326.43,6710927.48],[438362.85,6710926.99],[438361.41,6710846.91],[438381.6,6710846.21],[438411.09,6710845.78],[438409.1,6710824.0],[438403.42,6710825.18],[438393.69,6710827.21],[438384.55,6710829.05],[438382.96,6710829.35],[438382.5,6710829.37],[438382.18,6710829.36],[438381.83,6710829.31],[438381.49,6710829.24],[438380.98,6710829.12],[438380.61,6710829.02],[438379.98,6710828.82],[438379.39,6710828.62],[438378.73,6710828.36],[438378.18,6710828.12],[438377.15,6710827.73],[438376.61,6710827.42],[438376.1,6710827.11],[438375.53,6710826.83],[438374.95,6710826.45],[438374.34,6710825.98],[438373.81,6710825.56],[438373.28,6710825.08],[438372.74,6710824.56],[438372.23,6710824.04],[438371.8,6710823.59],[438371.27,6710822.93],[438370.85,6710822.15],[438370.44,6710821.3],[438370.23,6710820.61],[438358.73,6710822.02]]]]}},{"type":"Feature","properties":{"idu":"49353000AV1654","section":"AV","numero":"1654","libelle":"AV 1654","code_insee":"49353","commune":"Trélazé","contenance":354},"geometry":{"type":"MultiPolygon","coordinates":[[[[439107.49,6710804.31],[439107.54,6710803.96],[439108.43,6710797.81],[439108.56,6710796.92],[439109.76,6710789.09],[439110.47,6710784.48],[439110.67,6710783.02],[439111.36,6710778.28],[439111.78,6710775.38],[439113.14,6710766.0],[439113.42,6710764.09],[439107.63,6710763.34],[439103.29,6710762.78],[439103.11,6710762.76],[439101.58,6710774.19],[439099.74,6710796.55],[439104.84,6710798.51],[439104.12,6710803.74],[439107.49,6710804.31]]]]}},{"type":"Feature","properties":{"idu":"49353000AV1655","section":"AV","numero":"1655","libelle":"AV 1655","code_insee":"49353","commune":"Trélazé","contenance":376},"geometry":{"type":"MultiPolygon","coordinates":[[[[439095.11,6710801.01],[439094.25,6710808.45],[439093.46,6710814.37],[439091.69,6710827.91],[439091.55,6710829.08],[439103.71,6710831.06],[439103.74,6710830.76],[439105.43,6710818.8],[439106.64,6710810.27],[439107.49,6710804.31],[439104.12,6710803.74],[439104.84,6710798.51],[439099.74,6710796.55],[439099.11,6710801.52],[439095.11,6710801.01]]]]}},{"type":"Feature","properties":{"idu":"49353000AV1656","section":"AV","numero":"1656","libelle":"AV 1656","code_insee":"49353","commune":"Trélazé","contenance":138},"geometry":{"type":"MultiPolygon","coordinates":[[[[439098.65,6710771.17],[439097.55,6710779.56],[439095.44,6710795.75],[439095.72,6710795.76],[439095.11,6710801.01],[439099.11,6710801.52],[439099.74,6710796.55],[439101.58,6710774.19],[439103.11,6710762.76],[439099.77,6710762.33],[439098.65,6710771.17]]]]}},{"type":"Feature","properties":{"idu":"49353000AV1657","section":"AV","numero":"1657","libelle":"AV 1657","code_insee":"49353","commune":"Trélazé","contenance":517},"geometry":{"type":"MultiPolygon","coordinates":[[[[438672.34,6711253.39],[438672.0,6711257.14],[438671.34,6711264.31],[438694.34,6711265.68],[438694.46,6711265.69],[438701.69,6711266.09],[438703.12,6711266.17],[438709.34,6711266.51],[438709.64,6711259.38],[438709.98,6711251.11],[438702.65,6711251.08],[438700.26,6711251.08],[438695.33,6711251.18],[438691.16,6711251.17],[438684.17,6711251.1],[438677.35,6711250.96],[438672.34,6711253.39]]]]}},{"type":"Feature","properties":{"idu":"49353000AV1658","section":"AV","numero":"1658","libelle":"AV 1658","code_insee":"49353","commune":"Trélazé","contenance":6},"geometry":{"type":"MultiPolygon","coordinates":[[[[438677.35,6711250.96],[438676.59,6711250.95],[438672.56,6711250.87],[438672.34,6711253.39],[438677.35,6711250.96]]]]}},{"type":"Feature","properties":{"idu":"49353000AV1659","section":"AV","numero":"1659","libelle":"AV 1659","code_insee":"49353","commune":"Trélazé","contenance":400},"geometry":{"type":"MultiPolygon","coordinates":[[[[438939.06,6711106.26],[438938.82,6711108.52],[438938.31,6711113.6],[438954.26,6711115.24],[438956.56,6711115.47],[438972.69,6711117.08],[438972.82,6711114.45],[438972.85,6711112.15],[438972.85,6711110.82],[438972.8,6711109.74],[438972.69,6711108.42],[438972.57,6711106.86],[438972.48,6711105.31],[438966.47,6711104.69],[438966.46,6711104.81],[438956.32,6711103.78],[438956.33,6711103.66],[438956.16,6711103.64],[438954.19,6711103.44],[438944.64,6711102.39],[438939.5,6711101.8],[438939.06,6711106.26]]]]}},{"type":"Feature","properties":{"idu":"49353000AV1660","section":"AV","numero":"1660","libelle":"AV 1660","code_insee":"49353","commune":"Trélazé","contenance":1},"geometry":{"type":"MultiPolygon","coordinates":[[[[438966.47,6711104.69],[438956.33,6711103.66],[438956.32,6711103.78],[438966.46,6711104.81],[438966.47,6711104.69]]]]}},{"type":"Feature","properties":{"idu":"49353000AW0001","section":"AW","numero":"0001","libelle":"AW 0001","code_insee":"49353","commune":"Trélazé","contenance":132},"geometry":{"type":"MultiPolygon","coordinates":[[[[438250.15,6710641.88],[438245.45,6710655.63],[438254.05,6710658.52],[438255.89,6710652.99],[438258.63,6710644.68],[438254.51,6710643.32],[438250.15,6710641.88]]]]}},{"type":"Feature","properties":{"idu":"49353000AW0002","section":"AW","numero":"0002","libelle":"AW 0002","code_insee":"49353","commune":"Trélazé","contenance":330},"geometry":{"type":"MultiPolygon","coordinates":[[[[438254.05,6710658.52],[438280.08,6710667.18],[438284.83,6710653.05],[438275.88,6710650.15],[438266.29,6710647.1],[438263.63,6710655.46],[438255.89,6710652.99],[438254.05,6710658.52]]]]}},{"type":"Feature","properties":{"idu":"49353000AW0003","section":"AW","numero":"0003","libelle":"AW 0003","code_insee":"49353","commune":"Trélazé","contenance":620},"geometry":{"type":"MultiPolygon","coordinates":[[[[438357.49,6710692.99],[438365.14,6710695.58],[438364.88,6710682.87],[438364.77,6710672.74],[438364.64,6710662.32],[438364.38,6710641.8],[438364.2,6710632.89],[438364.03,6710625.23],[438363.96,6710621.42],[438354.33,6710620.45],[438355.69,6710653.14],[438356.75,6710677.99],[438357.49,6710692.99]]]]}},{"type":"Feature","properties":{"idu":"49353000AW0004","section":"AW","numero":"0004","libelle":"AW 0004","code_insee":"49353","commune":"Trélazé","contenance":717},"geometry":{"type":"MultiPolygon","coordinates":[[[[438375.45,6710694.75],[438375.03,6710684.71],[438374.92,6710681.85],[438371.81,6710682.02],[438371.52,6710677.95],[438374.73,6710677.85],[438374.63,6710674.73],[438374.37,6710669.09],[438374.16,6710664.9],[438373.97,6710660.04],[438373.63,6710651.05],[438373.3,6710643.12],[438372.79,6710630.83],[438372.71,6710628.64],[438372.48,6710622.34],[438363.96,6710621.42],[438364.03,6710625.23],[438364.2,6710632.89],[438364.38,6710641.8],[438364.64,6710662.32],[438364.77,6710672.74],[438364.88,6710682.87],[438365.14,6710695.58],[438375.64,6710699.08],[438375.45,6710694.75]]]]}},{"type":"Feature","properties":{"idu":"49353000AW0005","section":"AW","numero":"0005","libelle":"AW 0005","code_insee":"49353","commune":"Trélazé","contenance":13},"geometry":{"type":"MultiPolygon","coordinates":[[[[438374.92,6710681.85],[438374.73,6710677.85],[438371.52,6710677.95],[438371.81,6710682.02],[438374.92,6710681.85]]]]}},{"type":"Feature","properties":{"idu":"49353000AW0007","section":"AW","numero":"0007","libelle":"AW 0007","code_insee":"49353","commune":"Trélazé","contenance":738},"geometry":{"type":"MultiPolygon","coordinates":[[[[438380.83,6710623.24],[438380.38,6710634.23],[438381.47,6710634.25],[438382.56,6710657.43],[438383.25,6710670.72],[438383.55,6710676.03],[438382.82,6710676.05],[438382.85,6710677.6],[438381.69,6710677.65],[438381.79,6710682.14],[438381.86,6710685.32],[438382.02,6710685.34],[438383.93,6710692.58],[438383.88,6710692.74],[438381.06,6710700.92],[438390.62,6710704.03],[438392.83,6710704.75],[438393.85,6710701.08],[438394.69,6710698.07],[438395.27,6710693.11],[438395.28,6710686.45],[438391.48,6710686.51],[438391.53,6710681.65],[438391.52,6710665.83],[438391.52,6710661.05],[438391.55,6710635.93],[438387.48,6710633.38],[438387.68,6710632.96],[438389.07,6710629.97],[438386.85,6710628.15],[438380.83,6710623.24]]]]}},{"type":"Feature","properties":{"idu":"49353000AW0010","section":"AW","numero":"0010","libelle":"AW 0010","code_insee":"49353","commune":"Trélazé","contenance":540},"geometry":{"type":"MultiPolygon","coordinates":[[[[438431.6,6710713.24],[438431.1,6710717.53],[438431.83,6710717.78],[438447.82,6710723.06],[438449.41,6710723.58],[438452.54,6710709.79],[438453.91,6710703.78],[438455.69,6710695.95],[438439.99,6710693.73],[438434.17,6710692.91],[438431.88,6710710.98],[438431.6,6710713.24]]]]}},{"type":"Feature","properties":{"idu":"49353000AW0011","section":"AW","numero":"0011","libelle":"AW 0011","code_insee":"49353","commune":"Trélazé","contenance":1936},"geometry":{"type":"MultiPolygon","coordinates":[[[[438455.69,6710695.95],[438461.0,6710669.13],[438467.26,6710637.47],[438471.59,6710614.98],[438470.29,6710615.22],[438455.49,6710618.16],[438442.03,6710620.85],[438437.97,6710659.21],[438434.17,6710692.91],[438439.99,6710693.73],[438455.69,6710695.95]]]]}},{"type":"Feature","properties":{"idu":"49353000AW0012","section":"AW","numero":"0012","libelle":"AW 0012","code_insee":"49353","commune":"Trélazé","contenance":949},"geometry":{"type":"MultiPolygon","coordinates":[[[[438455.69,6710695.95],[438464.1,6710697.85],[438466.73,6710698.44],[438468.53,6710688.8],[438470.73,6710677.36],[438473.55,6710663.23],[438476.03,6710650.46],[438477.86,6710641.37],[438479.32,6710636.31],[438482.15,6710627.0],[438484.83,6710617.79],[438471.59,6710614.98],[438467.26,6710637.47],[438461.0,6710669.13],[438455.69,6710695.95]]]]}},{"type":"Feature","properties":{"idu":"49353000AW0013","section":"AW","numero":"0013","libelle":"AW 0013","code_insee":"49353","commune":"Trélazé","contenance":369},"geometry":{"type":"MultiPolygon","coordinates":[[[[438466.73,6710698.44],[438464.1,6710697.85],[438455.69,6710695.95],[438453.91,6710703.78],[438452.54,6710709.79],[438449.41,6710723.58],[438453.13,6710724.87],[438462.27,6710728.01],[438462.98,6710724.72],[438464.71,6710716.56],[438466.4,6710708.36],[438464.97,6710708.13],[438465.56,6710704.89],[438465.75,6710703.86],[438466.73,6710698.44]]]]}},{"type":"Feature","properties":{"idu":"49353000AW0020","section":"AW","numero":"0020","libelle":"AW 0020","code_insee":"49353","commune":"Trélazé","contenance":581},"geometry":{"type":"MultiPolygon","coordinates":[[[[438777.9,6710709.23],[438768.96,6710711.36],[438764.96,6710712.31],[438765.2,6710714.05],[438765.75,6710718.27],[438766.27,6710721.97],[438767.0,6710727.4],[438767.4,6710730.18],[438767.81,6710733.1],[438768.14,6710735.43],[438768.88,6710740.69],[438769.17,6710742.93],[438770.1,6710749.97],[438770.65,6710754.17],[438773.55,6710754.0],[438776.49,6710753.83],[438779.17,6710753.66],[438783.76,6710753.4],[438782.42,6710743.58],[438782.25,6710742.36],[438781.73,6710738.41],[438780.75,6710731.23],[438778.6,6710714.65],[438778.17,6710711.28],[438777.9,6710709.23]]]]}},{"type":"Feature","properties":{"idu":"49353000AW0021","section":"AW","numero":"0021","libelle":"AW 0021","code_insee":"49353","commune":"Trélazé","contenance":965},"geometry":{"type":"MultiPolygon","coordinates":[[[[438806.79,6710704.6],[438806.47,6710701.04],[438805.1,6710699.55],[438804.28,6710698.65],[438803.33,6710697.62],[438802.47,6710696.69],[438801.0,6710695.05],[438794.0,6710687.28],[438787.83,6710687.97],[438787.88,6710688.54],[438777.29,6710690.07],[438778.16,6710696.94],[438778.53,6710700.01],[438778.39,6710702.32],[438778.27,6710704.76],[438778.03,6710707.81],[438777.9,6710709.23],[438778.17,6710711.28],[438778.6,6710714.65],[438780.75,6710731.23],[438781.73,6710738.41],[438782.25,6710742.36],[438782.42,6710743.58],[438783.76,6710753.4],[438790.48,6710752.93],[438795.54,6710752.55],[438793.8,6710740.29],[438793.62,6710739.09],[438792.64,6710732.25],[438791.98,6710727.61],[438790.96,6710720.47],[438789.98,6710713.07],[438789.85,6710712.08],[438789.2,6710707.0],[438794.91,6710706.03],[438800.28,6710705.42],[438805.61,6710704.75],[438806.79,6710704.6]]]]}},{"type":"Feature","properties":{"idu":"49353000AW0022","section":"AW","numero":"0022","libelle":"AW 0022","code_insee":"49353","commune":"Trélazé","contenance":255},"geometry":{"type":"MultiPolygon","coordinates":[[[[438795.54,6710752.55],[438800.71,6710752.13],[438798.57,6710735.18],[438796.45,6710718.57],[438796.37,6710718.04],[438795.69,6710712.75],[438795.54,6710711.57],[438794.91,6710706.03],[438789.2,6710707.0],[438789.85,6710712.08],[438789.98,6710713.07],[438790.96,6710720.47],[438791.98,6710727.61],[438792.64,6710732.25],[438793.62,6710739.09],[438793.8,6710740.29],[438795.54,6710752.55]]]]}},{"type":"Feature","properties":{"idu":"49353000AW0023","section":"AW","numero":"0023","libelle":"AW 0023","code_insee":"49353","commune":"Trélazé","contenance":66},"geometry":{"type":"MultiPolygon","coordinates":[[[[438806.79,6710704.6],[438805.61,6710704.75],[438800.28,6710705.42],[438794.91,6710706.03],[438795.54,6710711.57],[438798.55,6710711.21],[438807.33,6710710.18],[438806.79,6710704.6]]]]}},{"type":"Feature","properties":{"idu":"49353000AW0024","section":"AW","numero":"0024","libelle":"AW 0024","code_insee":"49353","commune":"Trélazé","contenance":150},"geometry":{"type":"MultiPolygon","coordinates":[[[[438809.3,6710730.6],[438808.58,6710723.14],[438807.79,6710715.05],[438807.71,6710714.26],[438807.33,6710710.18],[438798.55,6710711.21],[438795.54,6710711.57],[438795.69,6710712.75],[438796.37,6710718.04],[438796.45,6710718.57],[438801.1,6710718.02],[438803.36,6710717.76],[438803.85,6710722.14],[438803.1,6710722.25],[438804.13,6710731.16],[438809.3,6710730.6]]]]}},{"type":"Feature","properties":{"idu":"49353000AW0025","section":"AW","numero":"0025","libelle":"AW 0025","code_insee":"49353","commune":"Trélazé","contenance":302},"geometry":{"type":"MultiPolygon","coordinates":[[[[438800.71,6710752.13],[438804.9,6710751.81],[438809.84,6710751.55],[438809.62,6710749.54],[438810.75,6710749.42],[438810.27,6710744.94],[438810.6,6710744.74],[438809.77,6710735.59],[438809.69,6710734.69],[438809.3,6710730.6],[438804.13,6710731.16],[438803.1,6710722.25],[438803.85,6710722.14],[438803.36,6710717.76],[438801.1,6710718.02],[438796.45,6710718.57],[438798.57,6710735.18],[438800.71,6710752.13]]]]}},{"type":"Feature","properties":{"idu":"49353000AW0029","section":"AW","numero":"0029","libelle":"AW 0029","code_insee":"49353","commune":"Trélazé","contenance":1072},"geometry":{"type":"MultiPolygon","coordinates":[[[[438851.42,6710748.82],[438859.73,6710748.32],[438867.74,6710747.75],[438874.51,6710747.24],[438874.16,6710740.24],[438873.71,6710740.22],[438873.34,6710733.56],[438869.97,6710733.72],[438869.59,6710725.63],[438869.21,6710725.66],[438868.77,6710711.81],[438868.47,6710702.88],[438868.25,6710696.81],[438866.55,6710696.59],[438863.92,6710696.37],[438863.11,6710696.31],[438862.39,6710696.24],[438861.4,6710696.17],[438860.33,6710696.15],[438859.76,6710696.15],[438858.39,6710696.19],[438856.33,6710696.29],[438852.74,6710696.59],[438852.57,6710696.6],[438848.25,6710696.97],[438849.07,6710710.34],[438849.38,6710715.35],[438850.07,6710727.06],[438850.46,6710733.87],[438850.82,6710739.53],[438851.42,6710748.82]]]]}},{"type":"Feature","properties":{"idu":"49353000AW0031","section":"AW","numero":"0031","libelle":"AW 0031","code_insee":"49353","commune":"Trélazé","contenance":315},"geometry":{"type":"MultiPolygon","coordinates":[[[[438893.91,6710700.25],[438893.89,6710700.0],[438887.05,6710698.99],[438887.19,6710701.76],[438887.21,6710702.14],[438887.31,6710704.22],[438887.36,6710705.21],[438887.82,6710705.2],[438888.14,6710719.53],[438888.56,6710732.57],[438881.1,6710738.07],[438880.52,6710737.97],[438880.61,6710739.74],[438880.97,6710746.85],[438892.63,6710746.07],[438892.66,6710744.2],[438893.7,6710744.16],[438893.52,6710740.03],[438892.14,6710740.3],[438892.11,6710737.39],[438892.04,6710731.42],[438892.5,6710731.46],[438892.48,6710727.38],[438892.48,6710726.7],[438893.23,6710726.72],[438893.25,6710720.89],[438893.36,6710714.07],[438893.51,6710708.93],[438893.73,6710703.75],[438893.81,6710702.19],[438893.91,6710700.25]]]]}},{"type":"Feature","properties":{"idu":"49353000AW0032","section":"AW","numero":"0032","libelle":"AW 0032","code_insee":"49353","commune":"Trélazé","contenance":381},"geometry":{"type":"MultiPolygon","coordinates":[[[[438892.63,6710746.07],[438899.35,6710745.58],[438899.21,6710739.83],[438899.16,6710731.32],[438899.12,6710726.94],[438899.12,6710726.55],[438902.55,6710726.68],[438903.41,6710701.44],[438898.62,6710700.84],[438893.91,6710700.25],[438893.81,6710702.19],[438893.73,6710703.75],[438893.51,6710708.93],[438893.36,6710714.07],[438893.25,6710720.89],[438893.23,6710726.72],[438892.48,6710726.7],[438892.48,6710727.38],[438892.5,6710731.46],[438892.04,6710731.42],[438892.11,6710737.39],[438892.14,6710740.3],[438893.52,6710740.03],[438893.7,6710744.16],[438892.66,6710744.2],[438892.63,6710746.07]]]]}},{"type":"Feature","properties":{"idu":"49353000AW0033","section":"AW","numero":"0033","libelle":"AW 0033","code_insee":"49353","commune":"Trélazé","contenance":763},"geometry":{"type":"MultiPolygon","coordinates":[[[[438925.03,6710704.14],[438917.51,6710703.27],[438914.91,6710702.93],[438911.55,6710702.49],[438909.12,6710702.18],[438906.08,6710701.79],[438903.41,6710701.44],[438902.55,6710726.68],[438899.12,6710726.55],[438899.12,6710726.94],[438899.16,6710731.32],[438899.21,6710739.83],[438899.35,6710745.58],[438906.52,6710745.05],[438914.98,6710744.46],[438915.14,6710739.37],[438915.41,6710731.91],[438915.91,6710731.93],[438915.6,6710726.1],[438919.36,6710725.98],[438919.37,6710724.63],[438918.27,6710724.59],[438918.39,6710717.61],[438924.56,6710717.85],[438925.03,6710704.14]]]]}},{"type":"Feature","properties":{"idu":"49353000AW0034","section":"AW","numero":"0034","libelle":"AW 0034","code_insee":"49353","commune":"Trélazé","contenance":730},"geometry":{"type":"MultiPolygon","coordinates":[[[[438937.46,6710719.26],[438937.22,6710715.66],[438936.9,6710710.81],[438936.35,6710710.79],[438936.33,6710709.3],[438936.33,6710707.52],[438936.31,6710705.48],[438925.03,6710704.14],[438924.56,6710717.85],[438918.39,6710717.61],[438918.27,6710724.59],[438919.37,6710724.63],[438919.36,6710725.98],[438915.6,6710726.1],[438915.91,6710731.93],[438915.41,6710731.91],[438915.14,6710739.37],[438914.98,6710744.46],[438923.34,6710743.86],[438929.1,6710743.48],[438931.25,6710743.35],[438939.25,6710742.78],[438937.98,6710726.04],[438937.83,6710724.15],[438937.46,6710719.26]]]]}},{"type":"Feature","properties":{"idu":"49353000AW0036","section":"AW","numero":"0036","libelle":"AW 0036","code_insee":"49353","commune":"Trélazé","contenance":635},"geometry":{"type":"MultiPolygon","coordinates":[[[[438893.89,6710700.0],[438893.91,6710700.25],[438898.62,6710700.84],[438903.41,6710701.44],[438906.08,6710701.79],[438909.12,6710702.18],[438911.55,6710702.49],[438914.91,6710702.93],[438917.51,6710703.27],[438918.58,6710673.92],[438902.88,6710674.09],[438899.46,6710674.17],[438897.96,6710674.22],[438897.11,6710674.24],[438896.55,6710674.32],[438895.82,6710674.44],[438894.96,6710674.58],[438894.15,6710674.82],[438892.64,6710675.18],[438891.32,6710675.57],[438890.21,6710675.81],[438889.22,6710676.06],[438888.6,6710676.31],[438888.0,6710676.51],[438887.62,6710676.54],[438887.2,6710676.51],[438887.01,6710676.45],[438886.81,6710676.4],[438886.64,6710676.3],[438886.33,6710676.14],[438886.01,6710675.85],[438885.62,6710675.53],[438885.23,6710675.11],[438884.64,6710674.36],[438882.83,6710671.84],[438881.22,6710669.47],[438881.13,6710670.67],[438881.99,6710671.99],[438884.23,6710675.28],[438884.99,6710676.26],[438885.43,6710676.73],[438885.79,6710677.06],[438886.05,6710677.22],[438886.32,6710677.34],[438886.58,6710677.41],[438886.7,6710677.46],[438886.85,6710677.56],[438887.06,6710677.57],[438887.27,6710677.61],[438887.55,6710677.62],[438887.77,6710677.57],[438887.99,6710677.51],[438888.23,6710677.45],[438888.89,6710677.07],[438896.32,6710677.06],[438896.26,6710682.43],[438896.24,6710684.38],[438896.17,6710690.63],[438896.16,6710691.48],[438895.37,6710691.48],[438895.27,6710692.53],[438894.54,6710700.09],[438893.89,6710700.0]]]]}},{"type":"Feature","properties":{"idu":"49353000AW0037","section":"AW","numero":"0037","libelle":"AW 0037","code_insee":"49353","commune":"Trélazé","contenance":358},"geometry":{"type":"MultiPolygon","coordinates":[[[[438879.12,6710670.66],[438879.85,6710678.75],[438880.69,6710687.79],[438880.72,6710688.11],[438881.62,6710698.31],[438887.05,6710698.99],[438893.89,6710700.0],[438894.54,6710700.09],[438895.27,6710692.53],[438895.37,6710691.48],[438896.16,6710691.48],[438896.17,6710690.63],[438896.24,6710684.38],[438896.26,6710682.43],[438896.32,6710677.06],[438888.89,6710677.07],[438888.23,6710677.45],[438887.99,6710677.51],[438887.77,6710677.57],[438887.55,6710677.62],[438887.27,6710677.61],[438887.06,6710677.57],[438886.85,6710677.56],[438886.7,6710677.46],[438886.58,6710677.41],[438886.32,6710677.34],[438886.05,6710677.22],[438885.79,6710677.06],[438885.43,6710676.73],[438884.99,6710676.26],[438884.23,6710675.28],[438881.99,6710671.99],[438881.13,6710670.67],[438879.12,6710670.66]]]]}},{"type":"Feature","properties":{"idu":"49353000AW0038","section":"AW","numero":"0038","libelle":"AW 0038","code_insee":"49353","commune":"Trélazé","contenance":433},"geometry":{"type":"MultiPolygon","coordinates":[[[[438900.7,6710662.34],[438894.24,6710664.59],[438893.56,6710664.84],[438890.19,6710666.01],[438884.42,6710668.01],[438881.24,6710669.1],[438881.22,6710669.47],[438882.83,6710671.84],[438884.64,6710674.36],[438885.23,6710675.11],[438885.62,6710675.53],[438886.01,6710675.85],[438886.33,6710676.14],[438886.64,6710676.3],[438886.81,6710676.4],[438887.01,6710676.45],[438887.2,6710676.51],[438887.62,6710676.54],[438888.0,6710676.51],[438888.6,6710676.31],[438889.22,6710676.06],[438890.21,6710675.81],[438891.32,6710675.57],[438892.64,6710675.18],[438894.15,6710674.82],[438894.96,6710674.58],[438895.82,6710674.44],[438896.55,6710674.32],[438897.11,6710674.24],[438897.96,6710674.22],[438899.46,6710674.17],[438902.88,6710674.09],[438918.58,6710673.92],[438918.92,6710660.98],[438919.04,6710656.12],[438916.14,6710657.1],[438906.16,6710660.48],[438900.7,6710662.34]]]]}},{"type":"Feature","properties":{"idu":"49353000AW0050","section":"AW","numero":"0050","libelle":"AW 0050","code_insee":"49353","commune":"Trélazé","contenance":795},"geometry":{"type":"MultiPolygon","coordinates":[[[[438984.83,6710693.0],[438981.19,6710692.64],[438978.52,6710692.39],[438965.84,6710691.16],[438965.9,6710692.4],[438966.0,6710693.25],[438966.1,6710694.18],[438966.18,6710694.86],[438966.73,6710699.41],[438967.4,6710705.6],[438967.78,6710709.08],[438968.39,6710713.7],[438968.67,6710715.33],[438968.97,6710716.82],[438969.48,6710719.31],[438970.11,6710722.35],[438971.17,6710726.99],[438971.93,6710730.46],[438972.36,6710732.17],[438972.59,6710733.49],[438972.74,6710734.41],[438972.84,6710735.29],[438973.08,6710737.57],[438973.37,6710740.42],[438978.4,6710740.06],[438986.75,6710739.55],[438986.16,6710725.96],[438986.12,6710725.01],[438985.88,6710719.13],[438985.79,6710717.05],[438984.83,6710693.0]]]]}},{"type":"Feature","properties":{"idu":"49353000AW0056","section":"AW","numero":"0056","libelle":"AW 0056","code_insee":"49353","commune":"Trélazé","contenance":498},"geometry":{"type":"MultiPolygon","coordinates":[[[[439050.85,6710743.3],[439060.19,6710744.49],[439060.67,6710744.54],[439064.71,6710745.13],[439064.55,6710740.21],[439064.39,6710731.08],[439064.38,6710730.45],[439064.2,6710720.26],[439064.17,6710719.04],[439063.89,6710709.12],[439061.52,6710709.26],[439056.57,6710709.37],[439053.34,6710709.44],[439049.32,6710709.53],[439049.53,6710714.33],[439050.12,6710727.47],[439050.85,6710743.3]]]]}},{"type":"Feature","properties":{"idu":"49353000AW0061","section":"AW","numero":"0061","libelle":"AW 0061","code_insee":"49353","commune":"Trélazé","contenance":737},"geometry":{"type":"MultiPolygon","coordinates":[[[[439000.75,6710655.47],[439001.23,6710694.61],[439002.29,6710694.72],[439010.98,6710695.59],[439017.94,6710696.23],[439020.81,6710696.5],[439020.06,6710681.29],[439018.76,6710657.22],[439011.07,6710656.48],[439010.47,6710656.42],[439000.75,6710655.47]]]]}},{"type":"Feature","properties":{"idu":"49353000AW0063","section":"AW","numero":"0063","libelle":"AW 0063","code_insee":"49353","commune":"Trélazé","contenance":405},"geometry":{"type":"MultiPolygon","coordinates":[[[[438969.11,6710638.89],[438969.34,6710646.41],[438969.41,6710648.45],[438969.41,6710650.51],[438969.25,6710652.11],[438967.64,6710654.16],[438967.19,6710654.84],[438980.61,6710656.17],[438994.19,6710657.55],[438994.03,6710654.8],[438993.89,6710652.16],[438993.76,6710649.44],[438993.76,6710649.41],[438993.42,6710642.33],[438993.32,6710640.39],[438986.74,6710639.97],[438984.45,6710639.83],[438974.31,6710639.2],[438969.11,6710638.89]]]]}},{"type":"Feature","properties":{"idu":"49353000AW0064","section":"AW","numero":"0064","libelle":"AW 0064","code_insee":"49353","commune":"Trélazé","contenance":147},"geometry":{"type":"MultiPolygon","coordinates":[[[[438968.74,6710632.68],[438968.78,6710633.28],[438968.92,6710635.55],[438969.11,6710638.89],[438974.31,6710639.2],[438984.45,6710639.83],[438986.74,6710639.97],[438993.32,6710640.39],[438992.88,6710634.24],[438987.01,6710633.87],[438978.46,6710633.31],[438968.74,6710632.68]]]]}},{"type":"Feature","properties":{"idu":"49353000AW0066","section":"AW","numero":"0066","libelle":"AW 0066","code_insee":"49353","commune":"Trélazé","contenance":385},"geometry":{"type":"MultiPolygon","coordinates":[[[[439037.94,6710659.0],[439038.64,6710659.11],[439051.93,6710660.31],[439052.17,6710658.29],[439052.54,6710653.92],[439053.28,6710645.03],[439053.79,6710638.87],[439054.24,6710633.56],[439040.36,6710632.26],[439039.32,6710643.73],[439039.19,6710645.28],[439038.59,6710652.07],[439038.54,6710652.56],[439038.13,6710657.18],[439037.94,6710659.0]]]]}},{"type":"Feature","properties":{"idu":"49353000AW0070","section":"AW","numero":"0070","libelle":"AW 0070","code_insee":"49353","commune":"Trélazé","contenance":379},"geometry":{"type":"MultiPolygon","coordinates":[[[[439069.87,6710606.94],[439060.04,6710606.1],[439056.01,6710605.77],[439055.57,6710612.74],[439055.47,6710614.22],[439055.02,6710621.47],[439055.0,6710621.82],[439054.55,6710628.86],[439054.24,6710633.56],[439067.71,6710634.76],[439068.61,6710622.93],[439069.34,6710614.1],[439069.87,6710606.94]]]]}},{"type":"Feature","properties":{"idu":"49353000AW0071","section":"AW","numero":"0071","libelle":"AW 0071","code_insee":"49353","commune":"Trélazé","contenance":371},"geometry":{"type":"MultiPolygon","coordinates":[[[[439069.87,6710606.94],[439069.34,6710598.55],[439069.33,6710598.37],[439068.71,6710589.03],[439068.31,6710582.88],[439067.29,6710566.45],[439066.4,6710566.84],[439064.95,6710567.49],[439063.68,6710568.01],[439062.48,6710568.47],[439061.09,6710569.04],[439059.68,6710569.56],[439057.98,6710570.21],[439058.21,6710576.81],[439058.34,6710579.13],[439058.45,6710581.44],[439058.63,6710584.24],[439058.83,6710587.37],[439058.96,6710589.48],[439059.14,6710592.73],[439059.33,6710595.55],[439059.53,6710599.01],[439059.65,6710601.14],[439059.83,6710604.15],[439060.04,6710606.1],[439069.87,6710606.94]]]]}},{"type":"Feature","properties":{"idu":"49353000AW0074","section":"AW","numero":"0074","libelle":"AW 0074","code_insee":"49353","commune":"Trélazé","contenance":9246},"geometry":{"type":"MultiPolygon","coordinates":[[[[439080.74,6710395.95],[439079.0,6710397.83],[439077.76,6710399.18],[439076.63,6710400.52],[439075.44,6710401.93],[439074.53,6710403.06],[439073.48,6710404.36],[439072.68,6710405.39],[439071.98,6710406.37],[439071.43,6710407.19],[439071.18,6710407.72],[439070.84,6710408.4],[439070.47,6710409.18],[439070.23,6710409.75],[439069.92,6710410.4],[439069.67,6710411.3],[439069.34,6710412.23],[439069.11,6710412.96],[439068.88,6710413.37],[439068.76,6710413.78],[439068.57,6710414.26],[439068.38,6710414.59],[439068.09,6710415.21],[439067.83,6710415.81],[439067.56,6710416.28],[439067.35,6710416.76],[439067.07,6710417.34],[439066.72,6710418.08],[439066.17,6710419.02],[439065.48,6710420.34],[439064.92,6710421.51],[439064.26,6710422.89],[439064.05,6710423.55],[439063.88,6710424.21],[439063.72,6710425.13],[439063.62,6710425.85],[439063.61,6710426.42],[439063.65,6710426.97],[439063.73,6710427.72],[439063.9,6710428.58],[439064.08,6710429.33],[439064.37,6710430.47],[439064.69,6710431.6],[439065.01,6710432.69],[439065.27,6710433.67],[439065.57,6710434.88],[439065.83,6710436.12],[439066.15,6710437.63],[439066.52,6710439.24],[439066.91,6710441.14],[439067.27,6710442.88],[439067.54,6710444.26],[439067.8,6710445.86],[439068.03,6710447.43],[439068.2,6710448.73],[439068.38,6710450.46],[439068.5,6710451.65],[439068.59,6710453.22],[439068.65,6710454.98],[439068.65,6710456.14],[439068.65,6710457.27],[439068.67,6710458.62],[439068.66,6710460.27],[439068.59,6710461.92],[439068.56,6710463.89],[439068.55,6710465.39],[439068.49,6710467.05],[439068.45,6710468.75],[439068.35,6710470.23],[439068.25,6710471.5],[439068.12,6710472.53],[439067.9,6710473.79],[439067.68,6710475.17],[439067.47,6710476.13],[439067.18,6710477.63],[439066.8,6710479.35],[439066.37,6710481.45],[439065.84,6710483.95],[439065.18,6710486.67],[439064.32,6710490.44],[439063.49,6710494.33],[439062.88,6710497.18],[439062.48,6710498.73],[439062.18,6710500.14],[439061.97,6710501.29],[439061.72,6710502.46],[439061.48,6710503.54],[439061.26,6710504.52],[439061.06,6710505.55],[439060.89,6710506.61],[439060.53,6710507.96],[439060.18,6710509.64],[439059.91,6710511.44],[439059.89,6710512.3],[439059.85,6710513.4],[439059.88,6710513.98],[439060.01,6710514.44],[439060.14,6710515.07],[439060.32,6710515.69],[439060.45,6710516.21],[439060.74,6710516.97],[439061.1,6710517.9],[439061.43,6710518.77],[439061.88,6710519.95],[439062.34,6710521.04],[439062.89,6710522.61],[439063.27,6710524.03],[439063.63,6710525.54],[439063.94,6710526.87],[439064.06,6710527.54],[439064.2,6710528.5],[439064.34,6710529.58],[439064.55,6710530.9],[439064.76,6710532.27],[439064.89,6710533.4],[439065.02,6710534.79],[439065.15,6710536.08],[439065.3,6710538.05],[439065.45,6710539.66],[439065.58,6710541.9],[439065.6,6710543.52],[439065.63,6710546.1],[439065.65,6710549.57],[439065.65,6710552.11],[439080.31,6710549.22],[439106.24,6710544.41],[439132.46,6710539.58],[439131.62,6710506.71],[439130.63,6710470.62],[439129.97,6710447.87],[439130.97,6710434.29],[439132.37,6710416.85],[439130.89,6710416.18],[439128.42,6710415.18],[439126.54,6710414.39],[439123.27,6710413.08],[439118.62,6710411.19],[439113.95,6710409.33],[439104.22,6710405.44],[439090.63,6710399.99],[439080.74,6710395.95]]]]}},{"type":"Feature","properties":{"idu":"49353000AW0087","section":"AW","numero":"0087","libelle":"AW 0087","code_insee":"49353","commune":"Trélazé","contenance":655},"geometry":{"type":"MultiPolygon","coordinates":[[[[438707.37,6710334.17],[438715.94,6710331.17],[438720.31,6710341.34],[438728.24,6710339.34],[438723.71,6710329.0],[438730.08,6710320.3],[438726.59,6710313.5],[438731.33,6710302.95],[438707.8,6710308.93],[438703.79,6710309.93],[438704.61,6710313.0],[438705.2,6710315.51],[438705.57,6710315.83],[438703.66,6710324.37],[438707.37,6710334.17]]]]}},{"type":"Feature","properties":{"idu":"49353000AW0088","section":"AW","numero":"0088","libelle":"AW 0088","code_insee":"49353","commune":"Trélazé","contenance":188},"geometry":{"type":"MultiPolygon","coordinates":[[[[438707.8,6710308.93],[438704.81,6710296.22],[438690.56,6710299.72],[438692.87,6710308.48],[438696.05,6710307.66],[438697.03,6710311.46],[438699.53,6710310.84],[438700.35,6710314.05],[438704.61,6710313.0],[438703.79,6710309.93],[438707.8,6710308.93]]]]}},{"type":"Feature","properties":{"idu":"49353000AW0089","section":"AW","numero":"0089","libelle":"AW 0089","code_insee":"49353","commune":"Trélazé","contenance":563},"geometry":{"type":"MultiPolygon","coordinates":[[[[438674.02,6710344.41],[438690.14,6710339.46],[438707.37,6710334.17],[438703.66,6710324.37],[438705.57,6710315.83],[438705.2,6710315.51],[438704.61,6710313.0],[438700.35,6710314.05],[438699.53,6710310.84],[438697.03,6710311.46],[438696.05,6710307.66],[438692.87,6710308.48],[438690.56,6710299.72],[438683.85,6710301.41],[438687.13,6710313.93],[438689.34,6710313.33],[438690.42,6710317.69],[438691.35,6710317.42],[438693.83,6710326.88],[438685.0,6710329.98],[438679.06,6710332.13],[438679.39,6710333.12],[438681.25,6710339.65],[438673.74,6710343.16],[438674.02,6710344.41]]]]}},{"type":"Feature","properties":{"idu":"49353000AW0090","section":"AW","numero":"0090","libelle":"AW 0090","code_insee":"49353","commune":"Trélazé","contenance":247},"geometry":{"type":"MultiPolygon","coordinates":[[[[438683.85,6710301.41],[438675.35,6710303.46],[438678.62,6710316.02],[438681.16,6710315.45],[438685.0,6710329.98],[438693.83,6710326.88],[438691.35,6710317.42],[438690.42,6710317.69],[438689.34,6710313.33],[438687.13,6710313.93],[438683.85,6710301.41]]]]}},{"type":"Feature","properties":{"idu":"49353000AW0091","section":"AW","numero":"0091","libelle":"AW 0091","code_insee":"49353","commune":"Trélazé","contenance":396},"geometry":{"type":"MultiPolygon","coordinates":[[[[438675.35,6710303.46],[438664.5,6710306.21],[438665.44,6710309.91],[438665.93,6710311.83],[438666.41,6710313.74],[438666.84,6710315.37],[438667.37,6710317.32],[438667.75,6710318.97],[438668.19,6710320.78],[438668.49,6710322.28],[438668.91,6710323.88],[438669.31,6710325.74],[438669.78,6710328.24],[438670.25,6710330.7],[438670.4,6710331.53],[438670.65,6710332.65],[438672.77,6710339.37],[438677.07,6710338.16],[438676.03,6710334.13],[438679.39,6710333.12],[438679.06,6710332.13],[438685.0,6710329.98],[438681.16,6710315.45],[438678.62,6710316.02],[438675.35,6710303.46]]]]}},{"type":"Feature","properties":{"idu":"49353000AW0092","section":"AW","numero":"0092","libelle":"AW 0092","code_insee":"49353","commune":"Trélazé","contenance":1094},"geometry":{"type":"MultiPolygon","coordinates":[[[[438674.02,6710344.41],[438674.77,6710347.26],[438675.51,6710349.97],[438676.2,6710352.45],[438676.65,6710353.94],[438677.03,6710354.99],[438677.72,6710357.17],[438678.26,6710358.84],[438678.71,6710360.13],[438679.09,6710361.1],[438679.59,6710362.16],[438680.08,6710363.22],[438680.55,6710364.25],[438681.23,6710365.77],[438682.96,6710369.38],[438685.75,6710375.54],[438689.16,6710382.69],[438690.86,6710386.36],[438694.39,6710387.56],[438698.39,6710387.23],[438701.29,6710386.96],[438708.66,6710381.64],[438708.13,6710376.3],[438707.46,6710369.74],[438705.74,6710367.88],[438704.28,6710366.25],[438703.6,6710365.31],[438703.28,6710364.72],[438703.0,6710364.14],[438702.66,6710363.55],[438702.29,6710362.68],[438701.97,6710361.82],[438701.6,6710360.71],[438701.27,6710359.78],[438701.1,6710358.94],[438700.88,6710357.87],[438700.68,6710357.02],[438700.58,6710356.24],[438700.53,6710355.23],[438700.46,6710354.12],[438700.48,6710353.11],[438700.55,6710352.27],[438700.76,6710351.18],[438700.93,6710350.21],[438701.16,6710349.19],[438701.45,6710347.91],[438701.83,6710346.52],[438702.26,6710345.01],[438702.69,6710343.75],[438703.08,6710342.78],[438703.41,6710341.77],[438703.95,6710340.49],[438704.51,6710339.25],[438705.18,6710337.96],[438705.74,6710336.79],[438706.33,6710335.7],[438707.0,6710334.66],[438707.37,6710334.17],[438690.14,6710339.46],[438674.02,6710344.41]]]]}},{"type":"Feature","properties":{"idu":"49353000AW0093","section":"AW","numero":"0093","libelle":"AW 0093","code_insee":"49353","commune":"Trélazé","contenance":215},"geometry":{"type":"MultiPolygon","coordinates":[[[[438740.66,6710402.15],[438750.95,6710398.34],[438748.53,6710391.59],[438751.66,6710390.46],[438751.86,6710384.71],[438751.66,6710382.72],[438750.98,6710380.15],[438750.54,6710378.66],[438749.36,6710375.2],[438748.07,6710371.54],[438747.2,6710371.89],[438746.23,6710372.27],[438749.13,6710380.5],[438738.63,6710384.29],[438742.32,6710393.96],[438738.08,6710395.53],[438740.66,6710402.15]]]]}},{"type":"Feature","properties":{"idu":"49353000AW0094","section":"AW","numero":"0094","libelle":"AW 0094","code_insee":"49353","commune":"Trélazé","contenance":320},"geometry":{"type":"MultiPolygon","coordinates":[[[[438735.76,6710405.6],[438737.01,6710405.0],[438741.1,6710403.27],[438740.66,6710402.15],[438738.08,6710395.53],[438733.98,6710385.21],[438729.62,6710388.89],[438726.51,6710386.01],[438715.37,6710389.88],[438707.73,6710397.47],[438710.54,6710401.72],[438711.27,6710403.78],[438712.71,6710403.24],[438712.03,6710401.46],[438721.01,6710398.35],[438727.13,6710396.08],[438727.58,6710397.53],[438732.11,6710395.93],[438735.76,6710405.6]]]]}},{"type":"Feature","properties":{"idu":"49353000AW0095","section":"AW","numero":"0095","libelle":"AW 0095","code_insee":"49353","commune":"Trélazé","contenance":830},"geometry":{"type":"MultiPolygon","coordinates":[[[[438687.82,6710431.93],[438691.32,6710443.14],[438694.27,6710452.23],[438698.18,6710450.64],[438700.57,6710449.62],[438701.82,6710448.89],[438702.28,6710448.53],[438702.93,6710447.94],[438703.39,6710447.43],[438704.06,6710446.58],[438704.52,6710445.75],[438705.11,6710444.67],[438705.92,6710443.23],[438706.83,6710441.72],[438707.78,6710440.02],[438708.85,6710438.12],[438709.92,6710436.13],[438711.41,6710433.51],[438712.58,6710431.49],[438713.67,6710429.41],[438715.0,6710427.09],[438716.28,6710424.69],[438717.86,6710421.99],[438718.78,6710420.6],[438719.65,6710419.24],[438720.25,6710418.36],[438720.8,6710417.62],[438721.31,6710416.99],[438721.84,6710416.37],[438722.73,6710415.49],[438723.83,6710414.45],[438725.15,6710413.1],[438726.22,6710412.14],[438727.4,6710410.99],[438728.37,6710410.02],[438729.22,6710409.3],[438729.78,6710408.88],[438730.83,6710408.29],[438732.5,6710407.4],[438734.4,6710406.31],[438735.76,6710405.6],[438732.11,6710395.93],[438727.58,6710397.53],[438727.13,6710396.08],[438721.01,6710398.35],[438712.03,6710401.46],[438712.71,6710403.24],[438711.27,6710403.78],[438716.64,6710416.88],[438703.38,6710423.72],[438687.82,6710431.93]]]]}},{"type":"Feature","properties":{"idu":"49353000AW0096","section":"AW","numero":"0096","libelle":"AW 0096","code_insee":"49353","commune":"Trélazé","contenance":456},"geometry":{"type":"MultiPolygon","coordinates":[[[[438683.37,6710419.49],[438684.17,6710421.32],[438684.62,6710422.42],[438685.1,6710423.61],[438685.55,6710424.82],[438687.82,6710431.93],[438703.38,6710423.72],[438716.64,6710416.88],[438711.27,6710403.78],[438710.1,6710404.42],[438708.57,6710405.3],[438707.5,6710405.95],[438706.42,6710406.64],[438705.15,6710407.45],[438704.08,6710408.13],[438703.22,6710408.66],[438702.49,6710409.06],[438701.81,6710409.39],[438700.74,6710409.9],[438699.77,6710410.34],[438696.21,6710411.43],[438688.61,6710413.94],[438682.27,6710416.13],[438682.84,6710417.9],[438683.37,6710419.49]]]]}},{"type":"Feature","properties":{"idu":"49353000AW0098","section":"AW","numero":"0098","libelle":"AW 0098","code_insee":"49353","commune":"Trélazé","contenance":2051},"geometry":{"type":"MultiPolygon","coordinates":[[[[438665.82,6710489.67],[438665.08,6710489.84],[438651.9,6710491.15],[438642.2,6710492.29],[438635.0,6710493.04],[438633.6,6710491.64],[438631.76,6710490.01],[438629.42,6710488.13],[438627.68,6710486.79],[438624.44,6710481.69],[438619.86,6710482.45],[438613.14,6710485.88],[438608.12,6710492.07],[438603.17,6710498.02],[438608.28,6710511.0],[438610.32,6710516.13],[438612.22,6710521.04],[438613.34,6710523.98],[438613.71,6710524.74],[438614.19,6710525.39],[438614.72,6710525.87],[438615.38,6710526.39],[438616.21,6710527.02],[438617.02,6710527.55],[438617.98,6710527.99],[438619.08,6710528.44],[438620.11,6710528.76],[438621.16,6710529.06],[438622.18,6710529.2],[438622.99,6710529.25],[438623.99,6710529.39],[438624.95,6710529.44],[438625.71,6710529.37],[438626.63,6710529.22],[438627.63,6710528.99],[438628.56,6710528.65],[438630.08,6710528.09],[438631.99,6710527.38],[438633.92,6710526.7],[438635.7,6710526.09],[438636.65,6710525.76],[438639.85,6710524.14],[438644.17,6710521.91],[438650.74,6710518.64],[438658.33,6710514.88],[438668.88,6710509.57],[438673.67,6710507.14],[438665.82,6710489.67]]]]}},{"type":"Feature","properties":{"idu":"49353000AW0099","section":"AW","numero":"0099","libelle":"AW 0099","code_insee":"49353","commune":"Trélazé","contenance":788},"geometry":{"type":"MultiPolygon","coordinates":[[[[438682.27,6710416.13],[438681.66,6710413.87],[438680.87,6710410.77],[438679.52,6710405.11],[438684.55,6710402.96],[438680.83,6710393.83],[438684.31,6710392.44],[438680.8,6710384.66],[438675.91,6710382.06],[438674.81,6710378.42],[438673.93,6710375.16],[438672.09,6710370.89],[438670.44,6710366.95],[438658.46,6710371.93],[438661.98,6710379.93],[438659.03,6710381.17],[438661.29,6710386.44],[438662.09,6710388.88],[438662.77,6710391.18],[438663.29,6710392.99],[438663.79,6710394.6],[438664.14,6710395.72],[438664.92,6710397.69],[438665.43,6710398.95],[438665.89,6710400.09],[438666.27,6710400.96],[438666.69,6710401.94],[438667.12,6710402.79],[438667.55,6710403.5],[438668.24,6710404.78],[438668.86,6710405.77],[438669.25,6710406.56],[438669.87,6710407.43],[438671.07,6710409.23],[438666.64,6710414.39],[438667.94,6710415.27],[438669.46,6710416.37],[438670.7,6710417.23],[438671.97,6710418.24],[438673.08,6710419.07],[438674.28,6710420.04],[438675.48,6710421.06],[438676.75,6710422.22],[438678.29,6710423.55],[438683.37,6710419.49],[438682.84,6710417.9],[438682.27,6710416.13]]]]}},{"type":"Feature","properties":{"idu":"49353000AW0101","section":"AW","numero":"0101","libelle":"AW 0101","code_insee":"49353","commune":"Trélazé","contenance":317},"geometry":{"type":"MultiPolygon","coordinates":[[[[438670.93,6710359.69],[438669.46,6710354.79],[438667.39,6710347.93],[438642.13,6710355.63],[438645.48,6710365.63],[438651.06,6710363.82],[438651.73,6710365.83],[438670.93,6710359.69]]]]}},{"type":"Feature","properties":{"idu":"49353000AW0102","section":"AW","numero":"0102","libelle":"AW 0102","code_insee":"49353","commune":"Trélazé","contenance":1752},"geometry":{"type":"MultiPolygon","coordinates":[[[[438628.94,6710360.34],[438632.08,6710359.54],[438631.83,6710358.13],[438640.01,6710355.88],[438642.13,6710355.63],[438667.39,6710347.93],[438665.6,6710341.79],[438663.13,6710333.45],[438660.31,6710324.3],[438658.63,6710318.52],[438656.18,6710310.4],[438645.45,6710313.66],[438639.08,6710315.7],[438632.2,6710317.8],[438626.05,6710319.86],[438620.28,6710321.75],[438617.27,6710322.74],[438614.61,6710323.63],[438613.61,6710324.0],[438612.53,6710324.56],[438610.95,6710325.34],[438609.04,6710326.38],[438606.16,6710327.95],[438603.68,6710329.28],[438602.63,6710339.79],[438620.34,6710333.38],[438627.35,6710350.93],[438627.91,6710350.96],[438628.29,6710351.05],[438628.62,6710351.17],[438628.82,6710351.26],[438629.11,6710351.41],[438629.32,6710351.63],[438629.61,6710351.96],[438629.78,6710352.2],[438629.95,6710352.55],[438629.99,6710352.88],[438630.04,6710353.18],[438630.08,6710353.5],[438630.05,6710353.88],[438629.96,6710354.1],[438629.91,6710354.37],[438629.81,6710354.62],[438629.64,6710354.83],[438629.46,6710355.04],[438629.25,6710355.26],[438628.98,6710355.43],[438628.54,6710355.67],[438628.06,6710355.81],[438628.94,6710360.34]]]]}},{"type":"Feature","properties":{"idu":"49353000AW0103","section":"AW","numero":"0103","libelle":"AW 0103","code_insee":"49353","commune":"Trélazé","contenance":665},"geometry":{"type":"MultiPolygon","coordinates":[[[[438607.48,6710365.91],[438616.87,6710363.45],[438628.94,6710360.34],[438628.06,6710355.81],[438628.54,6710355.67],[438628.98,6710355.43],[438629.25,6710355.26],[438629.46,6710355.04],[438629.64,6710354.83],[438629.81,6710354.62],[438629.91,6710354.37],[438629.96,6710354.1],[438630.05,6710353.88],[438630.08,6710353.5],[438630.04,6710353.18],[438629.99,6710352.88],[438629.95,6710352.55],[438629.78,6710352.2],[438629.61,6710351.96],[438629.32,6710351.63],[438629.11,6710351.41],[438628.82,6710351.26],[438628.62,6710351.17],[438628.29,6710351.05],[438627.91,6710350.96],[438627.35,6710350.93],[438620.34,6710333.38],[438602.63,6710339.79],[438602.18,6710343.88],[438601.79,6710347.14],[438601.57,6710349.38],[438601.45,6710350.75],[438601.3,6710352.15],[438601.2,6710353.28],[438601.1,6710354.27],[438601.07,6710355.16],[438601.06,6710356.27],[438601.03,6710357.9],[438601.05,6710359.43],[438601.05,6710360.34],[438601.08,6710361.27],[438601.15,6710362.25],[438601.18,6710363.12],[438606.35,6710361.71],[438607.48,6710365.91]]]]}},{"type":"Feature","properties":{"idu":"49353000AW0104","section":"AW","numero":"0104","libelle":"AW 0104","code_insee":"49353","commune":"Trélazé","contenance":24},"geometry":{"type":"MultiPolygon","coordinates":[[[[438607.48,6710365.91],[438606.35,6710361.71],[438601.18,6710363.12],[438601.3,6710364.54],[438601.4,6710366.17],[438601.53,6710367.51],[438603.35,6710366.98],[438607.48,6710365.91]]]]}},{"type":"Feature","properties":{"idu":"49353000AW0105","section":"AW","numero":"0105","libelle":"AW 0105","code_insee":"49353","commune":"Trélazé","contenance":551},"geometry":{"type":"MultiPolygon","coordinates":[[[[438603.35,6710366.98],[438603.89,6710368.63],[438601.74,6710369.29],[438602.06,6710372.9],[438602.37,6710375.98],[438602.7,6710379.43],[438603.17,6710383.43],[438603.4,6710385.38],[438637.31,6710374.18],[438632.08,6710359.54],[438628.94,6710360.34],[438616.87,6710363.45],[438607.48,6710365.91],[438603.35,6710366.98]]]]}},{"type":"Feature","properties":{"idu":"49353000AW0106","section":"AW","numero":"0106","libelle":"AW 0106","code_insee":"49353","commune":"Trélazé","contenance":571},"geometry":{"type":"MultiPolygon","coordinates":[[[[438603.4,6710385.38],[438603.17,6710383.43],[438602.7,6710379.43],[438602.37,6710375.98],[438602.06,6710372.9],[438601.74,6710369.29],[438601.53,6710367.51],[438601.4,6710366.17],[438601.3,6710364.54],[438601.18,6710363.12],[438601.15,6710362.25],[438601.08,6710361.27],[438601.05,6710360.34],[438601.05,6710359.43],[438601.03,6710357.9],[438601.06,6710356.27],[438601.07,6710355.16],[438601.1,6710354.27],[438601.2,6710353.28],[438601.3,6710352.15],[438601.45,6710350.75],[438601.57,6710349.38],[438601.79,6710347.14],[438602.18,6710343.88],[438602.63,6710339.79],[438603.68,6710329.28],[438602.45,6710329.97],[438601.26,6710330.68],[438599.83,6710331.6],[438598.07,6710332.83],[438596.71,6710333.81],[438595.09,6710335.03],[438593.96,6710335.88],[438593.35,6710336.52],[438592.89,6710337.03],[438592.47,6710337.58],[438592.35,6710337.96],[438592.17,6710338.63],[438592.0,6710339.33],[438591.88,6710340.15],[438591.82,6710341.46],[438591.73,6710342.55],[438591.57,6710345.77],[438591.34,6710350.13],[438591.13,6710354.05],[438590.98,6710356.71],[438590.9,6710358.87],[438590.83,6710360.12],[438590.84,6710361.24],[438590.89,6710362.11],[438590.99,6710363.02],[438591.16,6710364.18],[438591.56,6710366.54],[438591.94,6710369.38],[438592.5,6710373.28],[438593.15,6710377.47],[438593.57,6710380.42],[438594.25,6710385.07],[438594.83,6710388.89],[438599.46,6710389.56],[438603.95,6710390.22],[438603.4,6710385.38]]]]}},{"type":"Feature","properties":{"idu":"49353000AW0109","section":"AW","numero":"0109","libelle":"AW 0109","code_insee":"49353","commune":"Trélazé","contenance":212},"geometry":{"type":"MultiPolygon","coordinates":[[[[438833.83,6710686.56],[438833.09,6710685.29],[438835.19,6710688.91],[438842.06,6710685.39],[438850.93,6710680.8],[438854.93,6710678.8],[438860.59,6710675.93],[438865.13,6710673.68],[438869.17,6710671.61],[438867.83,6710669.15],[438866.68,6710666.93],[438859.69,6710670.34],[438854.14,6710673.12],[438851.5,6710674.45],[438842.57,6710678.96],[438832.52,6710684.13],[438833.83,6710686.56]]]]}},{"type":"Feature","properties":{"idu":"49353000AW0124","section":"AW","numero":"0124","libelle":"AW 0124","code_insee":"49353","commune":"Trélazé","contenance":362},"geometry":{"type":"MultiPolygon","coordinates":[[[[438303.65,6710653.4],[438286.67,6710647.67],[438284.83,6710653.05],[438280.08,6710667.18],[438297.28,6710672.87],[438303.65,6710653.4]]]]}},{"type":"Feature","properties":{"idu":"49353000AW0127","section":"AW","numero":"0127","libelle":"AW 0127","code_insee":"49353","commune":"Trélazé","contenance":180},"geometry":{"type":"MultiPolygon","coordinates":[[[[438303.65,6710653.4],[438306.77,6710644.07],[438300.89,6710642.18],[438295.08,6710640.31],[438289.74,6710638.59],[438287.64,6710644.8],[438286.67,6710647.67],[438303.65,6710653.4]]]]}},{"type":"Feature","properties":{"idu":"49353000AW0132","section":"AW","numero":"0132","libelle":"AW 0132","code_insee":"49353","commune":"Trélazé","contenance":35},"geometry":{"type":"MultiPolygon","coordinates":[[[[438890.19,6710666.01],[438888.65,6710661.05],[438883.31,6710665.0],[438881.41,6710666.41],[438881.24,6710669.1],[438884.42,6710668.01],[438890.19,6710666.01]]]]}},{"type":"Feature","properties":{"idu":"49353000AW0137","section":"AW","numero":"0137","libelle":"AW 0137","code_insee":"49353","commune":"Trélazé","contenance":111},"geometry":{"type":"MultiPolygon","coordinates":[[[[438918.92,6710660.98],[438935.19,6710660.01],[438934.8,6710654.26],[438919.1,6710653.84],[438919.04,6710656.12],[438918.92,6710660.98]]]]}},{"type":"Feature","properties":{"idu":"49353000AW0138","section":"AW","numero":"0138","libelle":"AW 0138","code_insee":"49353","commune":"Trélazé","contenance":784},"geometry":{"type":"MultiPolygon","coordinates":[[[[438925.03,6710704.14],[438936.31,6710705.48],[438936.28,6710703.86],[438936.26,6710702.55],[438936.27,6710701.09],[438936.33,6710696.02],[438936.29,6710694.47],[438936.21,6710691.34],[438936.01,6710686.37],[438935.85,6710682.72],[438936.43,6710682.82],[438936.37,6710681.14],[438935.19,6710660.01],[438918.92,6710660.98],[438918.58,6710673.92],[438917.51,6710703.27],[438925.03,6710704.14]]]]}},{"type":"Feature","properties":{"idu":"49353000AW0146","section":"AW","numero":"0146","libelle":"AW 0146","code_insee":"49353","commune":"Trélazé","contenance":371},"geometry":{"type":"MultiPolygon","coordinates":[[[[438845.12,6710749.29],[438851.42,6710748.82],[438850.82,6710739.53],[438850.46,6710733.87],[438850.07,6710727.06],[438849.38,6710715.35],[438849.07,6710710.34],[438848.25,6710696.97],[438843.39,6710697.38],[438842.26,6710697.48],[438840.44,6710697.63],[438840.61,6710699.85],[438841.17,6710706.87],[438842.02,6710717.65],[438842.04,6710717.86],[438842.17,6710719.4],[438842.41,6710722.63],[438842.87,6710728.13],[438843.04,6710730.2],[438844.28,6710739.76],[438845.12,6710749.29]]]]}},{"type":"Feature","properties":{"idu":"49353000AW0147","section":"AW","numero":"0147","libelle":"AW 0147","code_insee":"49353","commune":"Trélazé","contenance":175},"geometry":{"type":"MultiPolygon","coordinates":[[[[438839.34,6710749.72],[438845.12,6710749.29],[438844.28,6710739.76],[438843.04,6710730.2],[438842.87,6710728.13],[438839.88,6710728.29],[438835.15,6710728.56],[438835.24,6710732.07],[438833.83,6710734.03],[438834.67,6710737.23],[438834.82,6710738.6],[438835.09,6710742.07],[438838.68,6710741.86],[438839.34,6710749.72]]]]}},{"type":"Feature","properties":{"idu":"49353000AW0148","section":"AW","numero":"0148","libelle":"AW 0148","code_insee":"49353","commune":"Trélazé","contenance":269},"geometry":{"type":"MultiPolygon","coordinates":[[[[438990.63,6710693.57],[438984.83,6710693.0],[438985.79,6710717.05],[438985.88,6710719.13],[438986.12,6710725.01],[438986.16,6710725.96],[438986.75,6710739.55],[438992.42,6710739.18],[438992.16,6710732.31],[438991.51,6710715.94],[438990.63,6710693.57]]]]}},{"type":"Feature","properties":{"idu":"49353000AW0149","section":"AW","numero":"0149","libelle":"AW 0149","code_insee":"49353","commune":"Trélazé","contenance":520},"geometry":{"type":"MultiPolygon","coordinates":[[[[438990.63,6710693.57],[438991.51,6710715.94],[438992.16,6710732.31],[438992.42,6710739.18],[438999.83,6710738.67],[439004.4,6710738.35],[439003.97,6710728.08],[439003.77,6710723.23],[439003.7,6710721.72],[439003.67,6710720.88],[439003.52,6710717.37],[439003.49,6710716.93],[439002.29,6710694.72],[439001.23,6710694.61],[438990.63,6710693.57]]]]}},{"type":"Feature","properties":{"idu":"49353000AW0150","section":"AW","numero":"0150","libelle":"AW 0150","code_insee":"49353","commune":"Trélazé","contenance":70},"geometry":{"type":"MultiPolygon","coordinates":[[[[438890.19,6710666.01],[438893.56,6710664.84],[438894.24,6710664.59],[438900.7,6710662.34],[438897.54,6710654.69],[438892.16,6710658.54],[438888.65,6710661.05],[438890.19,6710666.01]]]]}},{"type":"Feature","properties":{"idu":"49353000AW0152","section":"AW","numero":"0152","libelle":"AW 0152","code_insee":"49353","commune":"Trélazé","contenance":496},"geometry":{"type":"MultiPolygon","coordinates":[[[[439061.33,6710704.91],[439073.93,6710705.97],[439077.57,6710706.25],[439083.0,6710706.68],[439087.22,6710706.99],[439092.34,6710707.37],[439093.4,6710692.38],[439080.06,6710690.91],[439071.48,6710689.97],[439070.49,6710689.86],[439060.6,6710688.77],[439060.63,6710689.27],[439061.33,6710704.91]]]]}},{"type":"Feature","properties":{"idu":"49353000AW0153","section":"AW","numero":"0153","libelle":"AW 0153","code_insee":"49353","commune":"Trélazé","contenance":428},"geometry":{"type":"MultiPolygon","coordinates":[[[[439061.33,6710704.91],[439061.52,6710709.26],[439063.89,6710709.12],[439064.17,6710719.04],[439064.2,6710720.26],[439077.89,6710721.26],[439091.21,6710722.27],[439092.34,6710707.37],[439087.22,6710706.99],[439083.0,6710706.68],[439077.57,6710706.25],[439073.93,6710705.97],[439061.33,6710704.91]]]]}},{"type":"Feature","properties":{"idu":"49353000AW0156","section":"AW","numero":"0156","libelle":"AW 0156","code_insee":"49353","commune":"Trélazé","contenance":308},"geometry":{"type":"MultiPolygon","coordinates":[[[[439064.2,6710720.26],[439064.38,6710730.45],[439064.39,6710731.08],[439064.55,6710740.21],[439064.71,6710745.13],[439069.94,6710745.79],[439076.06,6710746.59],[439076.42,6710741.41],[439077.06,6710732.66],[439077.09,6710732.07],[439077.89,6710721.26],[439064.2,6710720.26]]]]}},{"type":"Feature","properties":{"idu":"49353000AW0157","section":"AW","numero":"0157","libelle":"AW 0157","code_insee":"49353","commune":"Trélazé","contenance":342},"geometry":{"type":"MultiPolygon","coordinates":[[[[439076.06,6710746.59],[439080.88,6710747.24],[439082.81,6710747.49],[439089.33,6710748.41],[439090.24,6710735.86],[439090.43,6710733.28],[439091.21,6710722.27],[439077.89,6710721.26],[439077.09,6710732.07],[439077.06,6710732.66],[439076.42,6710741.41],[439076.06,6710746.59]]]]}},{"type":"Feature","properties":{"idu":"49353000AW0158","section":"AW","numero":"0158","libelle":"AW 0158","code_insee":"49353","commune":"Trélazé","contenance":49},"geometry":{"type":"MultiPolygon","coordinates":[[[[438900.7,6710662.34],[438906.16,6710660.48],[438904.56,6710656.68],[438902.27,6710651.26],[438897.54,6710654.69],[438900.7,6710662.34]]]]}},{"type":"Feature","properties":{"idu":"49353000AW0162","section":"AW","numero":"0162","libelle":"AW 0162","code_insee":"49353","commune":"Trélazé","contenance":645},"geometry":{"type":"MultiPolygon","coordinates":[[[[438415.37,6710712.27],[438417.6,6710705.0],[438418.74,6710696.05],[438420.19,6710685.1],[438406.28,6710683.44],[438397.87,6710682.43],[438391.53,6710681.65],[438391.48,6710686.51],[438395.28,6710686.45],[438395.27,6710693.11],[438394.69,6710698.07],[438393.85,6710701.08],[438392.83,6710704.75],[438394.66,6710705.36],[438396.5,6710705.98],[438404.7,6710708.74],[438415.37,6710712.27]]]]}},{"type":"Feature","properties":{"idu":"49353000AW0164","section":"AW","numero":"0164","libelle":"AW 0164","code_insee":"49353","commune":"Trélazé","contenance":171},"geometry":{"type":"MultiPolygon","coordinates":[[[[438902.27,6710651.26],[438904.56,6710656.68],[438906.16,6710660.48],[438916.14,6710657.1],[438915.79,6710651.4],[438915.46,6710645.95],[438915.23,6710642.33],[438908.86,6710646.73],[438906.63,6710648.26],[438902.27,6710651.26]]]]}},{"type":"Feature","properties":{"idu":"49353000AW0167","section":"AW","numero":"0167","libelle":"AW 0167","code_insee":"49353","commune":"Trélazé","contenance":153},"geometry":{"type":"MultiPolygon","coordinates":[[[[438306.77,6710644.07],[438303.65,6710653.4],[438297.28,6710672.87],[438302.07,6710674.52],[438304.2,6710667.99],[438306.37,6710661.28],[438311.43,6710645.7],[438311.26,6710645.52],[438306.77,6710644.07]]]]}},{"type":"Feature","properties":{"idu":"49353000AW0169","section":"AW","numero":"0169","libelle":"AW 0169","code_insee":"49353","commune":"Trélazé","contenance":1142},"geometry":{"type":"MultiPolygon","coordinates":[[[[438953.77,6710649.29],[438954.02,6710644.17],[438954.25,6710639.2],[438954.77,6710631.34],[438955.04,6710626.63],[438949.77,6710617.49],[438948.55,6710617.74],[438945.82,6710618.46],[438943.12,6710619.24],[438940.68,6710620.0],[438939.47,6710620.5],[438937.48,6710621.3],[438935.61,6710621.99],[438933.61,6710622.92],[438932.04,6710623.68],[438930.74,6710624.28],[438929.51,6710624.94],[438928.19,6710625.66],[438926.68,6710626.56],[438925.73,6710627.16],[438924.69,6710627.78],[438923.58,6710628.65],[438922.46,6710629.51],[438921.49,6710630.34],[438920.37,6710631.42],[438919.65,6710632.29],[438919.44,6710632.68],[438918.66,6710634.72],[438917.42,6710637.82],[438916.49,6710640.26],[438915.74,6710641.97],[438915.23,6710642.33],[438915.46,6710645.95],[438915.79,6710651.4],[438916.14,6710657.1],[438919.04,6710656.12],[438919.1,6710653.84],[438934.8,6710654.26],[438936.56,6710654.06],[438937.52,6710653.99],[438942.35,6710653.98],[438945.43,6710653.97],[438953.6,6710654.01],[438953.77,6710649.29]]]]}},{"type":"Feature","properties":{"idu":"49353000AW0170","section":"AW","numero":"0170","libelle":"AW 0170","code_insee":"49353","commune":"Trélazé","contenance":42},"geometry":{"type":"MultiPolygon","coordinates":[[[[438937.88,6710681.55],[438937.66,6710677.58],[438936.85,6710659.93],[438936.56,6710654.06],[438934.8,6710654.26],[438935.19,6710660.01],[438936.37,6710681.14],[438937.17,6710681.41],[438937.88,6710681.55]]]]}},{"type":"Feature","properties":{"idu":"49353000AW0172","section":"AW","numero":"0172","libelle":"AW 0172","code_insee":"49353","commune":"Trélazé","contenance":58},"geometry":{"type":"MultiPolygon","coordinates":[[[[438949.77,6710617.49],[438947.53,6710613.59],[438938.88,6710618.42],[438933.55,6710621.37],[438928.52,6710624.16],[438925.22,6710626.08],[438922.61,6710627.98],[438919.52,6710630.31],[438919.69,6710630.53],[438919.65,6710632.29],[438920.37,6710631.42],[438921.49,6710630.34],[438922.46,6710629.51],[438923.58,6710628.65],[438924.69,6710627.78],[438925.73,6710627.16],[438926.68,6710626.56],[438928.19,6710625.66],[438929.51,6710624.94],[438930.74,6710624.28],[438932.04,6710623.68],[438933.61,6710622.92],[438935.61,6710621.99],[438937.48,6710621.3],[438939.47,6710620.5],[438940.68,6710620.0],[438943.12,6710619.24],[438945.82,6710618.46],[438948.55,6710617.74],[438949.77,6710617.49]]]]}},{"type":"Feature","properties":{"idu":"49353000AW0176","section":"AW","numero":"0176","libelle":"AW 0176","code_insee":"49353","commune":"Trélazé","contenance":177},"geometry":{"type":"MultiPolygon","coordinates":[[[[438883.87,6710724.09],[438883.5,6710715.02],[438884.61,6710714.93],[438884.51,6710711.94],[438883.42,6710711.96],[438883.02,6710702.9],[438875.07,6710703.08],[438875.67,6710724.5],[438883.87,6710724.09]]]]}},{"type":"Feature","properties":{"idu":"49353000AW0177","section":"AW","numero":"0177","libelle":"AW 0177","code_insee":"49353","commune":"Trélazé","contenance":621},"geometry":{"type":"MultiPolygon","coordinates":[[[[438874.51,6710747.24],[438880.97,6710746.85],[438880.61,6710739.74],[438880.52,6710737.97],[438881.1,6710738.07],[438888.56,6710732.57],[438888.14,6710719.53],[438887.82,6710705.2],[438887.36,6710705.21],[438887.31,6710704.22],[438887.21,6710702.14],[438887.19,6710701.76],[438887.05,6710698.99],[438881.62,6710698.31],[438875.14,6710697.53],[438868.25,6710696.81],[438868.47,6710702.88],[438868.77,6710711.81],[438869.21,6710725.66],[438869.59,6710725.63],[438869.97,6710733.72],[438873.34,6710733.56],[438873.71,6710740.22],[438874.16,6710740.24],[438874.51,6710747.24]],[[438883.87,6710724.09],[438875.67,6710724.5],[438875.07,6710703.08],[438883.02,6710702.9],[438883.42,6710711.96],[438884.51,6710711.94],[438884.61,6710714.93],[438883.5,6710715.02],[438883.87,6710724.09]]]]}},{"type":"Feature","properties":{"idu":"49353000AW0179","section":"AW","numero":"0179","libelle":"AW 0179","code_insee":"49353","commune":"Trélazé","contenance":981},"geometry":{"type":"MultiPolygon","coordinates":[[[[438744.8,6710744.1],[438747.01,6710744.05],[438747.23,6710748.6],[438747.57,6710754.86],[438758.89,6710754.85],[438763.9,6710754.51],[438770.65,6710754.17],[438770.1,6710749.97],[438769.17,6710742.93],[438768.88,6710740.69],[438768.14,6710735.43],[438767.81,6710733.1],[438767.4,6710730.18],[438767.0,6710727.4],[438766.27,6710721.97],[438765.75,6710718.27],[438765.2,6710714.05],[438764.96,6710712.31],[438761.89,6710712.56],[438757.85,6710712.88],[438753.09,6710713.26],[438752.13,6710713.34],[438750.94,6710713.43],[438740.63,6710714.28],[438740.93,6710718.67],[438741.04,6710718.85],[438742.65,6710721.29],[438744.08,6710736.64],[438744.8,6710744.1]]]]}},{"type":"Feature","properties":{"idu":"49353000AW0184","section":"AW","numero":"0184","libelle":"AW 0184","code_insee":"49353","commune":"Trélazé","contenance":11},"geometry":{"type":"MultiPolygon","coordinates":[[[[438375.45,6710694.75],[438375.64,6710699.08],[438375.86,6710699.18],[438377.09,6710695.26],[438375.45,6710694.75]]]]}},{"type":"Feature","properties":{"idu":"49353000AW0188","section":"AW","numero":"0188","libelle":"AW 0188","code_insee":"49353","commune":"Trélazé","contenance":10419},"geometry":{"type":"MultiPolygon","coordinates":[[[[439039.54,6710549.53],[439050.68,6710533.94],[439049.69,6710514.76],[439048.14,6710484.02],[439046.39,6710449.09],[439045.24,6710426.55],[439039.79,6710427.47],[439038.77,6710427.65],[439035.31,6710428.21],[439031.53,6710428.83],[439018.31,6710430.91],[438996.57,6710434.36],[438975.34,6710437.71],[438954.47,6710441.03],[438945.17,6710442.5],[438945.71,6710450.02],[438946.28,6710457.6],[438947.09,6710469.07],[438947.57,6710476.36],[438948.16,6710484.29],[438948.91,6710495.24],[438949.57,6710504.4],[438949.93,6710510.3],[438950.53,6710518.27],[438950.96,6710523.48],[438985.49,6710533.7],[439021.74,6710544.3],[439039.54,6710549.53]]]]}},{"type":"Feature","properties":{"idu":"49353000AW0190","section":"AW","numero":"0190","libelle":"AW 0190","code_insee":"49353","commune":"Trélazé","contenance":153},"geometry":{"type":"MultiPolygon","coordinates":[[[[438302.07,6710674.52],[438307.03,6710676.2],[438311.43,6710662.53],[438316.4,6710647.26],[438311.43,6710645.7],[438306.37,6710661.28],[438304.2,6710667.99],[438302.07,6710674.52]]]]}},{"type":"Feature","properties":{"idu":"49353000AW0199","section":"AW","numero":"0199","libelle":"AW 0199","code_insee":"49353","commune":"Trélazé","contenance":479},"geometry":{"type":"MultiPolygon","coordinates":[[[[439068.61,6710622.93],[439081.3,6710624.1],[439098.74,6710625.46],[439099.94,6710609.43],[439069.87,6710606.94],[439069.34,6710614.1],[439068.61,6710622.93]]]]}},{"type":"Feature","properties":{"idu":"49353000AW0203","section":"AW","numero":"0203","libelle":"AW 0203","code_insee":"49353","commune":"Trélazé","contenance":795},"geometry":{"type":"MultiPolygon","coordinates":[[[[439068.31,6710582.88],[439084.29,6710582.68],[439096.66,6710582.66],[439102.02,6710582.64],[439102.26,6710579.64],[439102.43,6710577.37],[439102.98,6710570.17],[439104.14,6710556.68],[439102.81,6710556.72],[439100.75,6710556.88],[439099.16,6710557.04],[439097.79,6710557.25],[439096.03,6710557.48],[439094.56,6710557.67],[439092.92,6710558.0],[439090.13,6710558.53],[439087.59,6710559.09],[439084.97,6710559.64],[439083.43,6710560.0],[439082.52,6710560.25],[439081.4,6710560.57],[439080.33,6710560.93],[439079.2,6710561.34],[439078.06,6710561.73],[439077.16,6710562.12],[439075.83,6710562.66],[439074.02,6710563.48],[439072.0,6710564.36],[439069.22,6710565.56],[439067.29,6710566.45],[439068.31,6710582.88]]]]}},{"type":"Feature","properties":{"idu":"49353000AW0207","section":"AW","numero":"0207","libelle":"AW 0207","code_insee":"49353","commune":"Trélazé","contenance":402},"geometry":{"type":"MultiPolygon","coordinates":[[[[439069.87,6710606.94],[439099.94,6710609.43],[439100.17,6710606.86],[439095.82,6710606.53],[439091.56,6710606.22],[439082.48,6710605.53],[439084.29,6710582.68],[439068.31,6710582.88],[439068.71,6710589.03],[439069.33,6710598.37],[439069.34,6710598.55],[439069.87,6710606.94]]]]}},{"type":"Feature","properties":{"idu":"49353000AW0208","section":"AW","numero":"0208","libelle":"AW 0208","code_insee":"49353","commune":"Trélazé","contenance":415},"geometry":{"type":"MultiPolygon","coordinates":[[[[439100.17,6710606.86],[439100.88,6710597.07],[439101.67,6710587.09],[439102.02,6710582.64],[439096.66,6710582.66],[439084.29,6710582.68],[439082.48,6710605.53],[439091.56,6710606.22],[439095.82,6710606.53],[439100.17,6710606.86]]]]}},{"type":"Feature","properties":{"idu":"49353000AW0210","section":"AW","numero":"0210","libelle":"AW 0210","code_insee":"49353","commune":"Trélazé","contenance":61},"geometry":{"type":"MultiPolygon","coordinates":[[[[438661.24,6710739.14],[438660.3,6710741.38],[438660.05,6710754.36],[438664.55,6710754.42],[438664.53,6710738.8],[438661.24,6710739.14]]]]}},{"type":"Feature","properties":{"idu":"49353000AW0213","section":"AW","numero":"0213","libelle":"AW 0213","code_insee":"49353","commune":"Trélazé","contenance":148},"geometry":{"type":"MultiPolygon","coordinates":[[[[438688.03,6710720.12],[438688.43,6710723.75],[438688.37,6710727.69],[438703.45,6710722.95],[438728.57,6710715.31],[438716.23,6710716.85],[438702.46,6710718.4],[438688.03,6710720.12]]]]}},{"type":"Feature","properties":{"idu":"49353000AW0217","section":"AW","numero":"0217","libelle":"AW 0217","code_insee":"49353","commune":"Trélazé","contenance":126},"geometry":{"type":"MultiPolygon","coordinates":[[[[438680.02,6710720.94],[438678.94,6710721.42],[438677.6,6710722.6],[438672.06,6710728.01],[438665.09,6710734.55],[438662.71,6710736.85],[438662.29,6710737.35],[438661.77,6710738.12],[438661.24,6710739.14],[438664.53,6710738.8],[438671.06,6710738.05],[438671.39,6710738.02],[438675.17,6710737.65],[438676.3,6710737.66],[438676.23,6710733.62],[438678.85,6710728.73],[438680.02,6710720.94]]]]}},{"type":"Feature","properties":{"idu":"49353000AW0222","section":"AW","numero":"0222","libelle":"AW 0222","code_insee":"49353","commune":"Trélazé","contenance":38},"geometry":{"type":"MultiPolygon","coordinates":[[[[438937.46,6710719.26],[438937.83,6710724.15],[438943.84,6710723.77],[438946.02,6710723.51],[438945.83,6710718.86],[438943.6,6710718.97],[438937.46,6710719.26]]]]}},{"type":"Feature","properties":{"idu":"49353000AW0223","section":"AW","numero":"0223","libelle":"AW 0223","code_insee":"49353","commune":"Trélazé","contenance":148},"geometry":{"type":"MultiPolygon","coordinates":[[[[438937.46,6710719.26],[438943.6,6710718.97],[438945.83,6710718.86],[438945.54,6710712.46],[438945.15,6710702.31],[438942.84,6710702.38],[438941.12,6710702.44],[438940.87,6710702.44],[438938.15,6710702.5],[438936.26,6710702.55],[438936.28,6710703.86],[438936.31,6710705.48],[438936.33,6710707.52],[438936.33,6710709.3],[438936.35,6710710.79],[438936.9,6710710.81],[438937.22,6710715.66],[438937.46,6710719.26]]]]}},{"type":"Feature","properties":{"idu":"49353000AW0224","section":"AW","numero":"0224","libelle":"AW 0224","code_insee":"49353","commune":"Trélazé","contenance":180},"geometry":{"type":"MultiPolygon","coordinates":[[[[438937.88,6710681.55],[438937.17,6710681.41],[438936.37,6710681.14],[438936.43,6710682.82],[438935.85,6710682.72],[438936.01,6710686.37],[438936.21,6710691.34],[438936.29,6710694.47],[438936.33,6710696.02],[438936.27,6710701.09],[438936.26,6710702.55],[438938.15,6710702.5],[438940.87,6710702.44],[438941.12,6710702.44],[438942.84,6710702.38],[438945.15,6710702.31],[438944.83,6710694.37],[438944.38,6710683.35],[438944.32,6710682.01],[438943.08,6710682.15],[438940.64,6710681.86],[438939.22,6710681.73],[438937.88,6710681.55]]]]}},{"type":"Feature","properties":{"idu":"49353000AW0227","section":"AW","numero":"0227","libelle":"AW 0227","code_insee":"49353","commune":"Trélazé","contenance":4975},"geometry":{"type":"MultiPolygon","coordinates":[[[[438956.77,6710565.3],[438958.35,6710569.75],[438962.4,6710581.24],[438960.87,6710584.29],[438963.11,6710584.0],[438973.51,6710582.83],[438981.24,6710581.9],[438988.61,6710580.96],[438994.37,6710580.24],[439000.91,6710579.43],[439012.13,6710578.02],[439020.46,6710576.92],[439023.21,6710576.6],[439026.77,6710576.18],[439031.59,6710575.56],[439034.98,6710575.12],[439037.57,6710574.68],[439039.74,6710574.32],[439043.08,6710573.69],[439047.92,6710572.85],[439050.21,6710572.45],[439052.25,6710571.86],[439054.56,6710571.17],[439055.96,6710570.8],[439057.98,6710570.21],[439059.68,6710569.56],[439061.09,6710569.04],[439062.48,6710568.47],[439063.68,6710568.01],[439064.95,6710567.49],[439066.4,6710566.84],[439067.29,6710566.45],[439069.22,6710565.56],[439072.0,6710564.36],[439074.02,6710563.48],[439075.83,6710562.66],[439077.16,6710562.12],[439078.06,6710561.73],[439079.2,6710561.34],[439080.33,6710560.93],[439081.4,6710560.57],[439082.52,6710560.25],[439083.43,6710560.0],[439084.97,6710559.64],[439087.59,6710559.09],[439090.13,6710558.53],[439092.92,6710558.0],[439094.56,6710557.67],[439096.03,6710557.48],[439097.79,6710557.25],[439099.16,6710557.04],[439100.75,6710556.88],[439102.81,6710556.72],[439104.14,6710556.68],[439108.01,6710557.27],[439111.36,6710556.93],[439112.86,6710556.68],[439116.75,6710556.08],[439120.47,6710555.24],[439132.79,6710552.69],[439132.46,6710539.58],[439106.24,6710544.41],[439080.31,6710549.22],[439065.65,6710552.11],[439053.74,6710550.97],[439041.85,6710549.8],[439039.54,6710549.53],[439021.74,6710544.3],[438985.49,6710533.7],[438950.96,6710523.48],[438951.54,6710527.99],[438953.42,6710541.88],[438955.15,6710554.22],[438956.77,6710565.3]]]]}},{"type":"Feature","properties":{"idu":"49353000AW0229","section":"AW","numero":"0229","libelle":"AW 0229","code_insee":"49353","commune":"Trélazé","contenance":101},"geometry":{"type":"MultiPolygon","coordinates":[[[[438821.02,6710751.09],[438820.02,6710738.88],[438824.05,6710738.46],[438823.73,6710734.16],[438818.93,6710734.34],[438814.84,6710734.65],[438814.96,6710736.3],[438815.6,6710744.52],[438816.15,6710751.44],[438821.02,6710751.09]]]]}},{"type":"Feature","properties":{"idu":"49353000AW0230","section":"AW","numero":"0230","libelle":"AW 0230","code_insee":"49353","commune":"Trélazé","contenance":112},"geometry":{"type":"MultiPolygon","coordinates":[[[[438813.83,6710722.15],[438814.05,6710724.95],[438814.84,6710734.65],[438818.93,6710734.34],[438823.73,6710734.16],[438823.44,6710730.9],[438823.19,6710722.76],[438823.15,6710721.61],[438813.83,6710722.15]]]]}},{"type":"Feature","properties":{"idu":"49353000AW0231","section":"AW","numero":"0231","libelle":"AW 0231","code_insee":"49353","commune":"Trélazé","contenance":2},"geometry":{"type":"MultiPolygon","coordinates":[[[[438431.6,6710713.24],[438430.25,6710717.21],[438431.1,6710717.53],[438431.6,6710713.24]]]]}},{"type":"Feature","properties":{"idu":"49353000AW0232","section":"AW","numero":"0232","libelle":"AW 0232","code_insee":"49353","commune":"Trélazé","contenance":3126},"geometry":{"type":"MultiPolygon","coordinates":[[[[438415.37,6710712.27],[438430.25,6710717.21],[438431.6,6710713.24],[438431.88,6710710.98],[438434.17,6710692.91],[438437.97,6710659.21],[438442.03,6710620.85],[438416.51,6710626.35],[438391.51,6710631.89],[438391.55,6710635.93],[438391.52,6710661.05],[438391.52,6710665.83],[438391.53,6710681.65],[438397.87,6710682.43],[438406.28,6710683.44],[438420.19,6710685.1],[438418.74,6710696.05],[438417.6,6710705.0],[438415.37,6710712.27]]]]}},{"type":"Feature","properties":{"idu":"49353000AW0233","section":"AW","numero":"0233","libelle":"AW 0233","code_insee":"49353","commune":"Trélazé","contenance":539},"geometry":{"type":"MultiPolygon","coordinates":[[[[438250.15,6710641.88],[438254.51,6710643.32],[438258.63,6710644.68],[438255.89,6710652.99],[438263.63,6710655.46],[438266.29,6710647.1],[438275.88,6710650.15],[438284.83,6710653.05],[438286.67,6710647.67],[438287.64,6710644.8],[438289.74,6710638.59],[438283.28,6710636.52],[438263.87,6710630.31],[438254.95,6710627.46],[438250.15,6710641.88]]]]}},{"type":"Feature","properties":{"idu":"49353000AW0237","section":"AW","numero":"0237","libelle":"AW 0237","code_insee":"49353","commune":"Trélazé","contenance":592},"geometry":{"type":"MultiPolygon","coordinates":[[[[439037.94,6710659.0],[439018.76,6710657.22],[439020.06,6710681.29],[439020.81,6710696.5],[439022.32,6710696.62],[439024.77,6710696.86],[439028.6,6710697.22],[439027.99,6710685.93],[439036.65,6710686.67],[439037.31,6710677.51],[439037.98,6710668.06],[439038.03,6710667.48],[439038.64,6710659.11],[439037.94,6710659.0]]]]}},{"type":"Feature","properties":{"idu":"49353000AW0238","section":"AW","numero":"0238","libelle":"AW 0238","code_insee":"49353","commune":"Trélazé","contenance":479},"geometry":{"type":"MultiPolygon","coordinates":[[[[439055.32,6710660.65],[439051.93,6710660.31],[439038.64,6710659.11],[439038.03,6710667.48],[439037.98,6710668.06],[439037.31,6710677.51],[439036.65,6710686.67],[439053.59,6710688.38],[439055.32,6710660.65]]]]}},{"type":"Feature","properties":{"idu":"49353000AW0239","section":"AW","numero":"0239","libelle":"AW 0239","code_insee":"49353","commune":"Trélazé","contenance":134},"geometry":{"type":"MultiPolygon","coordinates":[[[[438946.04,6710725.56],[438943.69,6710725.7],[438937.98,6710726.04],[438939.25,6710742.78],[438944.91,6710742.38],[438946.78,6710742.24],[438946.33,6710731.96],[438946.24,6710730.03],[438946.09,6710726.71],[438946.04,6710725.56]]]]}},{"type":"Feature","properties":{"idu":"49353000AW0240","section":"AW","numero":"0240","libelle":"AW 0240","code_insee":"49353","commune":"Trélazé","contenance":14},"geometry":{"type":"MultiPolygon","coordinates":[[[[438946.04,6710725.56],[438946.02,6710723.51],[438943.84,6710723.77],[438937.83,6710724.15],[438937.98,6710726.04],[438943.69,6710725.7],[438946.04,6710725.56]]]]}},{"type":"Feature","properties":{"idu":"49353000AW0241","section":"AW","numero":"0241","libelle":"AW 0241","code_insee":"49353","commune":"Trélazé","contenance":596},"geometry":{"type":"MultiPolygon","coordinates":[[[[439055.96,6710570.8],[439054.56,6710571.17],[439052.25,6710571.86],[439050.21,6710572.45],[439047.92,6710572.85],[439043.08,6710573.69],[439039.74,6710574.32],[439037.52,6710604.1],[439042.61,6710604.54],[439049.71,6710605.19],[439056.01,6710605.77],[439056.02,6710597.18],[439056.04,6710594.07],[439056.04,6710586.99],[439055.94,6710579.99],[439055.96,6710570.8]]]]}},{"type":"Feature","properties":{"idu":"49353000AW0242","section":"AW","numero":"0242","libelle":"AW 0242","code_insee":"49353","commune":"Trélazé","contenance":94},"geometry":{"type":"MultiPolygon","coordinates":[[[[439055.96,6710570.8],[439055.94,6710579.99],[439056.04,6710586.99],[439056.04,6710594.07],[439056.02,6710597.18],[439056.01,6710605.77],[439060.04,6710606.1],[439059.83,6710604.15],[439059.65,6710601.14],[439059.53,6710599.01],[439059.33,6710595.55],[439059.14,6710592.73],[439058.96,6710589.48],[439058.83,6710587.37],[439058.63,6710584.24],[439058.45,6710581.44],[439058.34,6710579.13],[439058.21,6710576.81],[439057.98,6710570.21],[439055.96,6710570.8]]]]}},{"type":"Feature","properties":{"idu":"49353000AW0247","section":"AW","numero":"0247","libelle":"AW 0247","code_insee":"49353","commune":"Trélazé","contenance":35815},"geometry":{"type":"MultiPolygon","coordinates":[[[[439039.54,6710549.53],[439041.85,6710549.8],[439053.74,6710550.97],[439065.65,6710552.11],[439065.65,6710549.57],[439065.63,6710546.1],[439065.6,6710543.52],[439065.58,6710541.9],[439065.45,6710539.66],[439065.3,6710538.05],[439065.15,6710536.08],[439065.02,6710534.79],[439064.89,6710533.4],[439064.76,6710532.27],[439064.55,6710530.9],[439064.34,6710529.58],[439064.2,6710528.5],[439064.06,6710527.54],[439063.94,6710526.87],[439063.63,6710525.54],[439063.27,6710524.03],[439062.89,6710522.61],[439062.34,6710521.04],[439061.88,6710519.95],[439061.43,6710518.77],[439061.1,6710517.9],[439060.74,6710516.97],[439060.45,6710516.21],[439060.32,6710515.69],[439060.14,6710515.07],[439060.01,6710514.44],[439059.88,6710513.98],[439059.85,6710513.4],[439059.89,6710512.3],[439059.91,6710511.44],[439060.18,6710509.64],[439060.53,6710507.96],[439060.89,6710506.61],[439061.06,6710505.55],[439061.26,6710504.52],[439061.48,6710503.54],[439061.72,6710502.46],[439061.97,6710501.29],[439062.18,6710500.14],[439062.48,6710498.73],[439062.88,6710497.18],[439063.49,6710494.33],[439064.32,6710490.44],[439065.18,6710486.67],[439065.84,6710483.95],[439066.37,6710481.45],[439066.8,6710479.35],[439067.18,6710477.63],[439067.47,6710476.13],[439067.68,6710475.17],[439067.9,6710473.79],[439068.12,6710472.53],[439068.25,6710471.5],[439068.35,6710470.23],[439068.45,6710468.75],[439068.49,6710467.05],[439068.55,6710465.39],[439068.56,6710463.89],[439068.59,6710461.92],[439068.66,6710460.27],[439068.67,6710458.62],[439068.65,6710457.27],[439068.65,6710456.14],[439068.65,6710454.98],[439068.59,6710453.22],[439068.5,6710451.65],[439068.38,6710450.46],[439068.2,6710448.73],[439068.03,6710447.43],[439067.8,6710445.86],[439067.54,6710444.26],[439067.27,6710442.88],[439066.91,6710441.14],[439066.52,6710439.24],[439066.15,6710437.63],[439065.83,6710436.12],[439065.57,6710434.88],[439065.27,6710433.67],[439065.01,6710432.69],[439064.69,6710431.6],[439064.37,6710430.47],[439064.08,6710429.33],[439063.9,6710428.58],[439063.73,6710427.72],[439063.65,6710426.97],[439063.61,6710426.42],[439063.62,6710425.85],[439063.72,6710425.13],[439063.88,6710424.21],[439064.05,6710423.55],[439064.26,6710422.89],[439064.92,6710421.51],[439065.48,6710420.34],[439066.17,6710419.02],[439066.72,6710418.08],[439067.07,6710417.34],[439067.35,6710416.76],[439067.56,6710416.28],[439067.83,6710415.81],[439068.09,6710415.21],[439068.38,6710414.59],[439068.57,6710414.26],[439068.76,6710413.78],[439068.88,6710413.37],[439069.11,6710412.96],[439069.34,6710412.23],[439069.67,6710411.3],[439069.92,6710410.4],[439070.23,6710409.75],[439070.47,6710409.18],[439070.84,6710408.4],[439071.18,6710407.72],[439071.43,6710407.19],[439071.98,6710406.37],[439072.68,6710405.39],[439073.48,6710404.36],[439074.53,6710403.06],[439075.44,6710401.93],[439076.63,6710400.52],[439077.76,6710399.18],[439079.0,6710397.83],[439080.74,6710395.95],[439071.96,6710392.62],[439061.35,6710388.49],[439051.68,6710384.76],[439043.1,6710381.28],[439042.57,6710380.81],[439041.93,6710380.19],[439041.02,6710379.22],[439040.35,6710378.33],[439039.67,6710377.49],[439039.02,6710376.66],[439038.59,6710376.01],[439038.06,6710375.24],[439037.66,6710374.65],[439037.2,6710373.92],[439036.66,6710372.97],[439036.07,6710372.01],[439035.42,6710370.76],[439034.76,6710369.54],[439034.27,6710368.64],[439033.94,6710367.95],[439033.57,6710367.0],[439033.1,6710365.81],[439032.58,6710364.39],[439032.14,6710363.18],[439031.62,6710361.6],[439031.31,6710360.78],[439031.09,6710360.15],[439030.85,6710359.37],[439030.63,6710358.4],[439030.43,6710357.53],[439030.11,6710356.06],[439029.45,6710353.51],[439029.07,6710352.13],[439028.81,6710351.39],[439028.4,6710350.18],[439027.9,6710349.33],[439025.25,6710347.66],[439021.86,6710345.61],[439017.7,6710343.09],[439015.02,6710341.42],[439012.72,6710339.92],[439004.74,6710334.28],[438988.65,6710323.0],[438966.75,6710307.42],[438941.84,6710294.8],[438924.99,6710286.18],[438919.09,6710282.02],[438883.03,6710254.86],[438864.35,6710240.67],[438801.89,6710427.27],[438947.57,6710476.36],[438947.09,6710469.07],[438946.28,6710457.6],[438945.71,6710450.02],[438945.17,6710442.5],[438954.47,6710441.03],[438975.34,6710437.71],[438996.57,6710434.36],[439018.31,6710430.91],[439031.53,6710428.83],[439035.31,6710428.21],[439038.77,6710427.65],[439039.79,6710427.47],[439045.24,6710426.55],[439046.39,6710449.09],[439048.14,6710484.02],[439049.69,6710514.76],[439050.68,6710533.94],[439039.54,6710549.53]]]]}},{"type":"Feature","properties":{"idu":"49353000AW0252","section":"AW","numero":"0252","libelle":"AW 0252","code_insee":"49353","commune":"Trélazé","contenance":615},"geometry":{"type":"MultiPolygon","coordinates":[[[[438375.45,6710694.75],[438377.09,6710695.26],[438375.86,6710699.18],[438381.06,6710700.92],[438383.88,6710692.74],[438383.93,6710692.58],[438382.02,6710685.34],[438381.86,6710685.32],[438381.79,6710682.14],[438381.69,6710677.65],[438382.85,6710677.6],[438382.82,6710676.05],[438383.55,6710676.03],[438383.25,6710670.72],[438382.56,6710657.43],[438381.47,6710634.25],[438380.38,6710634.23],[438380.83,6710623.24],[438376.55,6710622.79],[438372.48,6710622.34],[438372.71,6710628.64],[438372.79,6710630.83],[438373.3,6710643.12],[438373.63,6710651.05],[438373.97,6710660.04],[438374.16,6710664.9],[438374.37,6710669.09],[438374.63,6710674.73],[438374.73,6710677.85],[438374.92,6710681.85],[438375.03,6710684.71],[438375.45,6710694.75]]]]}},{"type":"Feature","properties":{"idu":"49353000AW0253","section":"AW","numero":"0253","libelle":"AW 0253","code_insee":"49353","commune":"Trélazé","contenance":14},"geometry":{"type":"MultiPolygon","coordinates":[[[[438391.55,6710635.93],[438391.51,6710631.89],[438389.07,6710629.97],[438387.68,6710632.96],[438387.48,6710633.38],[438391.55,6710635.93]]]]}},{"type":"Feature","properties":{"idu":"49353000AW0256","section":"AW","numero":"0256","libelle":"AW 0256","code_insee":"49353","commune":"Trélazé","contenance":10},"geometry":{"type":"MultiPolygon","coordinates":[[[[438940.64,6710681.86],[438940.26,6710677.36],[438937.66,6710677.58],[438937.88,6710681.55],[438939.22,6710681.73],[438940.64,6710681.86]]]]}},{"type":"Feature","properties":{"idu":"49353000AW0257","section":"AW","numero":"0257","libelle":"AW 0257","code_insee":"49353","commune":"Trélazé","contenance":5},"geometry":{"type":"MultiPolygon","coordinates":[[[[438954.96,6710681.33],[438954.89,6710679.52],[438952.26,6710679.67],[438952.34,6710681.48],[438954.96,6710681.33]]]]}},{"type":"Feature","properties":{"idu":"49353000AW0258","section":"AW","numero":"0258","libelle":"AW 0258","code_insee":"49353","commune":"Trélazé","contenance":1700},"geometry":{"type":"MultiPolygon","coordinates":[[[[438632.08,6710359.54],[438637.31,6710374.18],[438603.4,6710385.38],[438603.95,6710390.22],[438607.52,6710390.76],[438611.39,6710391.35],[438615.2,6710391.99],[438618.13,6710392.45],[438621.72,6710393.16],[438623.62,6710393.57],[438625.06,6710393.92],[438626.77,6710394.4],[438628.78,6710395.02],[438630.61,6710395.61],[438633.5,6710396.59],[438635.34,6710397.26],[438637.11,6710397.91],[438638.6,6710398.49],[438639.57,6710398.94],[438640.78,6710399.56],[438641.81,6710400.09],[438642.75,6710400.65],[438644.38,6710401.49],[438646.22,6710402.51],[438649.1,6710404.01],[438651.77,6710405.52],[438653.48,6710406.46],[438655.47,6710407.62],[438656.87,6710408.4],[438658.15,6710409.2],[438659.6,6710410.04],[438661.37,6710411.05],[438662.98,6710412.02],[438664.26,6710412.78],[438665.71,6710413.75],[438666.64,6710414.39],[438671.07,6710409.23],[438669.87,6710407.43],[438669.25,6710406.56],[438668.86,6710405.77],[438668.24,6710404.78],[438667.55,6710403.5],[438667.12,6710402.79],[438666.69,6710401.94],[438666.27,6710400.96],[438665.89,6710400.09],[438665.43,6710398.95],[438664.92,6710397.69],[438664.14,6710395.72],[438663.79,6710394.6],[438663.29,6710392.99],[438662.77,6710391.18],[438662.09,6710388.88],[438661.29,6710386.44],[438659.03,6710381.17],[438661.98,6710379.93],[438658.46,6710371.93],[438670.44,6710366.95],[438672.83,6710365.92],[438670.93,6710359.69],[438651.73,6710365.83],[438651.06,6710363.82],[438645.48,6710365.63],[438642.13,6710355.63],[438640.01,6710355.88],[438631.83,6710358.13],[438632.08,6710359.54]]]]}},{"type":"Feature","properties":{"idu":"49353000AW0259","section":"AW","numero":"0259","libelle":"AW 0259","code_insee":"49353","commune":"Trélazé","contenance":8},"geometry":{"type":"MultiPolygon","coordinates":[[[[438603.35,6710366.98],[438601.53,6710367.51],[438601.74,6710369.29],[438603.89,6710368.63],[438603.35,6710366.98]]]]}},{"type":"Feature","properties":{"idu":"49353000AW0266","section":"AW","numero":"0266","libelle":"AW 0266","code_insee":"49353","commune":"Trélazé","contenance":1597},"geometry":{"type":"MultiPolygon","coordinates":[[[[438703.45,6710722.95],[438688.37,6710727.69],[438688.37,6710729.16],[438688.36,6710733.66],[438685.17,6710733.8],[438685.08,6710741.62],[438685.05,6710744.35],[438685.04,6710745.65],[438684.93,6710754.71],[438697.77,6710754.82],[438710.85,6710754.98],[438722.84,6710754.97],[438724.9,6710754.97],[438732.32,6710754.94],[438733.48,6710754.93],[438733.5,6710745.76],[438733.5,6710744.57],[438732.8,6710744.61],[438731.48,6710721.08],[438734.43,6710720.84],[438734.32,6710719.39],[438731.29,6710719.64],[438731.19,6710718.8],[438728.86,6710718.98],[438728.57,6710715.31],[438703.45,6710722.95]]]]}},{"type":"Feature","properties":{"idu":"49353000AW0267","section":"AW","numero":"0267","libelle":"AW 0267","code_insee":"49353","commune":"Trélazé","contenance":142},"geometry":{"type":"MultiPolygon","coordinates":[[[[438733.48,6710754.93],[438734.03,6710754.93],[438747.57,6710754.86],[438747.23,6710748.6],[438747.01,6710744.05],[438744.8,6710744.1],[438733.5,6710744.57],[438733.5,6710745.76],[438733.48,6710754.93]]]]}},{"type":"Feature","properties":{"idu":"49353000AW0268","section":"AW","numero":"0268","libelle":"AW 0268","code_insee":"49353","commune":"Trélazé","contenance":258},"geometry":{"type":"MultiPolygon","coordinates":[[[[438728.57,6710715.31],[438728.86,6710718.98],[438731.19,6710718.8],[438731.29,6710719.64],[438734.32,6710719.39],[438734.43,6710720.84],[438731.48,6710721.08],[438732.8,6710744.61],[438733.5,6710744.57],[438733.51,6710736.68],[438744.08,6710736.64],[438742.65,6710721.29],[438741.04,6710718.85],[438740.93,6710718.67],[438740.63,6710714.28],[438728.57,6710715.31]]]]}},{"type":"Feature","properties":{"idu":"49353000AW0269","section":"AW","numero":"0269","libelle":"AW 0269","code_insee":"49353","commune":"Trélazé","contenance":80},"geometry":{"type":"MultiPolygon","coordinates":[[[[438733.5,6710744.57],[438744.8,6710744.1],[438744.08,6710736.64],[438733.51,6710736.68],[438733.5,6710744.57]]]]}},{"type":"Feature","properties":{"idu":"49353000AW0270","section":"AW","numero":"0270","libelle":"AW 0270","code_insee":"49353","commune":"Trélazé","contenance":230},"geometry":{"type":"MultiPolygon","coordinates":[[[[438240.82,6710474.23],[438240.55,6710474.65],[438240.21,6710481.37],[438239.75,6710492.29],[438239.34,6710501.88],[438238.95,6710511.28],[438238.91,6710512.32],[438244.47,6710512.55],[438246.38,6710492.53],[438246.32,6710474.9],[438240.82,6710474.23]]]]}},{"type":"Feature","properties":{"idu":"49353000AW0272","section":"AW","numero":"0272","libelle":"AW 0272","code_insee":"49353","commune":"Trélazé","contenance":617},"geometry":{"type":"MultiPolygon","coordinates":[[[[438993.89,6710652.16],[438994.03,6710654.8],[439000.75,6710655.47],[439010.47,6710656.42],[439011.07,6710656.48],[439011.28,6710654.13],[439013.82,6710626.23],[439014.27,6710621.31],[438996.88,6710619.33],[438995.51,6710634.41],[438993.89,6710652.16]]]]}},{"type":"Feature","properties":{"idu":"49353000AW0275","section":"AW","numero":"0275","libelle":"AW 0275","code_insee":"49353","commune":"Trélazé","contenance":585},"geometry":{"type":"MultiPolygon","coordinates":[[[[438981.19,6710692.64],[438984.83,6710693.0],[438990.63,6710693.57],[439001.23,6710694.61],[439000.75,6710655.47],[438994.03,6710654.8],[438994.19,6710657.55],[438993.96,6710669.76],[438980.73,6710669.53],[438981.19,6710692.64]]]]}},{"type":"Feature","properties":{"idu":"49353000AW0277","section":"AW","numero":"0277","libelle":"AW 0277","code_insee":"49353","commune":"Trélazé","contenance":2},"geometry":{"type":"MultiPolygon","coordinates":[[[[438954.62,6710735.51],[438954.59,6710734.62],[438954.55,6710733.45],[438953.62,6710733.52],[438954.0,6710735.55],[438954.62,6710735.51]]]]}},{"type":"Feature","properties":{"idu":"49353000AW0278","section":"AW","numero":"0278","libelle":"AW 0278","code_insee":"49353","commune":"Trélazé","contenance":961},"geometry":{"type":"MultiPolygon","coordinates":[[[[438951.3,6710682.84],[438952.27,6710705.13],[438952.83,6710719.13],[438952.59,6710719.15],[438952.99,6710727.23],[438953.12,6710729.8],[438953.18,6710730.83],[438953.32,6710733.54],[438953.62,6710733.52],[438954.55,6710733.45],[438954.59,6710734.62],[438954.62,6710735.51],[438954.72,6710735.51],[438954.62,6710741.7],[438961.48,6710741.26],[438968.09,6710740.75],[438973.37,6710740.42],[438973.08,6710737.57],[438972.84,6710735.29],[438972.74,6710734.41],[438972.59,6710733.49],[438972.36,6710732.17],[438971.93,6710730.46],[438971.17,6710726.99],[438970.11,6710722.35],[438969.48,6710719.31],[438968.97,6710716.82],[438968.67,6710715.33],[438968.39,6710713.7],[438967.78,6710709.08],[438967.4,6710705.6],[438966.73,6710699.41],[438966.18,6710694.86],[438966.1,6710694.18],[438966.0,6710693.25],[438965.9,6710692.4],[438965.84,6710691.16],[438965.82,6710689.87],[438965.87,6710688.54],[438965.93,6710682.36],[438965.94,6710681.9],[438955.57,6710682.57],[438951.3,6710682.84]]]]}},{"type":"Feature","properties":{"idu":"49353000AW0279","section":"AW","numero":"0279","libelle":"AW 0279","code_insee":"49353","commune":"Trélazé","contenance":5},"geometry":{"type":"MultiPolygon","coordinates":[[[[438954.62,6710741.7],[438954.72,6710735.51],[438954.62,6710735.51],[438954.0,6710735.55],[438953.42,6710735.57],[438953.74,6710741.77],[438954.62,6710741.7]]]]}},{"type":"Feature","properties":{"idu":"49353000AW0282","section":"AW","numero":"0282","libelle":"AW 0282","code_insee":"49353","commune":"Trélazé","contenance":24},"geometry":{"type":"MultiPolygon","coordinates":[[[[438992.88,6710634.24],[438993.32,6710640.39],[438993.42,6710642.33],[438993.76,6710649.41],[438993.76,6710649.44],[438993.89,6710652.16],[438995.51,6710634.41],[438992.88,6710634.24]]]]}},{"type":"Feature","properties":{"idu":"49353000AW0284","section":"AW","numero":"0284","libelle":"AW 0284","code_insee":"49353","commune":"Trélazé","contenance":224},"geometry":{"type":"MultiPolygon","coordinates":[[[[438955.65,6710681.28],[438965.97,6710680.6],[438966.49,6710668.95],[438966.51,6710668.58],[438967.0,6710658.16],[438960.48,6710658.51],[438957.01,6710658.7],[438955.65,6710681.28]]]]}},{"type":"Feature","properties":{"idu":"49353000AW0291","section":"AW","numero":"0291","libelle":"AW 0291","code_insee":"49353","commune":"Trélazé","contenance":675},"geometry":{"type":"MultiPolygon","coordinates":[[[[439071.48,6710689.97],[439080.06,6710690.91],[439093.4,6710692.38],[439093.67,6710688.24],[439094.4,6710678.72],[439094.99,6710671.47],[439095.56,6710664.53],[439074.8,6710662.63],[439071.42,6710662.29],[439070.49,6710689.86],[439071.48,6710689.97]]]]}},{"type":"Feature","properties":{"idu":"49353000AW0292","section":"AW","numero":"0292","libelle":"AW 0292","code_insee":"49353","commune":"Trélazé","contenance":448},"geometry":{"type":"MultiPolygon","coordinates":[[[[439053.59,6710688.38],[439060.63,6710689.27],[439060.6,6710688.77],[439070.49,6710689.86],[439071.42,6710662.29],[439055.32,6710660.65],[439053.59,6710688.38]]]]}},{"type":"Feature","properties":{"idu":"49353000AW0294","section":"AW","numero":"0294","libelle":"AW 0294","code_insee":"49353","commune":"Trélazé","contenance":67},"geometry":{"type":"MultiPolygon","coordinates":[[[[439040.74,6710627.47],[439040.62,6710628.99],[439040.36,6710632.26],[439054.24,6710633.56],[439054.55,6710628.86],[439040.74,6710627.47]]]]}},{"type":"Feature","properties":{"idu":"49353000AW0301","section":"AW","numero":"0301","libelle":"AW 0301","code_insee":"49353","commune":"Trélazé","contenance":166},"geometry":{"type":"MultiPolygon","coordinates":[[[[438835.97,6710698.03],[438832.63,6710698.31],[438832.95,6710712.46],[438833.09,6710718.11],[438842.04,6710717.86],[438842.02,6710717.65],[438841.17,6710706.87],[438840.61,6710699.85],[438840.44,6710697.63],[438835.97,6710698.03]]]]}},{"type":"Feature","properties":{"idu":"49353000AW0302","section":"AW","numero":"0302","libelle":"AW 0302","code_insee":"49353","commune":"Trélazé","contenance":179},"geometry":{"type":"MultiPolygon","coordinates":[[[[438821.99,6710699.18],[438818.83,6710699.46],[438815.4,6710699.73],[438813.35,6710699.96],[438812.1,6710700.2],[438812.34,6710703.25],[438812.96,6710710.99],[438813.28,6710715.11],[438813.32,6710715.64],[438813.46,6710717.45],[438817.4,6710718.42],[438822.76,6710718.37],[438821.99,6710699.18]]]]}},{"type":"Feature","properties":{"idu":"49353000AW0303","section":"AW","numero":"0303","libelle":"AW 0303","code_insee":"49353","commune":"Trélazé","contenance":187},"geometry":{"type":"MultiPolygon","coordinates":[[[[438831.06,6710698.44],[438826.07,6710698.85],[438822.49,6710699.13],[438821.99,6710699.18],[438822.76,6710718.37],[438832.43,6710718.25],[438831.06,6710698.44]]]]}},{"type":"Feature","properties":{"idu":"49353000AW0304","section":"AW","numero":"0304","libelle":"AW 0304","code_insee":"49353","commune":"Trélazé","contenance":27},"geometry":{"type":"MultiPolygon","coordinates":[[[[438831.6,6710698.39],[438831.06,6710698.44],[438832.43,6710718.25],[438833.09,6710718.24],[438832.95,6710712.46],[438832.63,6710698.31],[438831.6,6710698.39]]]]}},{"type":"Feature","properties":{"idu":"49353000AW0306","section":"AW","numero":"0306","libelle":"AW 0306","code_insee":"49353","commune":"Trélazé","contenance":43},"geometry":{"type":"MultiPolygon","coordinates":[[[[438825.71,6710750.75],[438826.81,6710750.67],[438831.42,6710750.27],[438830.87,6710742.99],[438825.39,6710743.15],[438825.71,6710750.75]]]]}},{"type":"Feature","properties":{"idu":"49353000AW0307","section":"AW","numero":"0307","libelle":"AW 0307","code_insee":"49353","commune":"Trélazé","contenance":229},"geometry":{"type":"MultiPolygon","coordinates":[[[[438823.19,6710722.76],[438823.44,6710730.9],[438823.73,6710734.16],[438824.05,6710738.46],[438820.02,6710738.88],[438821.02,6710751.09],[438825.71,6710750.75],[438825.39,6710743.15],[438830.87,6710742.99],[438831.58,6710742.97],[438831.22,6710737.34],[438831.0,6710737.35],[438830.95,6710735.92],[438830.67,6710735.94],[438831.09,6710733.36],[438831.42,6710731.6],[438831.56,6710729.81],[438833.38,6710729.57],[438833.21,6710722.83],[438823.19,6710722.76]]]]}},{"type":"Feature","properties":{"idu":"49353000AW0308","section":"AW","numero":"0308","libelle":"AW 0308","code_insee":"49353","commune":"Trélazé","contenance":4},"geometry":{"type":"MultiPolygon","coordinates":[[[[438831.42,6710731.6],[438833.43,6710731.46],[438833.38,6710729.57],[438831.56,6710729.81],[438831.42,6710731.6]]]]}},{"type":"Feature","properties":{"idu":"49353000AW0309","section":"AW","numero":"0309","libelle":"AW 0309","code_insee":"49353","commune":"Trélazé","contenance":82},"geometry":{"type":"MultiPolygon","coordinates":[[[[438813.83,6710722.15],[438823.15,6710721.61],[438823.19,6710722.76],[438833.21,6710722.83],[438833.09,6710718.4],[438833.09,6710718.24],[438832.43,6710718.25],[438822.76,6710718.37],[438817.4,6710718.42],[438813.46,6710717.45],[438813.83,6710722.15]]]]}},{"type":"Feature","properties":{"idu":"49353000AW0310","section":"AW","numero":"0310","libelle":"AW 0310","code_insee":"49353","commune":"Trélazé","contenance":197},"geometry":{"type":"MultiPolygon","coordinates":[[[[438833.09,6710718.11],[438833.09,6710718.24],[438833.09,6710718.4],[438833.43,6710731.46],[438831.42,6710731.6],[438831.0,6710737.35],[438831.22,6710737.34],[438831.58,6710742.97],[438830.87,6710742.99],[438831.42,6710750.27],[438839.34,6710749.72],[438838.68,6710741.86],[438835.09,6710742.07],[438834.82,6710738.6],[438834.67,6710737.23],[438833.83,6710734.03],[438835.24,6710732.07],[438835.15,6710728.56],[438839.88,6710728.29],[438842.87,6710728.13],[438842.41,6710722.63],[438842.17,6710719.4],[438842.04,6710717.86],[438833.09,6710718.11]]]]}},{"type":"Feature","properties":{"idu":"49353000AW0311","section":"AW","numero":"0311","libelle":"AW 0311","code_insee":"49353","commune":"Trélazé","contenance":1},"geometry":{"type":"MultiPolygon","coordinates":[[[[438831.42,6710731.6],[438831.09,6710733.36],[438830.67,6710735.94],[438830.95,6710735.92],[438831.0,6710737.35],[438831.42,6710731.6]]]]}},{"type":"Feature","properties":{"idu":"49353000AW0312","section":"AW","numero":"0312","libelle":"AW 0312","code_insee":"49353","commune":"Trélazé","contenance":104},"geometry":{"type":"MultiPolygon","coordinates":[[[[439055.02,6710621.47],[439055.47,6710614.22],[439055.57,6710612.74],[439056.01,6710605.77],[439049.71,6710605.19],[439048.43,6710620.95],[439055.02,6710621.47]]]]}},{"type":"Feature","properties":{"idu":"49353000AW0313","section":"AW","numero":"0313","libelle":"AW 0313","code_insee":"49353","commune":"Trélazé","contenance":219},"geometry":{"type":"MultiPolygon","coordinates":[[[[439041.23,6710621.32],[439040.74,6710627.47],[439054.55,6710628.86],[439055.0,6710621.82],[439055.02,6710621.47],[439048.43,6710620.95],[439049.71,6710605.19],[439042.61,6710604.54],[439041.23,6710621.32]]]]}},{"type":"Feature","properties":{"idu":"49353000AW0314","section":"AW","numero":"0314","libelle":"AW 0314","code_insee":"49353","commune":"Trélazé","contenance":346},"geometry":{"type":"MultiPolygon","coordinates":[[[[438966.49,6710668.95],[438965.97,6710680.6],[438965.94,6710681.9],[438965.93,6710682.36],[438965.87,6710688.54],[438965.82,6710689.87],[438965.84,6710691.16],[438978.52,6710692.39],[438981.19,6710692.64],[438980.73,6710669.53],[438966.49,6710668.95]]]]}},{"type":"Feature","properties":{"idu":"49353000AW0315","section":"AW","numero":"0315","libelle":"AW 0315","code_insee":"49353","commune":"Trélazé","contenance":365},"geometry":{"type":"MultiPolygon","coordinates":[[[[438967.0,6710658.16],[438966.51,6710668.58],[438966.49,6710668.95],[438980.73,6710669.53],[438993.96,6710669.76],[438994.19,6710657.55],[438980.61,6710656.17],[438967.19,6710654.84],[438967.0,6710658.16]]]]}},{"type":"Feature","properties":{"idu":"49353000AW0317","section":"AW","numero":"0317","libelle":"AW 0317","code_insee":"49353","commune":"Trélazé","contenance":1015},"geometry":{"type":"MultiPolygon","coordinates":[[[[439067.71,6710634.76],[439054.24,6710633.56],[439053.79,6710638.87],[439053.28,6710645.03],[439052.54,6710653.92],[439052.17,6710658.29],[439051.93,6710660.31],[439055.32,6710660.65],[439071.42,6710662.29],[439074.8,6710662.63],[439095.56,6710664.53],[439097.17,6710645.4],[439081.15,6710644.13],[439081.16,6710641.47],[439072.27,6710641.12],[439072.85,6710635.1],[439067.71,6710634.76]]]]}},{"type":"Feature","properties":{"idu":"49353000AW0318","section":"AW","numero":"0318","libelle":"AW 0318","code_insee":"49353","commune":"Trélazé","contenance":546},"geometry":{"type":"MultiPolygon","coordinates":[[[[439097.17,6710645.4],[439097.2,6710645.04],[439098.02,6710634.64],[439098.74,6710625.46],[439081.3,6710624.1],[439068.61,6710622.93],[439067.71,6710634.76],[439072.85,6710635.1],[439072.27,6710641.12],[439081.16,6710641.47],[439081.15,6710644.13],[439097.17,6710645.4]]]]}},{"type":"Feature","properties":{"idu":"49353000AW0320","section":"AW","numero":"0320","libelle":"AW 0320","code_insee":"49353","commune":"Trélazé","contenance":375},"geometry":{"type":"MultiPolygon","coordinates":[[[[439029.44,6710710.39],[439029.75,6710717.42],[439029.86,6710719.64],[439029.89,6710720.37],[439030.26,6710729.26],[439030.27,6710729.56],[439030.45,6710733.76],[439030.73,6710740.56],[439037.43,6710741.4],[439042.58,6710742.09],[439043.08,6710735.74],[439043.17,6710733.93],[439041.48,6710719.94],[439040.87,6710709.81],[439029.44,6710710.39]]]]}},{"type":"Feature","properties":{"idu":"49353000AW0321","section":"AW","numero":"0321","libelle":"AW 0321","code_insee":"49353","commune":"Trélazé","contenance":155},"geometry":{"type":"MultiPolygon","coordinates":[[[[439045.87,6710742.55],[439050.85,6710743.3],[439050.12,6710727.47],[439049.53,6710714.33],[439049.32,6710709.53],[439044.16,6710709.64],[439044.77,6710719.64],[439046.47,6710733.81],[439046.36,6710736.19],[439045.87,6710742.55]]]]}},{"type":"Feature","properties":{"idu":"49353000AW0322","section":"AW","numero":"0322","libelle":"AW 0322","code_insee":"49353","commune":"Trélazé","contenance":704},"geometry":{"type":"MultiPolygon","coordinates":[[[[439028.6,6710697.22],[439028.84,6710697.24],[439029.44,6710710.39],[439040.87,6710709.81],[439044.16,6710709.64],[439049.32,6710709.53],[439053.34,6710709.44],[439056.57,6710709.37],[439061.52,6710709.26],[439061.33,6710704.91],[439060.63,6710689.27],[439053.59,6710688.38],[439036.65,6710686.67],[439027.99,6710685.93],[439028.6,6710697.22]]]]}},{"type":"Feature","properties":{"idu":"49353000AW0323","section":"AW","numero":"0323","libelle":"AW 0323","code_insee":"49353","commune":"Trélazé","contenance":87},"geometry":{"type":"MultiPolygon","coordinates":[[[[439044.16,6710709.64],[439040.87,6710709.81],[439041.48,6710719.94],[439043.17,6710733.93],[439043.08,6710735.74],[439046.36,6710736.19],[439046.47,6710733.81],[439044.77,6710719.64],[439044.16,6710709.64]]]]}},{"type":"Feature","properties":{"idu":"49353000AW0324","section":"AW","numero":"0324","libelle":"AW 0324","code_insee":"49353","commune":"Trélazé","contenance":22},"geometry":{"type":"MultiPolygon","coordinates":[[[[439042.58,6710742.09],[439045.01,6710742.42],[439045.87,6710742.55],[439046.36,6710736.19],[439043.08,6710735.74],[439042.58,6710742.09]]]]}},{"type":"Feature","properties":{"idu":"49353000AW0325","section":"AW","numero":"0325","libelle":"AW 0325","code_insee":"49353","commune":"Trélazé","contenance":437},"geometry":{"type":"MultiPolygon","coordinates":[[[[438684.83,6710720.45],[438680.02,6710720.94],[438678.85,6710728.73],[438676.23,6710733.62],[438676.3,6710737.66],[438675.17,6710737.65],[438671.39,6710738.02],[438671.06,6710738.05],[438664.53,6710738.8],[438664.55,6710754.42],[438672.46,6710754.55],[438677.39,6710754.63],[438684.93,6710754.71],[438685.04,6710745.65],[438685.05,6710744.35],[438685.08,6710741.62],[438685.17,6710733.8],[438684.83,6710720.45]]]]}},{"type":"Feature","properties":{"idu":"49353000AW0326","section":"AW","numero":"0326","libelle":"AW 0326","code_insee":"49353","commune":"Trélazé","contenance":45},"geometry":{"type":"MultiPolygon","coordinates":[[[[438685.17,6710733.8],[438688.36,6710733.66],[438688.37,6710729.16],[438688.37,6710727.69],[438688.43,6710723.75],[438688.03,6710720.12],[438684.83,6710720.45],[438685.17,6710733.8]]]]}},{"type":"Feature","properties":{"idu":"49353000AW0328","section":"AW","numero":"0328","libelle":"AW 0328","code_insee":"49353","commune":"Trélazé","contenance":286},"geometry":{"type":"MultiPolygon","coordinates":[[[[439003.67,6710720.88],[439003.7,6710721.72],[439003.77,6710723.23],[439003.97,6710728.08],[439004.4,6710738.35],[439010.23,6710737.98],[439014.49,6710738.34],[439022.25,6710739.37],[439027.45,6710740.1],[439027.73,6710739.13],[439027.7,6710733.86],[439027.58,6710733.42],[439020.83,6710731.3],[439017.35,6710730.77],[439014.11,6710730.28],[439009.78,6710718.99],[439009.7,6710717.74],[439008.66,6710717.61],[439003.52,6710717.37],[439003.67,6710720.88]]]]}},{"type":"Feature","properties":{"idu":"49353000AW0331","section":"AW","numero":"0331","libelle":"AW 0331","code_insee":"49353","commune":"Trélazé","contenance":142},"geometry":{"type":"MultiPolygon","coordinates":[[[[439027.45,6710740.1],[439030.73,6710740.56],[439030.45,6710733.76],[439030.27,6710729.56],[439028.76,6710729.63],[439028.17,6710728.98],[439025.94,6710727.99],[439022.91,6710726.64],[439017.05,6710725.93],[439017.74,6710720.22],[439014.84,6710719.77],[439009.78,6710718.99],[439014.11,6710730.28],[439017.35,6710730.77],[439020.83,6710731.3],[439027.58,6710733.42],[439027.7,6710733.86],[439027.73,6710739.13],[439027.45,6710740.1]]]]}},{"type":"Feature","properties":{"idu":"49353000AW0349","section":"AW","numero":"0349","libelle":"AW 0349","code_insee":"49353","commune":"Trélazé","contenance":830},"geometry":{"type":"MultiPolygon","coordinates":[[[[439013.82,6710626.23],[439011.28,6710654.13],[439011.07,6710656.48],[439018.76,6710657.22],[439037.94,6710659.0],[439038.13,6710657.18],[439038.54,6710652.56],[439038.59,6710652.07],[439039.19,6710645.28],[439039.32,6710643.73],[439040.36,6710632.26],[439040.62,6710628.99],[439013.82,6710626.23]]]]}},{"type":"Feature","properties":{"idu":"49353000AW0350","section":"AW","numero":"0350","libelle":"AW 0350","code_insee":"49353","commune":"Trélazé","contenance":1845},"geometry":{"type":"MultiPolygon","coordinates":[[[[439037.57,6710574.68],[439034.98,6710575.12],[439031.59,6710575.56],[439026.77,6710576.18],[439023.21,6710576.6],[439023.99,6710583.35],[439001.02,6710585.2],[438996.88,6710619.33],[439014.27,6710621.31],[439013.82,6710626.23],[439040.62,6710628.99],[439040.74,6710627.47],[439041.23,6710621.32],[439042.61,6710604.54],[439037.52,6710604.1],[439039.74,6710574.32],[439037.57,6710574.68]]]]}},{"type":"Feature","properties":{"idu":"49353000AW0351","section":"AW","numero":"0351","libelle":"AW 0351","code_insee":"49353","commune":"Trélazé","contenance":666},"geometry":{"type":"MultiPolygon","coordinates":[[[[438501.15,6710700.18],[438485.06,6710697.78],[438490.12,6710666.29],[438481.32,6710664.92],[438472.81,6710718.81],[438500.22,6710706.48],[438501.15,6710700.18]]]]}},{"type":"Feature","properties":{"idu":"49353000AW0352","section":"AW","numero":"0352","libelle":"AW 0352","code_insee":"49353","commune":"Trélazé","contenance":523},"geometry":{"type":"MultiPolygon","coordinates":[[[[438501.15,6710700.18],[438506.04,6710668.94],[438490.12,6710666.29],[438485.06,6710697.78],[438501.15,6710700.18]]]]}},{"type":"Feature","properties":{"idu":"49353000AW0363","section":"AW","numero":"0363","libelle":"AW 0363","code_insee":"49353","commune":"Trélazé","contenance":166},"geometry":{"type":"MultiPolygon","coordinates":[[[[438470.9,6710730.36],[438488.89,6710733.27],[438489.12,6710732.14],[438489.22,6710731.32],[438489.27,6710730.59],[438489.26,6710729.89],[438489.21,6710729.03],[438489.11,6710728.48],[438488.57,6710724.04],[438475.6,6710721.9],[438472.4,6710721.37],[438471.02,6710729.6],[438470.9,6710730.36]]]]}},{"type":"Feature","properties":{"idu":"49353000AW0364","section":"AW","numero":"0364","libelle":"AW 0364","code_insee":"49353","commune":"Trélazé","contenance":158867},"geometry":{"type":"MultiPolygon","coordinates":[[[[438503.41,6710245.87],[438479.16,6710257.24],[438478.82,6710258.99],[438478.49,6710260.52],[438478.0,6710262.89],[438477.55,6710264.87],[438477.1,6710266.53],[438476.59,6710267.75],[438476.03,6710269.09],[438475.25,6710270.51],[438474.4,6710271.86],[438473.44,6710273.2],[438472.55,6710274.29],[438471.78,6710275.19],[438471.18,6710275.78],[438470.69,6710276.26],[438469.91,6710276.76],[438469.19,6710277.25],[438468.01,6710277.79],[438467.42,6710278.1],[438465.57,6710278.87],[438463.61,6710279.6],[438460.57,6710280.72],[438458.82,6710281.35],[438457.56,6710281.83],[438456.35,6710282.38],[438455.31,6710282.87],[438454.75,6710283.19],[438453.69,6710283.88],[438453.02,6710284.56],[438452.28,6710285.4],[438451.6,6710286.14],[438450.94,6710286.98],[438450.24,6710287.87],[438449.59,6710288.7],[438448.92,6710289.52],[438448.24,6710290.3],[438447.4,6710291.05],[438446.64,6710291.82],[438445.59,6710292.79],[438444.83,6710293.3],[438444.35,6710293.56],[438444.0,6710293.67],[438443.64,6710293.74],[438443.28,6710293.5],[438443.01,6710293.04],[438442.39,6710291.98],[438440.8,6710289.07],[438439.34,6710286.55],[438438.24,6710284.72],[438437.56,6710283.51],[438436.38,6710281.76],[438435.59,6710280.65],[438434.77,6710279.54],[438434.06,6710278.67],[438433.44,6710278.0],[438432.81,6710277.49],[438432.22,6710277.13],[438431.72,6710276.85],[438431.19,6710276.65],[438430.86,6710276.55],[438430.34,6710276.46],[438429.61,6710276.47],[438428.92,6710276.61],[438428.47,6710276.77],[438427.75,6710277.1],[438427.18,6710277.37],[438426.73,6710277.72],[438426.19,6710278.33],[438424.92,6710279.35],[438424.41,6710279.75],[438424.1,6710280.0],[438422.59,6710281.34],[438421.93,6710282.04],[438420.06,6710283.59],[438418.51,6710285.11],[438417.61,6710286.04],[438415.68,6710287.92],[438413.99,6710289.6],[438412.52,6710291.01],[438411.63,6710291.94],[438410.42,6710292.94],[438408.15,6710294.61],[438406.28,6710295.84],[438405.39,6710296.2],[438404.67,6710296.63],[438404.17,6710296.88],[438403.76,6710296.97],[438403.47,6710296.97],[438403.07,6710296.87],[438395.99,6710317.72],[438400.72,6710330.09],[438405.34,6710328.89],[438410.29,6710327.92],[438412.99,6710327.9],[438415.15,6710328.15],[438417.56,6710328.51],[438419.97,6710329.32],[438436.88,6710340.05],[438449.14,6710356.54],[438459.64,6710370.68],[438461.14,6710375.19],[438463.36,6710384.95],[438465.58,6710394.7],[438467.8,6710404.45],[438468.82,6710409.35],[438469.8,6710414.25],[438471.7,6710424.0],[438473.18,6710434.0],[438473.84,6710438.99],[438476.13,6710458.79],[438477.07,6710466.44],[438478.77,6710478.82],[438479.47,6710483.64],[438480.4,6710488.7],[438481.35,6710493.73],[438484.21,6710505.89],[438486.11,6710512.91],[438488.7,6710522.72],[438491.28,6710532.35],[438492.52,6710537.13],[438494.52,6710549.4],[438497.72,6710568.92],[438498.47,6710573.92],[438499.39,6710581.43],[438499.81,6710586.4],[438499.93,6710588.84],[438499.88,6710591.31],[438499.64,6710596.3],[438499.24,6710598.75],[438498.52,6710601.63],[438497.95,6710603.61],[438496.38,6710608.22],[438484.83,6710617.79],[438482.15,6710627.0],[438479.32,6710636.31],[438477.86,6710641.37],[438476.03,6710650.46],[438473.55,6710663.23],[438470.73,6710677.36],[438468.53,6710688.8],[438466.73,6710698.44],[438465.75,6710703.86],[438465.56,6710704.89],[438464.97,6710708.13],[438466.4,6710708.36],[438464.71,6710716.56],[438462.98,6710724.72],[438462.27,6710728.01],[438470.79,6710730.89],[438470.9,6710730.36],[438471.02,6710729.6],[438472.4,6710721.37],[438472.81,6710718.81],[438481.32,6710664.92],[438481.52,6710662.27],[438482.67,6710656.63],[438483.88,6710651.49],[438484.55,6710649.42],[438486.05,6710645.38],[438487.59,6710641.43],[438489.03,6710637.89],[438489.58,6710636.67],[438496.13,6710627.23],[438506.47,6710618.75],[438531.02,6710628.91],[438537.77,6710647.2],[438538.63,6710651.18],[438550.55,6710706.64],[438554.55,6710729.52],[438555.78,6710734.14],[438556.01,6710735.02],[438558.5,6710735.41],[438606.57,6710738.84],[438626.58,6710740.41],[438640.15,6710741.48],[438656.53,6710728.96],[438669.93,6710718.69],[438682.08,6710709.31],[438726.85,6710698.62],[438762.82,6710690.06],[438768.89,6710688.24],[438779.86,6710684.91],[438773.02,6710667.4],[438775.91,6710660.81],[438781.96,6710658.76],[438779.54,6710652.47],[438788.2,6710648.97],[438791.91,6710647.47],[438788.27,6710638.2],[438790.52,6710637.45],[438787.02,6710627.84],[438796.85,6710624.21],[438807.5,6710620.34],[438818.6,6710616.32],[438826.49,6710613.35],[438836.98,6710609.6],[438842.5,6710607.56],[438846.52,6710606.06],[438856.0,6710607.65],[438866.32,6710609.51],[438874.64,6710610.91],[438879.41,6710611.74],[438887.42,6710606.33],[438903.58,6710595.45],[438918.0,6710585.9],[438929.7,6710578.15],[438939.15,6710571.75],[438944.69,6710569.73],[438951.84,6710567.11],[438956.77,6710565.3],[438955.15,6710554.22],[438953.42,6710541.88],[438951.54,6710527.99],[438950.96,6710523.48],[438950.53,6710518.27],[438949.93,6710510.3],[438949.57,6710504.4],[438948.91,6710495.24],[438948.16,6710484.29],[438947.57,6710476.36],[438801.89,6710427.27],[438864.35,6710240.67],[438854.19,6710240.88],[438837.72,6710241.09],[438819.0,6710241.28],[438808.44,6710241.31],[438792.78,6710241.47],[438778.4,6710241.64],[438760.84,6710241.78],[438760.88,6710247.27],[438759.38,6710247.52],[438758.08,6710247.78],[438757.11,6710248.05],[438756.4,6710248.19],[438755.58,6710248.46],[438754.92,6710248.65],[438754.01,6710248.96],[438753.25,6710249.18],[438752.43,6710249.46],[438751.77,6710249.64],[438750.95,6710249.85],[438750.12,6710250.02],[438748.88,6710250.23],[438746.96,6710250.48],[438744.63,6710250.75],[438744.69,6710254.24],[438732.11,6710254.43],[438732.16,6710256.87],[438718.22,6710256.9],[438719.55,6710253.5],[438714.48,6710253.44],[438709.53,6710253.49],[438706.29,6710253.56],[438703.31,6710253.7],[438700.5,6710253.89],[438699.54,6710253.99],[438697.8,6710254.51],[438705.53,6710260.12],[438713.09,6710265.66],[438715.7,6710269.97],[438719.95,6710276.76],[438706.81,6710280.48],[438694.5,6710284.07],[438684.35,6710286.99],[438671.59,6710290.7],[438673.08,6710279.85],[438668.94,6710278.57],[438672.46,6710265.97],[438674.68,6710258.78],[438677.28,6710258.73],[438677.34,6710253.81],[438677.46,6710243.75],[438672.19,6710244.37],[438664.84,6710245.13],[438656.33,6710246.08],[438654.08,6710246.37],[438651.16,6710275.68],[438609.4,6710286.22],[438587.93,6710299.8],[438557.22,6710263.59],[438548.34,6710263.11],[438521.27,6710232.6],[438503.41,6710245.87]],[[438619.86,6710482.45],[438624.44,6710481.69],[438627.68,6710486.79],[438629.42,6710488.13],[438631.76,6710490.01],[438633.6,6710491.64],[438635.0,6710493.04],[438642.2,6710492.29],[438651.9,6710491.15],[438665.08,6710489.84],[438665.82,6710489.67],[438673.67,6710507.14],[438668.88,6710509.57],[438658.33,6710514.88],[438650.74,6710518.64],[438644.17,6710521.91],[438639.85,6710524.14],[438636.65,6710525.76],[438635.7,6710526.09],[438633.92,6710526.7],[438631.99,6710527.38],[438630.08,6710528.09],[438628.56,6710528.65],[438627.63,6710528.99],[438626.63,6710529.22],[438625.71,6710529.37],[438624.95,6710529.44],[438623.99,6710529.39],[438622.99,6710529.25],[438622.18,6710529.2],[438621.16,6710529.06],[438620.11,6710528.76],[438619.08,6710528.44],[438617.98,6710527.99],[438617.02,6710527.55],[438616.21,6710527.02],[438615.38,6710526.39],[438614.72,6710525.87],[438614.19,6710525.39],[438613.71,6710524.74],[438613.34,6710523.98],[438612.22,6710521.04],[438610.32,6710516.13],[438608.28,6710511.0],[438603.17,6710498.02],[438608.12,6710492.07],[438613.14,6710485.88],[438619.86,6710482.45]],[[438645.45,6710313.66],[438656.18,6710310.4],[438658.63,6710318.52],[438660.31,6710324.3],[438663.13,6710333.45],[438665.6,6710341.79],[438667.39,6710347.93],[438669.46,6710354.79],[438670.93,6710359.69],[438672.83,6710365.92],[438670.44,6710366.95],[438672.09,6710370.89],[438673.93,6710375.16],[438674.81,6710378.42],[438675.91,6710382.06],[438680.8,6710384.66],[438684.31,6710392.44],[438680.83,6710393.83],[438684.55,6710402.96],[438679.52,6710405.11],[438680.87,6710410.77],[438681.66,6710413.87],[438682.27,6710416.13],[438688.61,6710413.94],[438696.21,6710411.43],[438699.77,6710410.34],[438700.74,6710409.9],[438701.81,6710409.39],[438702.49,6710409.06],[438703.22,6710408.66],[438704.08,6710408.13],[438705.15,6710407.45],[438706.42,6710406.64],[438707.5,6710405.95],[438708.57,6710405.3],[438710.1,6710404.42],[438711.27,6710403.78],[438710.54,6710401.72],[438707.73,6710397.47],[438715.37,6710389.88],[438726.51,6710386.01],[438729.62,6710388.89],[438733.98,6710385.21],[438738.08,6710395.53],[438742.32,6710393.96],[438738.63,6710384.29],[438749.13,6710380.5],[438746.23,6710372.27],[438747.2,6710371.89],[438748.07,6710371.54],[438749.36,6710375.2],[438750.54,6710378.66],[438750.98,6710380.15],[438751.66,6710382.72],[438751.86,6710384.71],[438751.66,6710390.46],[438748.53,6710391.59],[438750.95,6710398.34],[438740.66,6710402.15],[438741.1,6710403.27],[438737.01,6710405.0],[438735.76,6710405.6],[438734.4,6710406.31],[438732.5,6710407.4],[438730.83,6710408.29],[438729.78,6710408.88],[438729.22,6710409.3],[438728.37,6710410.02],[438727.4,6710410.99],[438726.22,6710412.14],[438725.15,6710413.1],[438723.83,6710414.45],[438722.73,6710415.49],[438721.84,6710416.37],[438721.31,6710416.99],[438720.8,6710417.62],[438720.25,6710418.36],[438719.65,6710419.24],[438718.78,6710420.6],[438717.86,6710421.99],[438716.28,6710424.69],[438715.0,6710427.09],[438713.67,6710429.41],[438712.58,6710431.49],[438711.41,6710433.51],[438709.92,6710436.13],[438708.85,6710438.12],[438707.78,6710440.02],[438706.83,6710441.72],[438705.92,6710443.23],[438705.11,6710444.67],[438704.52,6710445.75],[438704.06,6710446.58],[438703.39,6710447.43],[438702.93,6710447.94],[438702.28,6710448.53],[438701.82,6710448.89],[438700.57,6710449.62],[438698.18,6710450.64],[438694.27,6710452.23],[438691.32,6710443.14],[438687.82,6710431.93],[438685.55,6710424.82],[438685.1,6710423.61],[438684.62,6710422.42],[438684.17,6710421.32],[438683.37,6710419.49],[438678.29,6710423.55],[438676.75,6710422.22],[438675.48,6710421.06],[438674.28,6710420.04],[438673.08,6710419.07],[438671.97,6710418.24],[438670.7,6710417.23],[438669.46,6710416.37],[438667.94,6710415.27],[438666.64,6710414.39],[438665.71,6710413.75],[438664.26,6710412.78],[438662.98,6710412.02],[438661.37,6710411.05],[438659.6,6710410.04],[438658.15,6710409.2],[438656.87,6710408.4],[438655.47,6710407.62],[438653.48,6710406.46],[438651.77,6710405.52],[438649.1,6710404.01],[438646.22,6710402.51],[438644.38,6710401.49],[438642.75,6710400.65],[438641.81,6710400.09],[438640.78,6710399.56],[438639.57,6710398.94],[438638.6,6710398.49],[438637.11,6710397.91],[438635.34,6710397.26],[438633.5,6710396.59],[438630.61,6710395.61],[438628.78,6710395.02],[438626.77,6710394.4],[438625.06,6710393.92],[438623.62,6710393.57],[438621.72,6710393.16],[438618.13,6710392.45],[438615.2,6710391.99],[438611.39,6710391.35],[438607.52,6710390.76],[438603.95,6710390.22],[438599.46,6710389.56],[438594.83,6710388.89],[438594.25,6710385.07],[438593.57,6710380.42],[438593.15,6710377.47],[438592.5,6710373.28],[438591.94,6710369.38],[438591.56,6710366.54],[438591.16,6710364.18],[438590.99,6710363.02],[438590.89,6710362.11],[438590.84,6710361.24],[438590.83,6710360.12],[438590.9,6710358.87],[438590.98,6710356.71],[438591.13,6710354.05],[438591.34,6710350.13],[438591.57,6710345.77],[438591.73,6710342.55],[438591.82,6710341.46],[438591.88,6710340.15],[438592.0,6710339.33],[438592.17,6710338.63],[438592.35,6710337.96],[438592.47,6710337.58],[438592.89,6710337.03],[438593.35,6710336.52],[438593.96,6710335.88],[438595.09,6710335.03],[438596.71,6710333.81],[438598.07,6710332.83],[438599.83,6710331.6],[438601.26,6710330.68],[438602.45,6710329.97],[438603.68,6710329.28],[438606.16,6710327.95],[438609.04,6710326.38],[438610.95,6710325.34],[438612.53,6710324.56],[438613.61,6710324.0],[438614.61,6710323.63],[438617.27,6710322.74],[438620.28,6710321.75],[438626.05,6710319.86],[438632.2,6710317.8],[438639.08,6710315.7],[438645.45,6710313.66]],[[438704.81,6710296.22],[438717.01,6710293.26],[438717.97,6710297.0],[438729.1,6710294.34],[438731.33,6710302.95],[438726.59,6710313.5],[438730.08,6710320.3],[438723.71,6710329.0],[438728.24,6710339.34],[438720.31,6710341.34],[438715.94,6710331.17],[438707.37,6710334.17],[438707.0,6710334.66],[438706.33,6710335.7],[438705.74,6710336.79],[438705.18,6710337.96],[438704.51,6710339.25],[438703.95,6710340.49],[438703.41,6710341.77],[438703.08,6710342.78],[438702.69,6710343.75],[438702.26,6710345.01],[438701.83,6710346.52],[438701.45,6710347.91],[438701.16,6710349.19],[438700.93,6710350.21],[438700.76,6710351.18],[438700.55,6710352.27],[438700.48,6710353.11],[438700.46,6710354.12],[438700.53,6710355.23],[438700.58,6710356.24],[438700.68,6710357.02],[438700.88,6710357.87],[438701.1,6710358.94],[438701.27,6710359.78],[438701.6,6710360.71],[438701.97,6710361.82],[438702.29,6710362.68],[438702.66,6710363.55],[438703.0,6710364.14],[438703.28,6710364.72],[438703.6,6710365.31],[438704.28,6710366.25],[438705.74,6710367.88],[438707.46,6710369.74],[438708.13,6710376.3],[438708.66,6710381.64],[438701.29,6710386.96],[438698.39,6710387.23],[438694.39,6710387.56],[438690.86,6710386.36],[438689.16,6710382.69],[438685.75,6710375.54],[438682.96,6710369.38],[438681.23,6710365.77],[438680.55,6710364.25],[438680.08,6710363.22],[438679.59,6710362.16],[438679.09,6710361.1],[438678.71,6710360.13],[438678.26,6710358.84],[438677.72,6710357.17],[438677.03,6710354.99],[438676.65,6710353.94],[438676.2,6710352.45],[438675.51,6710349.97],[438674.77,6710347.26],[438674.02,6710344.41],[438673.74,6710343.16],[438681.25,6710339.65],[438679.39,6710333.12],[438676.03,6710334.13],[438677.07,6710338.16],[438672.77,6710339.37],[438670.65,6710332.65],[438670.4,6710331.53],[438670.25,6710330.7],[438669.78,6710328.24],[438669.31,6710325.74],[438668.91,6710323.88],[438668.49,6710322.28],[438668.19,6710320.78],[438667.75,6710318.97],[438667.37,6710317.32],[438666.84,6710315.37],[438666.41,6710313.74],[438665.93,6710311.83],[438665.44,6710309.91],[438664.5,6710306.21],[438675.35,6710303.46],[438683.85,6710301.41],[438690.56,6710299.72],[438704.81,6710296.22]]]]}},{"type":"Feature","properties":{"idu":"49353000AW0366","section":"AW","numero":"0366","libelle":"AW 0366","code_insee":"49353","commune":"Trélazé","contenance":75591},"geometry":{"type":"MultiPolygon","coordinates":[[[[438235.78,6710264.05],[438239.15,6710269.94],[438241.64,6710274.32],[438243.48,6710277.58],[438247.32,6710284.52],[438250.98,6710290.99],[438254.09,6710296.64],[438257.05,6710301.96],[438260.56,6710308.23],[438263.42,6710313.3],[438266.09,6710318.12],[438267.68,6710321.17],[438268.76,6710324.23],[438272.87,6710332.34],[438273.25,6710332.76],[438272.55,6710334.68],[438274.12,6710339.37],[438277.25,6710348.8],[438280.78,6710359.49],[438282.95,6710366.02],[438285.48,6710373.73],[438287.09,6710378.66],[438289.46,6710385.79],[438289.56,6710385.97],[438288.72,6710387.32],[438288.33,6710389.43],[438287.49,6710394.4],[438287.51,6710394.82],[438287.58,6710395.68],[438287.61,6710396.27],[438287.66,6710396.69],[438287.63,6710396.99],[438287.53,6710397.66],[438287.43,6710398.22],[438287.29,6710398.66],[438287.14,6710399.09],[438286.92,6710399.65],[438286.66,6710400.19],[438286.34,6710400.74],[438285.84,6710401.37],[438284.68,6710402.89],[438282.47,6710405.57],[438279.85,6710408.71],[438277.49,6710411.61],[438274.77,6710414.93],[438272.35,6710417.78],[438270.39,6710419.98],[438268.47,6710422.37],[438267.32,6710423.69],[438266.02,6710425.24],[438264.99,6710426.51],[438264.15,6710427.55],[438263.68,6710428.14],[438263.27,6710428.67],[438262.42,6710429.94],[438261.46,6710431.41],[438259.92,6710433.79],[438258.37,6710436.29],[438257.2,6710438.2],[438256.31,6710439.69],[438255.31,6710441.65],[438254.17,6710443.72],[438253.7,6710444.75],[438253.24,6710445.66],[438252.66,6710446.85],[438251.69,6710448.85],[438250.5,6710451.54],[438248.66,6710456.04],[438246.86,6710460.33],[438244.97,6710464.84],[438244.61,6710465.68],[438244.17,6710466.74],[438243.52,6710468.18],[438240.82,6710474.23],[438246.32,6710474.9],[438246.38,6710492.53],[438244.47,6710512.55],[438238.91,6710512.32],[438238.57,6710520.83],[438238.09,6710531.57],[438237.78,6710539.02],[438237.4,6710545.19],[438237.12,6710550.13],[438236.81,6710556.77],[438236.58,6710562.02],[438236.28,6710568.0],[438236.0,6710573.02],[438235.73,6710579.16],[438235.19,6710589.82],[438234.71,6710599.36],[438234.3,6710607.41],[438233.96,6710613.72],[438233.68,6710619.08],[438233.44,6710624.8],[438233.27,6710628.42],[438233.19,6710630.77],[438233.18,6710632.38],[438233.16,6710633.27],[438233.2,6710634.11],[438233.32,6710635.61],[438233.49,6710637.18],[438233.76,6710639.11],[438234.04,6710641.5],[438234.25,6710643.39],[438234.59,6710645.13],[438234.83,6710646.51],[438235.32,6710648.72],[438236.33,6710652.67],[438245.45,6710655.63],[438250.15,6710641.88],[438254.95,6710627.46],[438263.87,6710630.31],[438289.78,6710609.12],[438289.94,6710608.99],[438290.06,6710609.26],[438292.19,6710613.82],[438292.43,6710614.34],[438292.55,6710614.38],[438296.21,6710615.51],[438298.43,6710620.75],[438308.56,6710616.35],[438308.75,6710616.38],[438326.19,6710619.66],[438316.4,6710647.26],[438311.43,6710662.53],[438307.03,6710676.2],[438332.56,6710684.69],[438357.49,6710692.99],[438356.75,6710677.99],[438355.69,6710653.14],[438354.33,6710620.45],[438363.96,6710621.42],[438372.48,6710622.34],[438376.55,6710622.79],[438380.83,6710623.24],[438386.85,6710628.15],[438389.07,6710629.97],[438391.51,6710631.89],[438416.51,6710626.35],[438442.03,6710620.85],[438455.49,6710618.16],[438470.29,6710615.22],[438471.59,6710614.98],[438484.83,6710617.79],[438496.38,6710608.22],[438497.95,6710603.61],[438498.52,6710601.63],[438499.24,6710598.75],[438499.64,6710596.3],[438499.88,6710591.31],[438499.93,6710588.84],[438499.81,6710586.4],[438499.39,6710581.43],[438498.47,6710573.92],[438497.72,6710568.92],[438494.52,6710549.4],[438492.52,6710537.13],[438491.28,6710532.35],[438488.7,6710522.72],[438486.11,6710512.91],[438484.21,6710505.89],[438481.35,6710493.73],[438480.4,6710488.7],[438479.47,6710483.64],[438478.77,6710478.82],[438477.07,6710466.44],[438476.13,6710458.79],[438473.84,6710438.99],[438473.18,6710434.0],[438471.7,6710424.0],[438469.8,6710414.25],[438468.82,6710409.35],[438467.8,6710404.45],[438465.58,6710394.7],[438463.36,6710384.95],[438461.14,6710375.19],[438459.64,6710370.68],[438449.14,6710356.54],[438436.88,6710340.05],[438419.97,6710329.32],[438417.56,6710328.51],[438415.15,6710328.15],[438412.99,6710327.9],[438410.29,6710327.92],[438405.34,6710328.89],[438400.72,6710330.09],[438395.99,6710317.72],[438403.07,6710296.87],[438402.46,6710296.67],[438402.0,6710296.32],[438401.35,6710295.78],[438400.94,6710295.4],[438400.32,6710294.61],[438399.93,6710294.06],[438399.52,6710293.4],[438399.23,6710292.9],[438398.92,6710292.76],[438398.4,6710292.59],[438398.16,6710292.56],[438397.55,6710292.72],[438394.46,6710293.85],[438386.51,6710297.25],[438381.99,6710299.76],[438378.91,6710301.91],[438376.1,6710304.68],[438373.3,6710307.99],[438369.01,6710313.23],[438368.09,6710314.38],[438367.74,6710314.67],[438367.5,6710314.91],[438367.08,6710315.2],[438364.82,6710316.01],[438360.61,6710304.46],[438355.56,6710290.99],[438351.17,6710279.11],[438348.93,6710273.11],[438347.73,6710269.85],[438347.34,6710269.02],[438346.88,6710268.45],[438346.39,6710267.92],[438345.77,6710267.45],[438345.0,6710267.06],[438344.41,6710266.82],[438343.83,6710266.64],[438343.03,6710266.59],[438342.11,6710266.51],[438340.19,6710266.48],[438336.68,6710266.47],[438329.88,6710266.54],[438321.72,6710266.58],[438313.4,6710266.65],[438304.53,6710266.67],[438300.19,6710266.77],[438296.06,6710266.75],[438292.98,6710266.81],[438290.27,6710266.8],[438287.52,6710266.87],[438285.01,6710266.97],[438282.33,6710267.14],[438278.86,6710267.37],[438276.07,6710267.55],[438271.44,6710267.98],[438265.29,6710268.55],[438259.59,6710269.08],[438254.05,6710269.67],[438248.36,6710270.23],[438245.48,6710270.46],[438240.91,6710260.59],[438235.78,6710264.05]]]]}},{"type":"Feature","properties":{"idu":"49353000AW0367","section":"AW","numero":"0367","libelle":"AW 0367","code_insee":"49353","commune":"Trélazé","contenance":516},"geometry":{"type":"MultiPolygon","coordinates":[[[[438289.78,6710609.12],[438263.87,6710630.31],[438283.28,6710636.52],[438289.74,6710638.59],[438298.3,6710621.01],[438298.43,6710620.75],[438296.21,6710615.51],[438292.55,6710614.38],[438292.43,6710614.34],[438292.19,6710613.82],[438290.06,6710609.26],[438289.94,6710608.99],[438289.78,6710609.12]]]]}},{"type":"Feature","properties":{"idu":"49353000AW0368","section":"AW","numero":"0368","libelle":"AW 0368","code_insee":"49353","commune":"Trélazé","contenance":711},"geometry":{"type":"MultiPolygon","coordinates":[[[[438289.74,6710638.59],[438295.08,6710640.31],[438300.89,6710642.18],[438306.77,6710644.07],[438311.26,6710645.52],[438311.43,6710645.7],[438316.4,6710647.26],[438326.19,6710619.66],[438308.75,6710616.38],[438308.56,6710616.35],[438298.43,6710620.75],[438298.3,6710621.01],[438289.74,6710638.59]]]]}},{"type":"Feature","properties":{"idu":"49353000AW0369","section":"AW","numero":"0369","libelle":"AW 0369","code_insee":"49353","commune":"Trélazé","contenance":1875},"geometry":{"type":"MultiPolygon","coordinates":[[[[438496.13,6710627.23],[438489.58,6710636.67],[438489.03,6710637.89],[438487.59,6710641.43],[438486.05,6710645.38],[438484.55,6710649.42],[438483.88,6710651.49],[438482.67,6710656.63],[438481.52,6710662.27],[438481.32,6710664.92],[438490.12,6710666.29],[438506.04,6710668.94],[438538.63,6710651.18],[438537.77,6710647.2],[438531.02,6710628.91],[438506.47,6710618.75],[438496.13,6710627.23]]]]}},{"type":"Feature","properties":{"idu":"49353000AW0370","section":"AW","numero":"0370","libelle":"AW 0370","code_insee":"49353","commune":"Trélazé","contenance":3645},"geometry":{"type":"MultiPolygon","coordinates":[[[[438506.04,6710668.94],[438501.15,6710700.18],[438500.22,6710706.48],[438472.81,6710718.81],[438472.4,6710721.37],[438475.6,6710721.9],[438488.57,6710724.04],[438489.11,6710728.48],[438489.21,6710729.03],[438489.26,6710729.89],[438489.27,6710730.59],[438489.22,6710731.32],[438489.12,6710732.14],[438488.89,6710733.27],[438494.51,6710734.29],[438496.4,6710725.63],[438556.01,6710735.02],[438555.78,6710734.14],[438554.55,6710729.52],[438550.55,6710706.64],[438538.63,6710651.18],[438506.04,6710668.94]]]]}},{"type":"Feature","properties":{"idu":"49353000AW0372","section":"AW","numero":"0372","libelle":"AW 0372","code_insee":"49353","commune":"Trélazé","contenance":313},"geometry":{"type":"MultiPolygon","coordinates":[[[[439003.49,6710716.93],[439003.52,6710717.37],[439008.66,6710717.61],[439009.7,6710717.74],[439012.5,6710714.11],[439018.93,6710712.78],[439017.94,6710696.23],[439010.98,6710695.59],[439002.29,6710694.72],[439003.49,6710716.93]]]]}},{"type":"Feature","properties":{"idu":"49353000AW0373","section":"AW","numero":"0373","libelle":"AW 0373","code_insee":"49353","commune":"Trélazé","contenance":45},"geometry":{"type":"MultiPolygon","coordinates":[[[[439009.7,6710717.74],[439009.78,6710718.99],[439014.84,6710719.77],[439017.74,6710720.22],[439017.92,6710718.77],[439018.93,6710712.78],[439012.5,6710714.11],[439009.7,6710717.74]]]]}},{"type":"Feature","properties":{"idu":"49353000AW0374","section":"AW","numero":"0374","libelle":"AW 0374","code_insee":"49353","commune":"Trélazé","contenance":249},"geometry":{"type":"MultiPolygon","coordinates":[[[[439017.92,6710718.77],[439018.13,6710718.8],[439026.95,6710719.98],[439029.89,6710720.37],[439029.86,6710719.64],[439029.75,6710717.42],[439029.44,6710710.39],[439028.84,6710697.24],[439028.6,6710697.22],[439024.77,6710696.86],[439022.32,6710696.62],[439020.81,6710696.5],[439017.94,6710696.23],[439018.93,6710712.78],[439017.92,6710718.77]]]]}},{"type":"Feature","properties":{"idu":"49353000AW0375","section":"AW","numero":"0375","libelle":"AW 0375","code_insee":"49353","commune":"Trélazé","contenance":66},"geometry":{"type":"MultiPolygon","coordinates":[[[[439017.74,6710720.22],[439017.05,6710725.93],[439022.91,6710726.64],[439025.94,6710727.99],[439026.33,6710724.96],[439026.95,6710719.98],[439018.13,6710718.8],[439017.92,6710718.77],[439017.74,6710720.22]]]]}},{"type":"Feature","properties":{"idu":"49353000AW0376","section":"AW","numero":"0376","libelle":"AW 0376","code_insee":"49353","commune":"Trélazé","contenance":32},"geometry":{"type":"MultiPolygon","coordinates":[[[[439025.94,6710727.99],[439028.17,6710728.98],[439028.76,6710729.63],[439030.27,6710729.56],[439030.26,6710729.26],[439029.89,6710720.37],[439026.95,6710719.98],[439026.33,6710724.96],[439025.94,6710727.99]]]]}},{"type":"Feature","properties":{"idu":"49353000AW0377","section":"AW","numero":"0377","libelle":"AW 0377","code_insee":"49353","commune":"Trélazé","contenance":16},"geometry":{"type":"MultiPolygon","coordinates":[[[[438815.69,6710681.56],[438817.25,6710681.39],[438819.77,6710681.11],[438819.38,6710677.09],[438815.22,6710677.53],[438815.69,6710681.56]]]]}},{"type":"Feature","properties":{"idu":"49353000AW0378","section":"AW","numero":"0378","libelle":"AW 0378","code_insee":"49353","commune":"Trélazé","contenance":7900},"geometry":{"type":"MultiPolygon","coordinates":[[[[438951.84,6710567.11],[438944.69,6710569.73],[438939.15,6710571.75],[438929.7,6710578.15],[438918.0,6710585.9],[438903.58,6710595.45],[438887.42,6710606.33],[438879.41,6710611.74],[438874.64,6710610.91],[438866.32,6710609.51],[438856.0,6710607.65],[438846.52,6710606.06],[438842.5,6710607.56],[438836.98,6710609.6],[438826.49,6710613.35],[438818.6,6710616.32],[438807.5,6710620.34],[438796.85,6710624.21],[438787.02,6710627.84],[438790.52,6710637.45],[438788.27,6710638.2],[438791.91,6710647.47],[438788.2,6710648.97],[438799.47,6710677.02],[438800.59,6710679.82],[438807.51,6710679.0],[438808.06,6710683.65],[438813.38,6710683.02],[438814.27,6710682.92],[438815.76,6710684.65],[438817.85,6710684.4],[438819.23,6710684.23],[438822.53,6710683.85],[438822.75,6710683.83],[438825.52,6710683.62],[438826.44,6710683.5],[438828.21,6710683.16],[438829.92,6710682.62],[438831.56,6710681.87],[438834.51,6710680.2],[438836.66,6710678.4],[438837.56,6710677.26],[438840.03,6710677.65],[438841.3,6710677.3],[438843.21,6710676.7],[438843.51,6710676.58],[438843.85,6710676.38],[438852.56,6710671.11],[438853.85,6710672.69],[438854.14,6710673.12],[438864.38,6710666.97],[438872.01,6710662.26],[438879.35,6710656.7],[438885.3,6710652.08],[438889.87,6710648.71],[438896.56,6710643.72],[438897.74,6710642.64],[438901.63,6710639.1],[438902.29,6710638.46],[438903.7,6710637.17],[438904.88,6710636.11],[438908.89,6710632.41],[438910.71,6710630.73],[438912.93,6710628.94],[438915.37,6710626.47],[438918.1,6710623.96],[438917.42,6710620.01],[438917.3,6710619.29],[438918.79,6710619.05],[438918.27,6710616.01],[438919.4,6710614.87],[438925.53,6710608.71],[438927.92,6710608.4],[438928.71,6710613.29],[438930.63,6710611.43],[438930.92,6710610.96],[438930.98,6710610.4],[438930.82,6710609.76],[438930.57,6710609.21],[438940.83,6710593.69],[438941.74,6710594.01],[438942.29,6710594.14],[438942.83,6710593.97],[438943.2,6710593.53],[438945.76,6710588.09],[438950.22,6710578.62],[438951.25,6710576.65],[438952.45,6710574.77],[438954.03,6710572.81],[438954.9,6710571.88],[438958.35,6710569.75],[438956.77,6710565.3],[438951.84,6710567.11]],[[438815.69,6710681.56],[438815.22,6710677.53],[438819.38,6710677.09],[438819.77,6710681.11],[438817.25,6710681.39],[438815.69,6710681.56]]]]}},{"type":"Feature","properties":{"idu":"49353000AW0379","section":"AW","numero":"0379","libelle":"AW 0379","code_insee":"49353","commune":"Trélazé","contenance":1451},"geometry":{"type":"MultiPolygon","coordinates":[[[[438954.9,6710571.88],[438954.03,6710572.81],[438952.45,6710574.77],[438951.25,6710576.65],[438950.22,6710578.62],[438945.76,6710588.09],[438943.2,6710593.53],[438942.83,6710593.97],[438942.29,6710594.14],[438941.74,6710594.01],[438940.83,6710593.69],[438930.57,6710609.21],[438930.82,6710609.76],[438930.98,6710610.4],[438930.92,6710610.96],[438930.63,6710611.43],[438928.71,6710613.29],[438927.92,6710608.4],[438925.53,6710608.71],[438919.4,6710614.87],[438918.27,6710616.01],[438918.79,6710619.05],[438917.3,6710619.29],[438917.42,6710620.01],[438918.1,6710623.96],[438915.37,6710626.47],[438912.93,6710628.94],[438910.71,6710630.73],[438908.89,6710632.41],[438904.88,6710636.11],[438903.7,6710637.17],[438902.29,6710638.46],[438901.63,6710639.1],[438897.74,6710642.64],[438896.56,6710643.72],[438889.87,6710648.71],[438885.3,6710652.08],[438879.35,6710656.7],[438872.01,6710662.26],[438864.38,6710666.97],[438854.14,6710673.12],[438859.69,6710670.34],[438866.68,6710666.93],[438867.83,6710669.15],[438873.49,6710666.16],[438875.09,6710665.2],[438877.06,6710663.99],[438878.39,6710663.18],[438879.12,6710670.66],[438881.13,6710670.67],[438881.22,6710669.47],[438881.24,6710669.1],[438881.41,6710666.41],[438883.31,6710665.0],[438888.65,6710661.05],[438892.16,6710658.54],[438897.54,6710654.69],[438902.27,6710651.26],[438906.63,6710648.26],[438908.86,6710646.73],[438915.23,6710642.33],[438915.74,6710641.97],[438916.49,6710640.26],[438917.42,6710637.82],[438918.66,6710634.72],[438919.44,6710632.68],[438919.65,6710632.29],[438919.69,6710630.53],[438919.52,6710630.31],[438922.61,6710627.98],[438925.22,6710626.08],[438928.52,6710624.16],[438933.55,6710621.37],[438938.88,6710618.42],[438947.53,6710613.59],[438951.08,6710605.98],[438954.26,6710598.93],[438956.01,6710595.06],[438960.87,6710584.29],[438962.4,6710581.24],[438958.35,6710569.75],[438954.9,6710571.88]]]]}},{"type":"Feature","properties":{"idu":"49353000AW0380","section":"AW","numero":"0380","libelle":"AW 0380","code_insee":"49353","commune":"Trélazé","contenance":1402},"geometry":{"type":"MultiPolygon","coordinates":[[[[438779.54,6710652.47],[438781.96,6710658.76],[438775.91,6710660.81],[438773.02,6710667.4],[438779.86,6710684.91],[438762.83,6710694.12],[438764.96,6710712.31],[438768.96,6710711.36],[438777.9,6710709.23],[438778.03,6710707.81],[438778.27,6710704.76],[438778.39,6710702.32],[438778.53,6710700.01],[438778.16,6710696.94],[438777.29,6710690.07],[438787.88,6710688.54],[438787.83,6710687.97],[438794.0,6710687.28],[438801.0,6710695.05],[438802.98,6710694.81],[438803.33,6710697.62],[438804.28,6710698.65],[438805.0,6710698.58],[438805.1,6710699.55],[438806.47,6710701.04],[438805.89,6710695.3],[438807.27,6710695.06],[438809.15,6710694.69],[438811.45,6710694.19],[438813.68,6710693.73],[438815.0,6710693.38],[438816.73,6710692.93],[438817.9,6710692.68],[438818.87,6710692.36],[438819.75,6710692.05],[438821.64,6710691.35],[438824.73,6710690.28],[438826.9,6710689.47],[438829.99,6710688.27],[438832.92,6710687.11],[438833.83,6710686.56],[438832.52,6710684.13],[438842.57,6710678.96],[438851.5,6710674.45],[438854.14,6710673.12],[438853.85,6710672.69],[438852.56,6710671.11],[438843.85,6710676.38],[438843.51,6710676.58],[438843.21,6710676.7],[438841.3,6710677.3],[438840.03,6710677.65],[438837.56,6710677.26],[438836.66,6710678.4],[438834.51,6710680.2],[438831.56,6710681.87],[438829.92,6710682.62],[438828.21,6710683.16],[438826.44,6710683.5],[438825.52,6710683.62],[438822.75,6710683.83],[438822.53,6710683.85],[438819.23,6710684.23],[438817.85,6710684.4],[438815.76,6710684.65],[438814.27,6710682.92],[438813.38,6710683.02],[438808.06,6710683.65],[438807.51,6710679.0],[438800.59,6710679.82],[438799.47,6710677.02],[438788.2,6710648.97],[438779.54,6710652.47]]]]}},{"type":"Feature","properties":{"idu":"49353000AW0381","section":"AW","numero":"0381","libelle":"AW 0381","code_insee":"49353","commune":"Trélazé","contenance":3},"geometry":{"type":"MultiPolygon","coordinates":[[[[438801.0,6710695.05],[438802.47,6710696.69],[438803.33,6710697.62],[438802.98,6710694.81],[438801.0,6710695.05]]]]}},{"type":"Feature","properties":{"idu":"49353000AW0382","section":"AW","numero":"0382","libelle":"AW 0382","code_insee":"49353","commune":"Trélazé","contenance":1},"geometry":{"type":"MultiPolygon","coordinates":[[[[438804.28,6710698.65],[438805.1,6710699.55],[438805.0,6710698.58],[438804.28,6710698.65]]]]}},{"type":"Feature","properties":{"idu":"49353000AW0383","section":"AW","numero":"0383","libelle":"AW 0383","code_insee":"49353","commune":"Trélazé","contenance":422},"geometry":{"type":"MultiPolygon","coordinates":[[[[438944.38,6710683.35],[438944.83,6710694.37],[438945.15,6710702.31],[438945.54,6710712.46],[438945.83,6710718.86],[438946.02,6710723.51],[438946.04,6710725.56],[438946.09,6710726.71],[438946.24,6710730.03],[438946.33,6710731.96],[438946.78,6710742.24],[438949.74,6710742.03],[438953.74,6710741.77],[438953.42,6710735.57],[438954.0,6710735.55],[438953.62,6710733.52],[438953.32,6710733.54],[438953.18,6710730.83],[438953.12,6710729.8],[438952.99,6710727.23],[438952.59,6710719.15],[438952.83,6710719.13],[438952.27,6710705.13],[438951.3,6710682.84],[438945.17,6710683.29],[438944.38,6710683.35]]]]}},{"type":"Feature","properties":{"idu":"49353000AW0384","section":"AW","numero":"0384","libelle":"AW 0384","code_insee":"49353","commune":"Trélazé","contenance":8},"geometry":{"type":"MultiPolygon","coordinates":[[[[438951.3,6710682.84],[438951.25,6710681.54],[438945.13,6710681.95],[438945.17,6710683.29],[438951.3,6710682.84]]]]}},{"type":"Feature","properties":{"idu":"49353000AW0385","section":"AW","numero":"0385","libelle":"AW 0385","code_insee":"49353","commune":"Trélazé","contenance":1},"geometry":{"type":"MultiPolygon","coordinates":[[[[438945.13,6710681.95],[438944.32,6710682.01],[438944.38,6710683.35],[438945.17,6710683.29],[438945.13,6710681.95]]]]}},{"type":"Feature","properties":{"idu":"49353000AW0387","section":"AW","numero":"0387","libelle":"AW 0387","code_insee":"49353","commune":"Trélazé","contenance":1916},"geometry":{"type":"MultiPolygon","coordinates":[[[[439023.21,6710576.6],[439020.46,6710576.92],[439012.13,6710578.02],[439000.91,6710579.43],[438994.37,6710580.24],[438988.61,6710580.96],[438981.24,6710581.9],[438973.51,6710582.83],[438963.11,6710584.0],[438963.34,6710596.7],[438965.93,6710607.98],[438967.62,6710615.32],[438968.45,6710622.9],[438968.74,6710632.68],[438978.46,6710633.31],[438987.01,6710633.87],[438992.88,6710634.24],[438995.51,6710634.41],[438996.88,6710619.33],[439001.02,6710585.2],[439023.99,6710583.35],[439023.21,6710576.6]]]]}},{"type":"Feature","properties":{"idu":"49353000AW0388","section":"AW","numero":"0388","libelle":"AW 0388","code_insee":"49353","commune":"Trélazé","contenance":385},"geometry":{"type":"MultiPolygon","coordinates":[[[[438963.11,6710584.0],[438960.87,6710584.29],[438959.4,6710593.51],[438957.36,6710606.26],[438957.19,6710607.29],[438958.26,6710609.53],[438960.11,6710626.67],[438959.78,6710639.08],[438968.42,6710638.9],[438968.74,6710632.68],[438968.45,6710622.9],[438967.62,6710615.32],[438965.93,6710607.98],[438963.34,6710596.7],[438963.11,6710584.0]]]]}},{"type":"Feature","properties":{"idu":"49353000AW0389","section":"AW","numero":"0389","libelle":"AW 0389","code_insee":"49353","commune":"Trélazé","contenance":123},"geometry":{"type":"MultiPolygon","coordinates":[[[[438957.19,6710607.29],[438955.74,6710616.0],[438955.04,6710626.63],[438954.77,6710631.34],[438954.25,6710639.2],[438959.78,6710639.08],[438960.11,6710626.67],[438958.26,6710609.53],[438957.19,6710607.29]]]]}},{"type":"Feature","properties":{"idu":"49353000AW0390","section":"AW","numero":"0390","libelle":"AW 0390","code_insee":"49353","commune":"Trélazé","contenance":2},"geometry":{"type":"MultiPolygon","coordinates":[[[[438968.42,6710638.9],[438969.11,6710638.89],[438968.92,6710635.55],[438968.78,6710633.28],[438968.74,6710632.68],[438968.42,6710638.9]]]]}},{"type":"Feature","properties":{"idu":"49353000AW0391","section":"AW","numero":"0391","libelle":"AW 0391","code_insee":"49353","commune":"Trélazé","contenance":28},"geometry":{"type":"MultiPolygon","coordinates":[[[[438959.53,6710648.99],[438953.77,6710649.29],[438953.6,6710654.01],[438960.73,6710654.08],[438959.44,6710652.33],[438959.51,6710649.39],[438959.52,6710649.15],[438959.53,6710648.99]]]]}},{"type":"Feature","properties":{"idu":"49353000AW0392","section":"AW","numero":"0392","libelle":"AW 0392","code_insee":"49353","commune":"Trélazé","contenance":40},"geometry":{"type":"MultiPolygon","coordinates":[[[[438960.73,6710654.08],[438967.23,6710654.16],[438967.64,6710654.16],[438967.86,6710649.76],[438959.51,6710649.39],[438959.44,6710652.33],[438960.73,6710654.08]]]]}},{"type":"Feature","properties":{"idu":"49353000AW0393","section":"AW","numero":"0393","libelle":"AW 0393","code_insee":"49353","commune":"Trélazé","contenance":7},"geometry":{"type":"MultiPolygon","coordinates":[[[[438967.64,6710654.16],[438969.25,6710652.11],[438969.41,6710650.51],[438969.41,6710648.45],[438967.93,6710648.53],[438967.89,6710649.25],[438967.86,6710649.76],[438967.64,6710654.16]]]]}},{"type":"Feature","properties":{"idu":"49353000AW0394","section":"AW","numero":"0394","libelle":"AW 0394","code_insee":"49353","commune":"Trélazé","contenance":7},"geometry":{"type":"MultiPolygon","coordinates":[[[[438967.93,6710648.53],[438959.53,6710648.99],[438959.52,6710649.15],[438959.51,6710649.39],[438967.86,6710649.76],[438967.89,6710649.25],[438967.93,6710648.53]]]]}},{"type":"Feature","properties":{"idu":"49353000AW0395","section":"AW","numero":"0395","libelle":"AW 0395","code_insee":"49353","commune":"Trélazé","contenance":29},"geometry":{"type":"MultiPolygon","coordinates":[[[[438959.78,6710639.08],[438954.25,6710639.2],[438954.02,6710644.17],[438959.64,6710644.42],[438959.78,6710639.08]]]]}},{"type":"Feature","properties":{"idu":"49353000AW0396","section":"AW","numero":"0396","libelle":"AW 0396","code_insee":"49353","commune":"Trélazé","contenance":50},"geometry":{"type":"MultiPolygon","coordinates":[[[[438968.42,6710638.9],[438959.78,6710639.08],[438959.64,6710644.42],[438968.13,6710644.79],[438968.28,6710641.78],[438968.42,6710638.9]]]]}},{"type":"Feature","properties":{"idu":"49353000AW0397","section":"AW","numero":"0397","libelle":"AW 0397","code_insee":"49353","commune":"Trélazé","contenance":10},"geometry":{"type":"MultiPolygon","coordinates":[[[[438967.93,6710648.53],[438969.41,6710648.45],[438969.34,6710646.41],[438969.11,6710638.89],[438968.42,6710638.9],[438968.28,6710641.78],[438968.13,6710644.79],[438967.93,6710648.53]]]]}},{"type":"Feature","properties":{"idu":"49353000AW0398","section":"AW","numero":"0398","libelle":"AW 0398","code_insee":"49353","commune":"Trélazé","contenance":35},"geometry":{"type":"MultiPolygon","coordinates":[[[[438959.53,6710648.99],[438967.93,6710648.53],[438968.13,6710644.79],[438959.64,6710644.42],[438959.59,6710646.6],[438959.53,6710648.99]]]]}},{"type":"Feature","properties":{"idu":"49353000AW0399","section":"AW","numero":"0399","libelle":"AW 0399","code_insee":"49353","commune":"Trélazé","contenance":28},"geometry":{"type":"MultiPolygon","coordinates":[[[[438954.02,6710644.17],[438953.77,6710649.29],[438959.53,6710648.99],[438959.59,6710646.6],[438959.64,6710644.42],[438954.02,6710644.17]]]]}},{"type":"Feature","properties":{"idu":"49353000AW0400","section":"AW","numero":"0400","libelle":"AW 0400","code_insee":"49353","commune":"Trélazé","contenance":32},"geometry":{"type":"MultiPolygon","coordinates":[[[[438949.77,6710617.49],[438955.04,6710626.63],[438955.74,6710616.0],[438949.77,6710617.49]]]]}},{"type":"Feature","properties":{"idu":"49353000AW0401","section":"AW","numero":"0401","libelle":"AW 0401","code_insee":"49353","commune":"Trélazé","contenance":52},"geometry":{"type":"MultiPolygon","coordinates":[[[[438956.01,6710595.06],[438954.26,6710598.93],[438956.61,6710606.07],[438957.19,6710607.29],[438957.36,6710606.26],[438959.4,6710593.51],[438960.87,6710584.29],[438956.01,6710595.06]]]]}},{"type":"Feature","properties":{"idu":"49353000AW0402","section":"AW","numero":"0402","libelle":"AW 0402","code_insee":"49353","commune":"Trélazé","contenance":100},"geometry":{"type":"MultiPolygon","coordinates":[[[[438954.26,6710598.93],[438951.08,6710605.98],[438947.53,6710613.59],[438949.77,6710617.49],[438955.74,6710616.0],[438957.19,6710607.29],[438956.61,6710606.07],[438954.26,6710598.93]]]]}},{"type":"Feature","properties":{"idu":"49353000AW0403","section":"AW","numero":"0403","libelle":"AW 0403","code_insee":"49353","commune":"Trélazé","contenance":13},"geometry":{"type":"MultiPolygon","coordinates":[[[[438955.57,6710682.57],[438965.94,6710681.9],[438965.97,6710680.6],[438955.65,6710681.28],[438955.57,6710682.57]]]]}},{"type":"Feature","properties":{"idu":"49353000AW0404","section":"AW","numero":"0404","libelle":"AW 0404","code_insee":"49353","commune":"Trélazé","contenance":6},"geometry":{"type":"MultiPolygon","coordinates":[[[[438955.65,6710681.28],[438954.96,6710681.33],[438952.34,6710681.48],[438951.25,6710681.54],[438951.3,6710682.84],[438955.57,6710682.57],[438955.65,6710681.28]]]]}},{"type":"Feature","properties":{"idu":"49353000AW0405","section":"AW","numero":"0405","libelle":"AW 0405","code_insee":"49353","commune":"Trélazé","contenance":27},"geometry":{"type":"MultiPolygon","coordinates":[[[[438960.48,6710658.51],[438967.0,6710658.16],[438967.19,6710654.84],[438967.23,6710654.16],[438960.73,6710654.08],[438960.48,6710658.51]]]]}},{"type":"Feature","properties":{"idu":"49353000AW0406","section":"AW","numero":"0406","libelle":"AW 0406","code_insee":"49353","commune":"Trélazé","contenance":1},"geometry":{"type":"MultiPolygon","coordinates":[[[[438967.64,6710654.16],[438967.23,6710654.16],[438967.19,6710654.84],[438967.64,6710654.16]]]]}},{"type":"Feature","properties":{"idu":"49353000AW0407","section":"AW","numero":"0407","libelle":"AW 0407","code_insee":"49353","commune":"Trélazé","contenance":307},"geometry":{"type":"MultiPolygon","coordinates":[[[[438945.13,6710681.95],[438951.25,6710681.54],[438952.34,6710681.48],[438952.26,6710679.67],[438954.89,6710679.52],[438954.96,6710681.33],[438955.65,6710681.28],[438957.01,6710658.7],[438942.43,6710658.82],[438941.05,6710660.32],[438941.08,6710664.34],[438941.58,6710668.31],[438942.84,6710674.2],[438943.74,6710678.16],[438944.1,6710679.25],[438945.1,6710680.93],[438945.13,6710681.95]]]]}},{"type":"Feature","properties":{"idu":"49353000AW0408","section":"AW","numero":"0408","libelle":"AW 0408","code_insee":"49353","commune":"Trélazé","contenance":130},"geometry":{"type":"MultiPolygon","coordinates":[[[[438942.35,6710653.98],[438937.52,6710653.99],[438936.56,6710654.06],[438936.85,6710659.93],[438937.66,6710677.58],[438940.26,6710677.36],[438940.64,6710681.86],[438943.08,6710682.15],[438944.32,6710682.01],[438945.13,6710681.95],[438945.1,6710680.93],[438944.1,6710679.25],[438943.74,6710678.16],[438942.84,6710674.2],[438941.58,6710668.31],[438941.08,6710664.34],[438941.05,6710660.32],[438942.43,6710658.82],[438942.35,6710653.98]]]]}},{"type":"Feature","properties":{"idu":"49353000AW0409","section":"AW","numero":"0409","libelle":"AW 0409","code_insee":"49353","commune":"Trélazé","contenance":83},"geometry":{"type":"MultiPolygon","coordinates":[[[[438957.01,6710658.7],[438960.48,6710658.51],[438960.73,6710654.08],[438953.6,6710654.01],[438945.43,6710653.97],[438942.35,6710653.98],[438942.43,6710658.82],[438957.01,6710658.7]]]]}},{"type":"Feature","properties":{"idu":"49353000AX0039","section":"AX","numero":"0039","libelle":"AX 0039","code_insee":"49353","commune":"Trélazé","contenance":5123},"geometry":{"type":"MultiPolygon","coordinates":[[[[439053.8,6710290.63],[439047.06,6710287.06],[439044.09,6710285.13],[439042.61,6710284.15],[439041.16,6710283.46],[439040.04,6710282.69],[439039.47,6710282.2],[439039.09,6710281.68],[439038.83,6710281.36],[439038.62,6710280.91],[439038.41,6710280.25],[439038.16,6710278.89],[439038.1,6710277.91],[439037.89,6710276.43],[439037.65,6710275.41],[439037.42,6710274.48],[439036.94,6710273.63],[439036.34,6710272.96],[439035.8,6710272.36],[439035.15,6710271.83],[439034.83,6710271.53],[439034.54,6710271.09],[439034.26,6710270.69],[439033.9,6710270.22],[439033.58,6710269.72],[439033.4,6710269.19],[439033.26,6710268.92],[439033.23,6710268.66],[439033.21,6710268.46],[439033.31,6710268.06],[439033.39,6710267.77],[439033.42,6710267.17],[439033.39,6710266.66],[439033.28,6710266.04],[439033.04,6710265.39],[439032.56,6710264.84],[439032.3,6710264.47],[439032.04,6710264.19],[439031.67,6710263.92],[439031.29,6710263.78],[439031.01,6710263.76],[439030.55,6710263.68],[439030.23,6710263.75],[439029.71,6710263.62],[439029.24,6710263.39],[439028.64,6710263.13],[439028.01,6710262.62],[439020.8,6710253.84],[439016.62,6710248.65],[439018.05,6710246.51],[439018.69,6710245.38],[439019.16,6710244.07],[439019.62,6710242.98],[439019.88,6710242.3],[439019.97,6710241.68],[439020.01,6710241.04],[439020.02,6710240.38],[439019.95,6710239.78],[439019.94,6710239.22],[439019.8,6710238.68],[439019.61,6710238.0],[439019.34,6710237.6],[439019.05,6710237.14],[439018.6,6710236.59],[439018.15,6710235.96],[439017.67,6710235.35],[439017.33,6710235.01],[439016.9,6710234.61],[439016.6,6710234.39],[439016.13,6710234.1],[439015.63,6710233.96],[439015.17,6710233.86],[439014.69,6710233.86],[439014.15,6710233.79],[439013.49,6710233.86],[439012.71,6710234.05],[439011.86,6710234.19],[439010.88,6710234.52],[439010.28,6710234.84],[439009.47,6710235.4],[439008.79,6710236.28],[439006.15,6710239.57],[439004.45,6710241.61],[439001.8,6710241.72],[438999.42,6710241.99],[438997.01,6710242.22],[438994.7,6710242.41],[438993.32,6710242.35],[438991.46,6710242.22],[438989.74,6710242.37],[438987.88,6710242.65],[438986.03,6710243.03],[438984.83,6710243.45],[438983.65,6710243.89],[438982.66,6710244.35],[438981.48,6710244.91],[438980.04,6710245.82],[438978.64,6710246.64],[438977.47,6710247.24],[438976.33,6710248.05],[438975.03,6710249.11],[438974.01,6710249.85],[438973.16,6710250.66],[438972.56,6710251.47],[438972.07,6710252.48],[438971.63,6710253.57],[438971.23,6710254.57],[438970.84,6710255.74],[438970.45,6710257.21],[438970.04,6710258.7],[438969.74,6710260.72],[438969.45,6710262.83],[438969.2,6710264.64],[438969.04,6710265.46],[438968.63,6710266.49],[438968.39,6710267.35],[438968.0,6710268.86],[438967.82,6710269.51],[438967.77,6710270.35],[438967.73,6710271.43],[438967.84,6710272.94],[438967.89,6710274.88],[438967.92,6710276.71],[438967.93,6710278.15],[438967.85,6710279.41],[438967.72,6710280.69],[438967.02,6710282.2],[438969.33,6710284.0],[438972.8,6710287.38],[438974.75,6710289.25],[438977.44,6710292.22],[438979.72,6710294.48],[438983.41,6710298.0],[438987.76,6710302.32],[438991.71,6710306.22],[438996.35,6710310.69],[439000.27,6710314.43],[439004.32,6710318.44],[439010.61,6710324.28],[439015.8,6710329.28],[439020.16,6710333.45],[439026.48,6710339.9],[439027.69,6710341.26],[439029.88,6710334.94],[439031.23,6710335.95],[439034.03,6710337.49],[439036.96,6710339.16],[439043.06,6710342.49],[439044.36,6710325.05],[439044.72,6710318.96],[439045.5,6710309.02],[439045.99,6710303.42],[439046.56,6710299.42],[439047.02,6710297.23],[439047.5,6710295.66],[439047.99,6710294.53],[439048.54,6710293.34],[439049.07,6710292.53],[439049.62,6710292.02],[439050.07,6710291.58],[439050.67,6710291.24],[439051.33,6710290.94],[439051.98,6710290.77],[439053.8,6710290.63]]]]}},{"type":"Feature","properties":{"idu":"49353000AX0040","section":"AX","numero":"0040","libelle":"AX 0040","code_insee":"49353","commune":"Trélazé","contenance":3705},"geometry":{"type":"MultiPolygon","coordinates":[[[[439093.36,6710307.55],[439083.38,6710303.31],[439073.79,6710299.16],[439064.88,6710295.45],[439053.8,6710290.63],[439051.98,6710290.77],[439051.33,6710290.94],[439050.67,6710291.24],[439050.07,6710291.58],[439049.62,6710292.02],[439049.07,6710292.53],[439048.54,6710293.34],[439047.99,6710294.53],[439047.5,6710295.66],[439047.02,6710297.23],[439046.56,6710299.42],[439045.99,6710303.42],[439045.5,6710309.02],[439044.72,6710318.96],[439044.36,6710325.05],[439049.7,6710327.64],[439062.34,6710333.44],[439075.39,6710339.66],[439086.91,6710345.01],[439095.11,6710348.92],[439103.43,6710352.84],[439109.94,6710355.93],[439118.68,6710359.99],[439127.06,6710364.09],[439134.99,6710367.81],[439142.7,6710329.21],[439093.36,6710307.55]]]]}},{"type":"Feature","properties":{"idu":"49353000AX0041","section":"AX","numero":"0041","libelle":"AX 0041","code_insee":"49353","commune":"Trélazé","contenance":1776},"geometry":{"type":"MultiPolygon","coordinates":[[[[439134.99,6710367.81],[439127.06,6710364.09],[439118.68,6710359.99],[439109.94,6710355.93],[439103.43,6710352.84],[439095.11,6710348.92],[439086.91,6710345.01],[439075.39,6710339.66],[439062.34,6710333.44],[439049.7,6710327.64],[439044.36,6710325.05],[439043.06,6710342.49],[439056.6,6710349.25],[439065.48,6710353.95],[439081.28,6710362.29],[439092.6,6710368.34],[439105.43,6710375.25],[439121.17,6710383.49],[439130.97,6710388.41],[439134.99,6710367.81]]]]}},{"type":"Feature","properties":{"idu":"49353000AX0042","section":"AX","numero":"0042","libelle":"AX 0042","code_insee":"49353","commune":"Trélazé","contenance":5263},"geometry":{"type":"MultiPolygon","coordinates":[[[[439134.99,6710367.81],[439130.97,6710388.41],[439137.35,6710391.62],[439144.2,6710394.96],[439151.37,6710398.49],[439157.58,6710401.52],[439161.54,6710403.43],[439165.1,6710405.27],[439166.91,6710406.2],[439171.49,6710408.06],[439175.53,6710409.65],[439181.18,6710411.8],[439186.25,6710413.94],[439191.07,6710415.83],[439195.99,6710417.79],[439201.91,6710419.96],[439207.72,6710422.26],[439214.79,6710424.91],[439219.42,6710426.66],[439225.09,6710428.76],[439229.47,6710430.41],[439237.88,6710433.34],[439244.94,6710435.72],[439250.07,6710437.37],[439255.32,6710439.1],[439260.37,6710440.79],[439265.22,6710442.46],[439269.19,6710443.72],[439274.68,6710445.35],[439279.03,6710446.5],[439284.19,6710447.99],[439288.55,6710449.29],[439293.53,6710450.68],[439296.04,6710451.28],[439298.46,6710451.88],[439302.91,6710452.97],[439308.44,6710454.28],[439313.49,6710455.45],[439317.96,6710456.5],[439322.81,6710457.66],[439328.3,6710458.9],[439333.2,6710460.08],[439338.95,6710461.52],[439346.45,6710463.41],[439352.01,6710464.69],[439353.39,6710457.65],[439354.51,6710451.6],[439355.71,6710445.81],[439356.3,6710443.36],[439360.43,6710424.43],[439364.28,6710405.83],[439363.36,6710404.77],[439362.97,6710404.32],[439362.41,6710404.1],[439362.03,6710404.28],[439361.2,6710404.8],[439360.14,6710405.69],[439357.4,6710408.64],[439353.36,6710413.04],[439350.24,6710416.43],[439344.28,6710422.54],[439337.89,6710428.78],[439333.43,6710433.12],[439329.79,6710436.42],[439327.24,6710438.75],[439326.68,6710438.85],[439325.74,6710438.98],[439324.88,6710439.09],[439323.89,6710439.09],[439322.38,6710439.02],[439319.94,6710438.73],[439317.91,6710438.28],[439316.3,6710437.79],[439312.98,6710436.8],[439309.92,6710435.93],[439303.84,6710434.18],[439295.76,6710431.61],[439283.52,6710427.65],[439271.39,6710423.78],[439265.12,6710421.75],[439256.93,6710418.91],[439247.48,6710415.63],[439238.15,6710412.56],[439230.29,6710409.99],[439224.78,6710408.19],[439220.28,6710406.73],[439216.33,6710405.01],[439211.99,6710403.11],[439208.39,6710401.53],[439201.89,6710398.74],[439195.87,6710396.02],[439188.93,6710392.95],[439181.11,6710389.41],[439172.54,6710385.28],[439163.37,6710381.09],[439153.08,6710376.24],[439142.01,6710370.96],[439134.99,6710367.81]]]]}},{"type":"Feature","properties":{"idu":"49353000AX0043","section":"AX","numero":"0043","libelle":"AX 0043","code_insee":"49353","commune":"Trélazé","contenance":9418},"geometry":{"type":"MultiPolygon","coordinates":[[[[439134.99,6710367.81],[439142.01,6710370.96],[439153.08,6710376.24],[439163.37,6710381.09],[439172.54,6710385.28],[439181.11,6710389.41],[439188.93,6710392.95],[439195.87,6710396.02],[439201.89,6710398.74],[439208.39,6710401.53],[439211.99,6710403.11],[439216.33,6710405.01],[439220.28,6710406.73],[439224.78,6710408.19],[439230.29,6710409.99],[439238.15,6710412.56],[439247.48,6710415.63],[439256.93,6710418.91],[439265.12,6710421.75],[439271.39,6710423.78],[439283.52,6710427.65],[439295.76,6710431.61],[439303.84,6710434.18],[439309.92,6710435.93],[439312.98,6710436.8],[439316.3,6710437.79],[439317.91,6710438.28],[439319.94,6710438.73],[439322.38,6710439.02],[439323.89,6710439.09],[439324.88,6710439.09],[439325.74,6710438.98],[439326.68,6710438.85],[439327.24,6710438.75],[439329.79,6710436.42],[439333.43,6710433.12],[439337.89,6710428.78],[439344.28,6710422.54],[439350.24,6710416.43],[439353.36,6710413.04],[439357.4,6710408.64],[439360.14,6710405.69],[439361.2,6710404.8],[439362.03,6710404.28],[439362.41,6710404.1],[439362.97,6710404.32],[439363.36,6710404.77],[439364.28,6710405.83],[439365.14,6710403.82],[439365.59,6710402.42],[439366.38,6710401.0],[439366.9,6710400.21],[439367.57,6710399.1],[439368.32,6710398.24],[439369.4,6710397.07],[439370.66,6710395.89],[439371.74,6710395.29],[439372.64,6710394.77],[439373.6,6710394.04],[439359.59,6710392.25],[439344.21,6710390.34],[439331.27,6710388.79],[439317.6,6710387.2],[439307.85,6710385.86],[439290.03,6710383.76],[439283.05,6710382.87],[439280.22,6710382.43],[439277.37,6710382.24],[439274.99,6710381.69],[439272.27,6710381.24],[439269.88,6710380.85],[439267.06,6710380.41],[439263.82,6710379.88],[439261.7,6710379.39],[439260.08,6710379.0],[439257.75,6710378.23],[439255.47,6710377.56],[439254.11,6710377.2],[439251.24,6710376.09],[439247.35,6710374.47],[439239.81,6710371.54],[439230.83,6710367.77],[439218.09,6710362.36],[439210.05,6710358.98],[439183.19,6710346.96],[439157.0,6710335.49],[439142.7,6710329.21],[439134.99,6710367.81]]]]}},{"type":"Feature","properties":{"idu":"49353000AX0086","section":"AX","numero":"0086","libelle":"AX 0086","code_insee":"49353","commune":"Trélazé","contenance":16769},"geometry":{"type":"MultiPolygon","coordinates":[[[[439307.85,6710385.86],[439333.82,6710302.39],[439360.31,6710217.3],[439356.77,6710217.3],[439354.06,6710217.2],[439351.98,6710217.19],[439349.98,6710217.0],[439348.14,6710216.81],[439346.02,6710216.49],[439343.3,6710216.22],[439341.32,6710215.96],[439338.48,6710215.45],[439335.44,6710214.87],[439330.8,6710214.16],[439324.59,6710212.89],[439316.93,6710211.48],[439310.28,6710210.24],[439304.05,6710208.91],[439297.31,6710207.65],[439289.58,6710206.31],[439283.28,6710205.23],[439278.46,6710204.28],[439273.54,6710203.17],[439270.37,6710202.39],[439240.32,6710280.89],[439210.05,6710358.98],[439218.09,6710362.36],[439230.83,6710367.77],[439239.81,6710371.54],[439247.35,6710374.47],[439251.24,6710376.09],[439254.11,6710377.2],[439255.47,6710377.56],[439257.75,6710378.23],[439260.08,6710379.0],[439261.7,6710379.39],[439263.82,6710379.88],[439267.06,6710380.41],[439269.88,6710380.85],[439272.27,6710381.24],[439274.99,6710381.69],[439277.37,6710382.24],[439280.22,6710382.43],[439283.05,6710382.87],[439290.03,6710383.76],[439307.85,6710385.86]]]]}},{"type":"Feature","properties":{"idu":"49353000AX0087","section":"AX","numero":"0087","libelle":"AX 0087","code_insee":"49353","commune":"Trélazé","contenance":16806},"geometry":{"type":"MultiPolygon","coordinates":[[[[439198.95,6710174.18],[439184.86,6710191.47],[439165.06,6710216.97],[439142.21,6710245.77],[439121.49,6710272.26],[439100.92,6710297.67],[439093.36,6710307.55],[439142.7,6710329.21],[439157.0,6710335.49],[439183.19,6710346.96],[439210.05,6710358.98],[439240.32,6710280.89],[439270.37,6710202.39],[439267.6,6710201.7],[439263.55,6710200.73],[439257.74,6710199.29],[439252.23,6710197.86],[439247.59,6710196.7],[439241.92,6710195.04],[439238.82,6710194.08],[439235.35,6710193.08],[439233.26,6710192.34],[439231.03,6710191.56],[439228.15,6710190.32],[439224.8,6710188.92],[439221.67,6710187.67],[439219.52,6710186.73],[439217.24,6710185.46],[439214.68,6710183.97],[439211.52,6710182.27],[439208.21,6710180.33],[439204.62,6710178.11],[439201.17,6710175.79],[439198.95,6710174.18]]]]}},{"type":"Feature","properties":{"idu":"49353000AX0088","section":"AX","numero":"0088","libelle":"AX 0088","code_insee":"49353","commune":"Trélazé","contenance":17068},"geometry":{"type":"MultiPolygon","coordinates":[[[[439094.09,6710076.06],[439089.85,6710080.14],[439086.47,6710083.66],[439084.16,6710086.12],[439081.36,6710089.17],[439078.21,6710092.59],[439075.2,6710095.86],[439087.1,6710107.99],[439090.29,6710111.18],[439092.51,6710113.25],[439095.17,6710115.69],[439098.16,6710118.28],[439101.27,6710121.06],[439104.51,6710123.91],[439107.98,6710126.93],[439111.81,6710130.29],[439114.07,6710132.22],[439117.14,6710134.9],[439119.54,6710137.08],[439121.53,6710138.86],[439122.58,6710140.11],[439123.99,6710141.68],[439125.59,6710143.45],[439126.7,6710144.73],[439128.06,6710146.26],[439128.85,6710147.34],[439118.4,6710154.9],[439107.24,6710162.83],[439093.71,6710172.33],[439084.27,6710178.86],[439073.89,6710186.05],[439061.34,6710194.94],[439051.67,6710201.76],[439043.33,6710207.46],[439034.11,6710214.06],[439028.81,6710217.84],[439040.77,6710254.66],[439049.02,6710279.87],[439047.06,6710287.06],[439053.8,6710290.63],[439064.88,6710295.45],[439073.79,6710299.16],[439083.38,6710303.31],[439093.36,6710307.55],[439100.92,6710297.67],[439121.49,6710272.26],[439142.21,6710245.77],[439165.06,6710216.97],[439184.86,6710191.47],[439198.95,6710174.18],[439189.93,6710166.36],[439179.44,6710156.56],[439172.29,6710150.08],[439165.73,6710144.06],[439161.95,6710140.64],[439157.42,6710136.54],[439155.77,6710134.95],[439152.62,6710134.11],[439150.79,6710133.4],[439149.34,6710132.68],[439146.76,6710130.55],[439144.92,6710128.97],[439143.56,6710127.41],[439141.56,6710125.31],[439139.53,6710122.98],[439137.4,6710120.25],[439135.27,6710117.46],[439133.12,6710114.5],[439131.05,6710111.33],[439129.18,6710108.18],[439127.71,6710105.49],[439126.05,6710102.57],[439113.59,6710088.29],[439098.92,6710071.42],[439094.09,6710076.06]],[[439135.66,6710157.97],[439131.59,6710161.32],[439126.85,6710155.67],[439131.02,6710152.31],[439135.66,6710157.97]]]]}},{"type":"Feature","properties":{"idu":"49353000AY0008","section":"AY","numero":"0008","libelle":"AY 0008","code_insee":"49353","commune":"Trélazé","contenance":593},"geometry":{"type":"MultiPolygon","coordinates":[[[[438001.73,6710532.35],[438000.09,6710537.16],[437996.42,6710543.57],[437991.94,6710551.66],[437988.31,6710558.08],[437988.08,6710558.82],[437985.29,6710567.37],[437984.66,6710569.33],[437985.68,6710569.67],[437993.33,6710572.18],[437994.7,6710572.63],[437995.58,6710572.94],[437998.27,6710573.84],[437999.78,6710574.36],[438000.54,6710574.61],[438001.22,6710572.52],[438003.89,6710564.06],[438005.26,6710559.75],[438009.22,6710547.26],[438012.8,6710535.99],[438001.73,6710532.35]]]]}},{"type":"Feature","properties":{"idu":"49353000AY0011","section":"AY","numero":"0011","libelle":"AY 0011","code_insee":"49353","commune":"Trélazé","contenance":222},"geometry":{"type":"MultiPolygon","coordinates":[[[[438049.22,6710590.85],[438052.6,6710591.98],[438058.01,6710593.77],[438062.12,6710581.18],[438065.73,6710570.09],[438064.5,6710569.67],[438057.71,6710567.33],[438057.35,6710567.21],[438056.25,6710570.44],[438053.57,6710578.28],[438049.22,6710590.85]]]]}},{"type":"Feature","properties":{"idu":"49353000AY0012","section":"AY","numero":"0012","libelle":"AY 0012","code_insee":"49353","commune":"Trélazé","contenance":208},"geometry":{"type":"MultiPolygon","coordinates":[[[[438073.93,6710572.89],[438070.74,6710571.8],[438065.73,6710570.09],[438062.12,6710581.18],[438058.01,6710593.77],[438063.18,6710595.46],[438066.09,6710596.41],[438071.54,6710580.06],[438073.93,6710572.89]]]]}},{"type":"Feature","properties":{"idu":"49353000AY0017","section":"AY","numero":"0017","libelle":"AY 0017","code_insee":"49353","commune":"Trélazé","contenance":40},"geometry":{"type":"MultiPolygon","coordinates":[[[[438231.3,6710603.38],[438231.8,6710593.68],[438227.67,6710593.45],[438227.18,6710603.04],[438231.3,6710603.38]]]]}},{"type":"Feature","properties":{"idu":"49353000AY0076","section":"AY","numero":"0076","libelle":"AY 0076","code_insee":"49353","commune":"Trélazé","contenance":1341},"geometry":{"type":"MultiPolygon","coordinates":[[[[438135.64,6710619.5],[438138.32,6710620.32],[438143.39,6710622.0],[438144.2,6710622.27],[438151.0,6710624.54],[438163.47,6710628.57],[438174.43,6710632.21],[438181.15,6710612.2],[438186.0,6710597.8],[438170.45,6710595.83],[438159.25,6710594.39],[438153.44,6710593.7],[438148.36,6710591.99],[438148.79,6710590.72],[438145.6,6710589.59],[438142.12,6710600.01],[438138.82,6710610.15],[438136.66,6710615.78],[438135.88,6710618.63],[438135.64,6710619.5]]]]}},{"type":"Feature","properties":{"idu":"49353000AY0084","section":"AY","numero":"0084","libelle":"AY 0084","code_insee":"49353","commune":"Trélazé","contenance":3427},"geometry":{"type":"MultiPolygon","coordinates":[[[[438028.88,6710584.09],[438039.75,6710587.75],[438049.22,6710590.85],[438053.57,6710578.28],[438056.25,6710570.44],[438057.35,6710567.21],[438057.71,6710567.33],[438058.93,6710556.61],[438060.42,6710544.75],[438054.83,6710511.25],[438044.02,6710507.7],[438030.76,6710503.38],[438017.14,6710498.97],[438006.55,6710495.51],[437997.35,6710492.56],[437993.21,6710504.88],[437989.49,6710516.35],[437985.85,6710527.38],[437994.33,6710529.98],[438001.73,6710532.35],[438012.8,6710535.99],[438024.6,6710539.77],[438026.74,6710540.44],[438035.47,6710543.16],[438041.26,6710544.97],[438036.69,6710559.61],[438033.18,6710570.56],[438030.59,6710578.71],[438028.88,6710584.09]]]]}},{"type":"Feature","properties":{"idu":"49353000AY0085","section":"AY","numero":"0085","libelle":"AY 0085","code_insee":"49353","commune":"Trélazé","contenance":243},"geometry":{"type":"MultiPolygon","coordinates":[[[[438060.42,6710544.75],[438058.93,6710556.61],[438057.71,6710567.33],[438064.5,6710569.67],[438065.73,6710570.09],[438072.78,6710548.85],[438063.29,6710545.7],[438060.42,6710544.75]]]]}},{"type":"Feature","properties":{"idu":"49353000AY0086","section":"AY","numero":"0086","libelle":"AY 0086","code_insee":"49353","commune":"Trélazé","contenance":196},"geometry":{"type":"MultiPolygon","coordinates":[[[[438073.93,6710572.89],[438074.64,6710570.73],[438080.97,6710551.59],[438072.78,6710548.85],[438065.73,6710570.09],[438070.74,6710571.8],[438073.93,6710572.89]]]]}},{"type":"Feature","properties":{"idu":"49353000AY0093","section":"AY","numero":"0093","libelle":"AY 0093","code_insee":"49353","commune":"Trélazé","contenance":316},"geometry":{"type":"MultiPolygon","coordinates":[[[[438016.2,6710579.81],[438017.88,6710574.74],[438020.56,6710566.57],[438020.68,6710566.19],[438024.05,6710555.87],[438022.21,6710555.33],[438011.71,6710552.25],[438007.65,6710563.65],[438003.39,6710575.55],[438009.54,6710577.59],[438016.2,6710579.81]]]]}},{"type":"Feature","properties":{"idu":"49353000AY0094","section":"AY","numero":"0094","libelle":"AY 0094","code_insee":"49353","commune":"Trélazé","contenance":319},"geometry":{"type":"MultiPolygon","coordinates":[[[[438028.88,6710584.09],[438030.59,6710578.71],[438033.18,6710570.56],[438036.69,6710559.61],[438030.81,6710557.87],[438024.05,6710555.87],[438020.68,6710566.19],[438020.56,6710566.57],[438017.88,6710574.74],[438016.2,6710579.81],[438022.34,6710581.85],[438028.88,6710584.09]]]]}},{"type":"Feature","properties":{"idu":"49353000AY0095","section":"AY","numero":"0095","libelle":"AY 0095","code_insee":"49353","commune":"Trélazé","contenance":547},"geometry":{"type":"MultiPolygon","coordinates":[[[[438000.54,6710574.61],[438003.39,6710575.55],[438007.65,6710563.65],[438011.71,6710552.25],[438022.21,6710555.33],[438024.05,6710555.87],[438030.81,6710557.87],[438036.69,6710559.61],[438041.26,6710544.97],[438035.47,6710543.16],[438026.74,6710540.44],[438024.6,6710539.77],[438012.8,6710535.99],[438009.22,6710547.26],[438005.26,6710559.75],[438003.89,6710564.06],[438001.22,6710572.52],[438000.54,6710574.61]]]]}},{"type":"Feature","properties":{"idu":"49353000AY0098","section":"AY","numero":"0098","libelle":"AY 0098","code_insee":"49353","commune":"Trélazé","contenance":6774},"geometry":{"type":"MultiPolygon","coordinates":[[[[438080.97,6710551.59],[438074.64,6710570.73],[438073.93,6710572.89],[438071.54,6710580.06],[438066.09,6710596.41],[438071.48,6710598.19],[438081.67,6710601.61],[438091.79,6710604.91],[438104.77,6710609.23],[438115.34,6710612.76],[438125.93,6710616.28],[438135.64,6710619.5],[438135.88,6710618.63],[438136.66,6710615.78],[438138.82,6710610.15],[438142.12,6710600.01],[438145.6,6710589.59],[438148.79,6710590.72],[438153.61,6710576.09],[438160.54,6710554.89],[438165.89,6710538.24],[438167.05,6710534.84],[438143.63,6710527.22],[438121.29,6710519.95],[438094.43,6710511.07],[438089.25,6710526.74],[438084.95,6710539.53],[438080.97,6710551.59]]]]}},{"type":"Feature","properties":{"idu":"49353000AY0136","section":"AY","numero":"0136","libelle":"AY 0136","code_insee":"49353","commune":"Trélazé","contenance":1345},"geometry":{"type":"MultiPolygon","coordinates":[[[[438239.09,6710473.04],[438239.87,6710473.64],[438240.82,6710474.23],[438243.52,6710468.18],[438244.17,6710466.74],[438242.28,6710464.03],[438239.29,6710459.57],[438236.12,6710454.91],[438232.68,6710449.77],[438229.65,6710445.31],[438226.45,6710440.73],[438224.56,6710437.89],[438221.97,6710434.06],[438218.29,6710428.57],[438214.13,6710422.48],[438210.56,6710417.19],[438206.7,6710411.57],[438202.78,6710405.85],[438198.97,6710400.22],[438195.65,6710395.34],[438192.09,6710390.1],[438188.43,6710384.73],[438184.47,6710378.79],[438182.12,6710375.29],[438178.36,6710369.75],[438173.52,6710362.76],[438168.94,6710356.21],[438166.18,6710352.32],[438161.05,6710344.92],[438156.66,6710338.6],[438153.62,6710334.23],[438152.17,6710332.18],[438151.42,6710331.23],[438150.54,6710330.22],[438149.64,6710329.26],[438148.92,6710328.55],[438148.42,6710328.1],[438147.87,6710327.6],[438148.63,6710347.22],[438152.02,6710349.16],[438179.24,6710383.98],[438239.09,6710473.04]]]]}},{"type":"Feature","properties":{"idu":"49353000AY0139","section":"AY","numero":"0139","libelle":"AY 0139","code_insee":"49353","commune":"Trélazé","contenance":374},"geometry":{"type":"MultiPolygon","coordinates":[[[[438147.87,6710327.6],[438148.42,6710328.1],[438148.92,6710328.55],[438149.64,6710329.26],[438150.54,6710330.22],[438151.42,6710331.23],[438152.17,6710332.18],[438153.62,6710334.23],[438156.66,6710338.6],[438161.05,6710344.92],[438166.18,6710352.32],[438168.94,6710356.21],[438173.52,6710362.76],[438178.36,6710369.75],[438182.12,6710375.29],[438184.47,6710378.79],[438188.43,6710384.73],[438192.09,6710390.1],[438195.65,6710395.34],[438198.97,6710400.22],[438202.78,6710405.85],[438206.7,6710411.57],[438210.56,6710417.19],[438214.13,6710422.48],[438218.29,6710428.57],[438221.97,6710434.06],[438224.56,6710437.89],[438226.45,6710440.73],[438229.65,6710445.31],[438232.68,6710449.77],[438236.12,6710454.91],[438239.29,6710459.57],[438242.28,6710464.03],[438244.17,6710466.74],[438244.61,6710465.68],[438244.97,6710464.84],[438239.65,6710457.0],[438235.7,6710451.08],[438231.7,6710445.08],[438227.11,6710438.45],[438226.92,6710437.35],[438226.71,6710436.05],[438226.5,6710434.75],[438226.19,6710433.88],[438225.91,6710433.21],[438224.37,6710430.96],[438222.38,6710428.04],[438219.29,6710423.5],[438216.01,6710418.68],[438211.78,6710412.36],[438205.8,6710403.32],[438201.5,6710396.89],[438197.42,6710390.74],[438196.4,6710389.42],[438195.84,6710388.82],[438195.48,6710388.5],[438194.87,6710388.0],[438194.24,6710387.58],[438193.35,6710386.96],[438191.97,6710386.05],[438191.12,6710385.48],[438190.87,6710385.28],[438190.13,6710384.39],[438189.48,6710383.64],[438187.57,6710380.85],[438183.49,6710374.87],[438177.71,6710366.33],[438169.1,6710353.78],[438163.99,6710346.41],[438159.46,6710339.83],[438156.4,6710335.54],[438154.32,6710332.55],[438152.75,6710330.56],[438152.08,6710329.83],[438151.0,6710328.7],[438149.42,6710327.16],[438148.78,6710326.63],[438147.93,6710325.96],[438147.8,6710325.85],[438147.87,6710327.6]]]]}},{"type":"Feature","properties":{"idu":"49353000AY0146","section":"AY","numero":"0146","libelle":"AY 0146","code_insee":"49353","commune":"Trélazé","contenance":67778},"geometry":{"type":"MultiPolygon","coordinates":[[[[438115.77,6710063.19],[438111.65,6710066.7],[438105.51,6710072.75],[438096.51,6710081.3],[438083.29,6710077.13],[438075.84,6710074.8],[438064.46,6710071.22],[438057.47,6710069.03],[438043.15,6710081.29],[438036.15,6710073.39],[438028.51,6710079.75],[438022.9,6710084.48],[438015.92,6710090.42],[438009.59,6710095.86],[438004.08,6710100.58],[437997.99,6710105.72],[437990.58,6710112.03],[437985.11,6710116.65],[437980.61,6710120.46],[437976.89,6710123.58],[437973.22,6710126.69],[437971.43,6710128.25],[437970.09,6710129.49],[437966.44,6710132.49],[437958.93,6710138.67],[437951.97,6710144.49],[437949.58,6710146.44],[437945.32,6710150.34],[437940.98,6710154.45],[437937.8,6710157.25],[437928.25,6710159.8],[437918.75,6710162.31],[437908.23,6710165.08],[437898.36,6710167.71],[437893.27,6710169.02],[437895.82,6710180.14],[437910.22,6710186.8],[437969.96,6710250.43],[437970.79,6710250.75],[437972.62,6710249.43],[437974.77,6710247.96],[437978.55,6710245.34],[437981.8,6710243.08],[437983.83,6710241.68],[437987.15,6710248.55],[437983.07,6710250.71],[437984.49,6710253.58],[437984.88,6710254.24],[437985.91,6710256.02],[437986.86,6710257.68],[437988.53,6710260.59],[437990.56,6710264.25],[437992.07,6710266.94],[437994.93,6710272.02],[437997.38,6710276.33],[437999.44,6710280.05],[438001.01,6710282.82],[438002.48,6710285.71],[438003.62,6710288.24],[438002.05,6710289.01],[438000.84,6710289.6],[438000.15,6710289.94],[437999.4,6710290.18],[437998.4,6710290.39],[437997.41,6710290.56],[437996.29,6710290.59],[437995.01,6710290.73],[437993.63,6710290.78],[437992.31,6710290.71],[437990.63,6710290.71],[437990.22,6710290.91],[437991.02,6710306.32],[438007.8,6710307.61],[438018.96,6710308.47],[438060.23,6710311.17],[438101.43,6710313.94],[438135.71,6710316.01],[438147.71,6710323.34],[438147.8,6710325.85],[438147.93,6710325.96],[438148.78,6710326.63],[438149.42,6710327.16],[438151.0,6710328.7],[438152.08,6710329.83],[438152.75,6710330.56],[438154.32,6710332.55],[438156.4,6710335.54],[438159.46,6710339.83],[438163.99,6710346.41],[438169.1,6710353.78],[438177.71,6710366.33],[438183.49,6710374.87],[438187.57,6710380.85],[438189.48,6710383.64],[438190.13,6710384.39],[438190.87,6710385.28],[438191.12,6710385.48],[438191.97,6710386.05],[438193.35,6710386.96],[438194.24,6710387.58],[438194.87,6710388.0],[438195.48,6710388.5],[438195.84,6710388.82],[438196.4,6710389.42],[438197.42,6710390.74],[438201.5,6710396.89],[438205.8,6710403.32],[438211.78,6710412.36],[438216.01,6710418.68],[438219.29,6710423.5],[438222.38,6710428.04],[438224.37,6710430.96],[438225.91,6710433.21],[438226.19,6710433.88],[438226.5,6710434.75],[438226.71,6710436.05],[438226.92,6710437.35],[438227.11,6710438.45],[438231.7,6710445.08],[438235.7,6710451.08],[438239.65,6710457.0],[438244.97,6710464.84],[438246.86,6710460.33],[438246.17,6710459.67],[438245.43,6710458.92],[438246.55,6710456.27],[438247.49,6710454.06],[438248.36,6710452.02],[438248.93,6710450.71],[438249.45,6710449.46],[438250.01,6710448.27],[438250.74,6710446.71],[438251.36,6710445.39],[438252.03,6710444.09],[438253.09,6710441.99],[438254.44,6710439.43],[438255.67,6710436.88],[438256.35,6710435.69],[438257.16,6710434.36],[438257.96,6710433.06],[438259.03,6710431.38],[438260.03,6710429.89],[438260.93,6710428.55],[438261.52,6710427.67],[438262.51,6710426.18],[438263.33,6710425.11],[438264.11,6710424.06],[438264.84,6710423.19],[438265.82,6710422.1],[438266.96,6710420.8],[438268.32,6710419.21],[438269.99,6710417.35],[438272.07,6710414.96],[438274.85,6710411.7],[438278.09,6710407.93],[438281.27,6710404.19],[438283.03,6710402.09],[438284.47,6710400.47],[438285.21,6710399.57],[438285.65,6710398.97],[438285.94,6710398.44],[438286.15,6710398.05],[438286.29,6710397.56],[438286.41,6710397.06],[438286.51,6710396.43],[438286.55,6710395.81],[438286.49,6710395.21],[438286.47,6710394.59],[438287.12,6710394.43],[438287.49,6710394.4],[438288.33,6710389.43],[438288.72,6710387.32],[438289.56,6710385.97],[438289.46,6710385.79],[438287.09,6710378.66],[438285.48,6710373.73],[438282.95,6710366.02],[438280.78,6710359.49],[438277.25,6710348.8],[438274.12,6710339.37],[438272.55,6710334.68],[438273.25,6710332.76],[438272.87,6710332.34],[438268.76,6710324.23],[438267.78,6710324.32],[438264.43,6710318.36],[438261.66,6710313.34],[438257.93,6710306.71],[438253.7,6710299.11],[438249.98,6710292.6],[438245.62,6710284.94],[438241.59,6710277.69],[438238.83,6710272.8],[438236.84,6710269.25],[438235.67,6710267.18],[438235.26,6710266.35],[438234.87,6710265.52],[438234.58,6710264.92],[438234.35,6710264.36],[438234.22,6710263.88],[438234.17,6710263.56],[438234.26,6710263.2],[438234.29,6710262.92],[438234.5,6710262.54],[438234.76,6710262.17],[438235.13,6710261.83],[438235.88,6710261.32],[438236.69,6710260.73],[438238.0,6710259.91],[438239.77,6710258.84],[438240.29,6710258.45],[438236.8,6710251.87],[438233.39,6710245.37],[438229.64,6710238.26],[438225.47,6710230.29],[438226.18,6710229.75],[438226.84,6710229.29],[438225.08,6710226.03],[438224.34,6710226.41],[438223.55,6710226.83],[438218.56,6710217.68],[438214.51,6710210.05],[438211.59,6710204.55],[438207.86,6710197.39],[438206.48,6710194.71],[438205.99,6710193.75],[438205.74,6710193.17],[438205.67,6710192.83],[438205.61,6710192.49],[438205.54,6710192.11],[438205.52,6710191.72],[438205.59,6710191.45],[438205.7,6710191.09],[438205.91,6710190.73],[438206.13,6710190.52],[438205.68,6710189.3],[438204.64,6710186.24],[438203.81,6710183.66],[438203.35,6710182.3],[438202.74,6710180.65],[438202.33,6710179.45],[438201.84,6710178.09],[438201.36,6710176.92],[438200.89,6710175.84],[438199.55,6710172.69],[438199.23,6710172.73],[438198.36,6710172.71],[438197.58,6710172.55],[438196.99,6710172.45],[438196.54,6710172.25],[438196.2,6710172.04],[438195.97,6710171.83],[438195.79,6710171.58],[438195.69,6710171.31],[438195.56,6710170.97],[438195.44,6710170.54],[438195.4,6710170.05],[438195.43,6710169.39],[438195.5,6710168.82],[438195.61,6710168.27],[438195.83,6710167.64],[438196.07,6710167.21],[438196.3,6710166.79],[438196.72,6710166.2],[438197.2,6710165.51],[438197.9,6710164.72],[438198.52,6710164.04],[438199.16,6710163.48],[438199.8,6710162.87],[438200.2,6710162.5],[438200.58,6710162.18],[438200.81,6710161.91],[438201.12,6710161.5],[438201.48,6710160.96],[438201.78,6710160.44],[438202.09,6710159.96],[438202.39,6710159.41],[438202.7,6710158.79],[438203.18,6710157.67],[438203.83,6710156.25],[438204.4,6710154.9],[438204.83,6710154.02],[438205.04,6710153.55],[438205.25,6710153.23],[438205.51,6710152.84],[438205.92,6710152.28],[438206.29,6710151.81],[438206.55,6710151.49],[438206.94,6710151.13],[438207.34,6710150.75],[438207.96,6710150.2],[438209.05,6710149.23],[438210.21,6710148.33],[438211.65,6710147.3],[438214.25,6710145.66],[438212.4,6710143.85],[438210.79,6710142.22],[438208.23,6710139.6],[438204.53,6710135.96],[438201.31,6710132.89],[438197.86,6710129.64],[438194.51,6710126.45],[438190.9,6710122.99],[438187.39,6710119.66],[438185.5,6710117.91],[438184.02,6710116.64],[438181.88,6710114.66],[438181.35,6710113.98],[438180.71,6710113.19],[438180.06,6710112.27],[438179.51,6710111.44],[438178.84,6710110.39],[438178.08,6710109.21],[438177.35,6710108.17],[438176.72,6710107.41],[438176.23,6710106.92],[438175.68,6710106.47],[438174.84,6710105.77],[438174.28,6710105.43],[438172.99,6710104.62],[438171.6,6710103.85],[438170.09,6710102.96],[438168.74,6710102.24],[438167.62,6710101.56],[438166.43,6710100.9],[438165.57,6710100.4],[438164.76,6710099.8],[438163.55,6710098.93],[438162.35,6710097.97],[438161.02,6710096.87],[438158.88,6710094.9],[438156.22,6710092.55],[438153.86,6710090.36],[438151.43,6710088.11],[438149.81,6710086.67],[438145.82,6710082.92],[438142.35,6710079.74],[438138.63,6710076.23],[438133.38,6710071.44],[438129.51,6710067.97],[438123.81,6710062.62],[438122.29,6710061.4],[438120.02,6710059.44],[438115.77,6710063.19]],[[438152.39,6710188.52],[438152.81,6710187.14],[438151.65,6710183.75],[438149.82,6710178.51],[438149.62,6710177.97],[438148.49,6710178.55],[438144.78,6710172.64],[438144.64,6710172.46],[438141.4,6710172.22],[438137.94,6710171.97],[438135.87,6710171.78],[438132.9,6710171.73],[438132.51,6710170.05],[438132.21,6710168.79],[438131.86,6710167.24],[438131.76,6710166.6],[438131.6,6710166.02],[438131.39,6710165.49],[438131.11,6710164.86],[438130.77,6710164.14],[438130.03,6710162.68],[438129.14,6710161.09],[438128.43,6710159.82],[438127.93,6710158.91],[438126.49,6710156.04],[438125.4,6710153.94],[438124.79,6710152.73],[438123.18,6710149.77],[438121.09,6710145.86],[438126.13,6710143.11],[438128.01,6710146.82],[438129.02,6710148.76],[438129.74,6710150.08],[438130.51,6710151.52],[438131.38,6710153.05],[438132.45,6710155.02],[438133.82,6710157.55],[438135.23,6710160.16],[438135.21,6710161.02],[438135.3,6710161.72],[438135.45,6710162.56],[438135.6,6710163.17],[438135.8,6710163.76],[438136.05,6710164.41],[438136.27,6710165.11],[438136.57,6710165.85],[438136.82,6710166.46],[438137.13,6710167.02],[438137.35,6710167.39],[438141.69,6710164.86],[438138.42,6710159.18],[438144.99,6710155.62],[438145.68,6710155.28],[438146.7,6710154.85],[438148.63,6710154.08],[438149.86,6710153.59],[438151.35,6710153.29],[438152.32,6710153.11],[438153.35,6710152.88],[438154.25,6710152.7],[438155.29,6710152.54],[438156.3,6710152.47],[438157.13,6710152.41],[438157.96,6710152.46],[438158.37,6710152.61],[438158.83,6710152.77],[438159.23,6710152.96],[438159.57,6710153.2],[438160.2,6710153.55],[438160.87,6710153.96],[438161.55,6710154.51],[438162.29,6710155.17],[438163.0,6710155.81],[438163.95,6710156.69],[438165.12,6710157.81],[438166.42,6710159.06],[438167.76,6710160.38],[438168.96,6710161.48],[438171.13,6710163.54],[438171.94,6710164.36],[438173.54,6710166.11],[438175.41,6710168.21],[438177.04,6710170.12],[438178.12,6710171.36],[438178.82,6710172.28],[438179.63,6710173.3],[438180.59,6710174.58],[438181.62,6710175.96],[438182.54,6710177.32],[438183.04,6710177.93],[438183.3,6710178.35],[438183.62,6710178.86],[438184.02,6710179.55],[438184.59,6710180.69],[438185.12,6710181.89],[438185.42,6710182.48],[438185.67,6710183.0],[438185.71,6710183.26],[438185.66,6710183.42],[438185.55,6710183.66],[438185.33,6710183.84],[438184.93,6710184.1],[438184.46,6710184.38],[438178.99,6710186.23],[438174.3,6710187.84],[438177.34,6710195.38],[438179.33,6710200.33],[438181.43,6710205.44],[438180.29,6710206.58],[438179.22,6710207.57],[438173.31,6710212.93],[438172.13,6710211.77],[438169.59,6710209.38],[438166.63,6710206.46],[438165.18,6710204.93],[438164.17,6710203.87],[438163.47,6710203.11],[438162.63,6710202.18],[438161.76,6710201.18],[438160.78,6710199.98],[438159.91,6710198.93],[438159.43,6710198.28],[438158.88,6710197.58],[438157.83,6710196.23],[438156.47,6710194.32],[438155.07,6710192.35],[438152.39,6710188.52]],[[438154.98,6710147.07],[438151.31,6710149.24],[438149.46,6710150.32],[438148.23,6710151.01],[438147.27,6710151.55],[438146.17,6710152.01],[438145.44,6710152.28],[438144.94,6710152.3],[438144.54,6710152.34],[438144.11,6710152.27],[438143.61,6710152.18],[438143.06,6710152.03],[438142.31,6710151.79],[438141.68,6710151.49],[438141.28,6710151.27],[438140.76,6710150.92],[438140.19,6710150.55],[438139.7,6710150.2],[438139.22,6710149.73],[438138.76,6710149.22],[438138.11,6710148.37],[438137.39,6710147.41],[438136.57,6710146.4],[438135.53,6710145.4],[438133.84,6710143.67],[438131.83,6710141.71],[438129.73,6710139.75],[438128.53,6710138.64],[438127.83,6710137.97],[438127.54,6710138.25],[438122.39,6710134.01],[438124.11,6710130.57],[438125.21,6710129.11],[438125.78,6710128.33],[438126.28,6710127.43],[438126.83,6710126.26],[438128.02,6710124.88],[438128.48,6710123.12],[438129.28,6710122.08],[438129.83,6710121.47],[438130.13,6710121.22],[438130.49,6710120.94],[438130.95,6710120.64],[438131.51,6710120.27],[438132.13,6710119.9],[438132.86,6710119.63],[438133.81,6710119.25],[438134.74,6710118.88],[438135.2,6710118.8],[438135.59,6710119.11],[438136.55,6710118.47],[438137.01,6710118.08],[438137.52,6710118.01],[438140.97,6710117.96],[438146.51,6710118.03],[438149.77,6710118.1],[438152.45,6710122.91],[438153.71,6710125.32],[438154.59,6710126.93],[438154.61,6710127.25],[438154.63,6710127.51],[438154.54,6710127.86],[438154.26,6710128.27],[438153.92,6710128.64],[438153.38,6710129.06],[438152.51,6710129.55],[438151.97,6710129.92],[438153.21,6710133.92],[438153.97,6710136.28],[438154.74,6710137.2],[438153.47,6710137.93],[438155.22,6710141.13],[438152.54,6710142.68],[438154.98,6710147.07]]]]}},{"type":"Feature","properties":{"idu":"49353000AY0150","section":"AY","numero":"0150","libelle":"AY 0150","code_insee":"49353","commune":"Trélazé","contenance":427},"geometry":{"type":"MultiPolygon","coordinates":[[[[438181.15,6710612.2],[438174.43,6710632.21],[438186.72,6710636.28],[438193.77,6710638.62],[438198.93,6710621.08],[438197.11,6710616.37],[438181.15,6710612.2]]]]}},{"type":"Feature","properties":{"idu":"49353000AY0151","section":"AY","numero":"0151","libelle":"AY 0151","code_insee":"49353","commune":"Trélazé","contenance":512},"geometry":{"type":"MultiPolygon","coordinates":[[[[438193.77,6710638.62],[438197.57,6710639.88],[438202.29,6710623.85],[438204.45,6710616.52],[438209.12,6710600.73],[438189.34,6710598.23],[438186.0,6710597.8],[438181.15,6710612.2],[438197.11,6710616.37],[438198.93,6710621.08],[438193.77,6710638.62]]]]}},{"type":"Feature","properties":{"idu":"49353000AY0152","section":"AY","numero":"0152","libelle":"AY 0152","code_insee":"49353","commune":"Trélazé","contenance":1146},"geometry":{"type":"MultiPolygon","coordinates":[[[[438189.34,6710598.23],[438209.12,6710600.73],[438226.06,6710543.67],[438205.7,6710541.79],[438189.34,6710598.23]]]]}},{"type":"Feature","properties":{"idu":"49353000AY0153","section":"AY","numero":"0153","libelle":"AY 0153","code_insee":"49353","commune":"Trélazé","contenance":2338},"geometry":{"type":"MultiPolygon","coordinates":[[[[438160.54,6710554.89],[438153.61,6710576.09],[438148.79,6710590.72],[438148.36,6710591.99],[438153.44,6710593.7],[438159.25,6710594.39],[438170.45,6710595.83],[438186.0,6710597.8],[438189.34,6710598.23],[438205.7,6710541.79],[438204.29,6710541.65],[438188.12,6710540.18],[438165.89,6710538.24],[438160.54,6710554.89]]]]}},{"type":"Feature","properties":{"idu":"49353000AY0154","section":"AY","numero":"0154","libelle":"AY 0154","code_insee":"49353","commune":"Trélazé","contenance":494},"geometry":{"type":"MultiPolygon","coordinates":[[[[438226.06,6710543.67],[438209.12,6710600.73],[438225.35,6710602.8],[438226.06,6710543.67]]]]}},{"type":"Feature","properties":{"idu":"49353000AY0155","section":"AY","numero":"0155","libelle":"AY 0155","code_insee":"49353","commune":"Trélazé","contenance":395},"geometry":{"type":"MultiPolygon","coordinates":[[[[438225.35,6710602.8],[438227.18,6710603.04],[438227.67,6710593.45],[438231.8,6710593.68],[438231.95,6710591.07],[438232.19,6710586.62],[438232.49,6710580.95],[438232.73,6710576.04],[438232.88,6710573.2],[438233.05,6710570.55],[438233.17,6710567.62],[438233.29,6710565.25],[438233.55,6710561.37],[438233.77,6710556.99],[438233.96,6710553.52],[438234.12,6710550.82],[438234.14,6710549.24],[438234.12,6710547.13],[438234.08,6710544.41],[438226.06,6710543.67],[438225.35,6710602.8]]]]}},{"type":"Feature","properties":{"idu":"49353000AY0172","section":"AY","numero":"0172","libelle":"AY 0172","code_insee":"49353","commune":"Trélazé","contenance":17904},"geometry":{"type":"MultiPolygon","coordinates":[[[[437888.23,6710303.03],[437886.92,6710303.03],[437885.79,6710303.15],[437884.16,6710303.3],[437882.82,6710303.41],[437881.85,6710303.54],[437880.91,6710303.67],[437880.03,6710303.83],[437879.04,6710304.01],[437878.0,6710304.23],[437877.04,6710304.43],[437875.95,6710304.72],[437874.95,6710305.02],[437873.73,6710305.4],[437872.38,6710305.83],[437870.9,6710306.3],[437869.6,6710306.76],[437867.86,6710307.37],[437866.09,6710308.02],[437864.56,6710308.56],[437863.33,6710309.02],[437862.25,6710309.43],[437861.34,6710309.86],[437860.08,6710310.43],[437858.71,6710311.15],[437856.88,6710312.04],[437855.2,6710312.88],[437853.58,6710313.69],[437851.96,6710314.51],[437850.67,6710315.18],[437849.69,6710315.77],[437848.7,6710316.41],[437847.36,6710317.35],[437845.84,6710318.47],[437844.77,6710319.4],[437843.48,6710320.52],[437842.36,6710321.49],[437841.34,6710322.4],[437840.29,6710323.24],[437839.08,6710324.39],[437838.33,6710325.25],[437837.28,6710326.46],[437836.33,6710327.51],[437835.03,6710328.98],[437833.92,6710330.24],[437833.28,6710331.03],[437832.6,6710331.98],[437831.9,6710332.91],[437831.0,6710334.18],[437829.85,6710335.78],[437828.86,6710337.09],[437827.88,6710338.39],[437826.87,6710339.78],[437826.03,6710341.01],[437825.27,6710342.01],[437824.66,6710343.09],[437823.82,6710344.58],[437822.89,6710346.09],[437822.01,6710347.6],[437821.06,6710349.26],[437820.01,6710351.26],[437819.38,6710352.46],[437818.91,6710353.47],[437818.36,6710354.69],[437817.88,6710355.89],[437817.22,6710357.42],[437816.67,6710358.85],[437816.19,6710360.06],[437815.69,6710361.18],[437815.29,6710362.38],[437814.85,6710363.62],[437814.5,6710365.02],[437814.11,6710366.51],[437813.72,6710367.99],[437813.46,6710369.26],[437813.15,6710370.74],[437812.94,6710372.19],[437812.67,6710373.62],[437812.53,6710374.93],[437812.42,6710376.23],[437812.31,6710377.62],[437812.25,6710379.02],[437812.28,6710380.14],[437812.33,6710381.56],[437812.42,6710383.6],[437812.46,6710384.52],[437812.57,6710385.62],[437812.73,6710386.89],[437812.94,6710388.26],[437813.11,6710389.77],[437813.33,6710391.31],[437813.52,6710392.21],[437813.77,6710393.59],[437814.02,6710394.72],[437814.32,6710396.1],[437814.74,6710397.68],[437814.89,6710398.41],[437821.21,6710410.29],[437844.34,6710452.63],[437844.47,6710455.2],[437844.89,6710455.86],[437845.43,6710456.86],[437845.95,6710457.87],[437846.5,6710459.05],[437846.96,6710460.07],[437847.49,6710461.35],[437847.97,6710462.6],[437848.44,6710463.96],[437848.95,6710465.49],[437849.26,6710466.51],[437849.49,6710467.63],[437849.85,6710469.49],[437850.06,6710471.1],[437850.25,6710472.29],[437850.39,6710473.2],[437850.52,6710474.17],[437850.52,6710475.05],[437850.52,6710476.32],[437850.48,6710477.57],[437850.45,6710479.3],[437850.32,6710481.3],[437850.1,6710482.86],[437849.86,6710484.1],[437849.58,6710485.49],[437849.22,6710486.83],[437848.83,6710488.52],[437848.36,6710490.33],[437847.78,6710492.52],[437847.32,6710494.39],[437845.9,6710499.02],[437844.6,6710503.03],[437842.53,6710509.47],[437840.85,6710514.75],[437839.21,6710519.98],[437838.57,6710521.63],[437839.59,6710521.97],[437848.11,6710524.76],[437848.16,6710524.67],[437854.77,6710512.61],[437861.41,6710500.59],[437868.07,6710488.57],[437874.76,6710476.56],[437881.49,6710464.57],[437910.78,6710401.72],[437911.97,6710399.65],[437913.2,6710397.6],[437914.46,6710395.57],[437915.76,6710393.57],[437917.08,6710391.58],[437918.44,6710389.62],[437919.83,6710387.67],[437921.25,6710385.75],[437922.69,6710383.86],[437924.18,6710381.99],[437925.69,6710380.14],[437927.23,6710378.31],[437928.81,6710376.51],[437930.41,6710374.75],[437932.04,6710373.0],[437933.7,6710371.28],[437935.38,6710369.59],[437937.1,6710367.92],[437938.84,6710366.29],[437940.61,6710364.68],[437944.22,6710361.55],[437946.06,6710360.03],[437949.81,6710357.09],[437951.72,6710355.66],[437953.66,6710354.26],[437955.62,6710352.89],[437960.54,6710349.55],[437963.49,6710347.57],[437966.46,6710345.63],[437969.45,6710343.71],[437972.47,6710341.84],[437975.51,6710339.99],[437981.64,6710336.39],[437984.73,6710334.65],[437987.84,6710332.93],[437990.97,6710331.25],[437994.13,6710329.6],[437997.29,6710327.99],[438000.48,6710326.41],[438003.67,6710324.87],[438006.89,6710323.36],[438007.66,6710310.09],[438004.26,6710309.89],[437997.5,6710309.43],[437991.95,6710309.11],[437985.94,6710308.78],[437983.76,6710308.67],[437978.06,6710308.24],[437972.16,6710307.87],[437966.33,6710307.55],[437959.88,6710307.11],[437952.18,6710306.61],[437943.82,6710306.05],[437938.02,6710305.72],[437932.18,6710305.38],[437925.94,6710305.01],[437921.92,6710304.75],[437918.12,6710304.56],[437913.31,6710304.24],[437907.82,6710303.94],[437901.09,6710303.56],[437897.43,6710303.36],[437895.21,6710303.23],[437893.38,6710303.14],[437891.67,6710303.1],[437890.68,6710303.06],[437889.49,6710303.01],[437888.23,6710303.03]]]]}},{"type":"Feature","properties":{"idu":"49353000AY0175","section":"AY","numero":"0175","libelle":"AY 0175","code_insee":"49353","commune":"Trélazé","contenance":401},"geometry":{"type":"MultiPolygon","coordinates":[[[[437887.28,6710301.59],[437885.69,6710301.65],[437884.01,6710301.8],[437882.65,6710301.91],[437881.56,6710302.02],[437878.97,6710302.41],[437877.82,6710302.6],[437876.57,6710302.84],[437875.0,6710303.23],[437873.81,6710303.57],[437872.51,6710303.98],[437870.98,6710304.49],[437869.74,6710304.92],[437868.46,6710305.43],[437866.83,6710306.02],[437865.06,6710306.72],[437862.86,6710307.62],[437860.95,6710308.32],[437859.03,6710309.1],[437857.32,6710309.88],[437855.96,6710310.53],[437854.46,6710311.29],[437853.11,6710312.06],[437851.59,6710312.91],[437850.21,6710313.67],[437849.05,6710314.34],[437847.82,6710315.11],[437846.74,6710315.78],[437845.81,6710316.47],[437844.97,6710317.03],[437844.1,6710317.75],[437843.06,6710318.66],[437842.08,6710319.53],[437840.98,6710320.48],[437839.84,6710321.52],[437838.57,6710322.75],[437837.57,6710323.83],[437836.48,6710325.0],[437835.61,6710325.98],[437834.74,6710326.9],[437833.94,6710327.84],[437832.91,6710329.1],[437831.8,6710330.57],[437830.59,6710332.06],[437829.65,6710333.35],[437828.38,6710335.03],[437826.98,6710336.86],[437825.77,6710338.69],[437824.79,6710340.1],[437823.62,6710341.78],[437822.68,6710343.23],[437821.73,6710344.96],[437820.72,6710346.56],[437819.45,6710348.77],[437818.52,6710350.71],[437817.8,6710352.14],[437816.75,6710354.29],[437816.04,6710355.94],[437815.23,6710357.75],[437814.58,6710359.47],[437813.96,6710361.13],[437813.47,6710362.59],[437813.03,6710363.68],[437812.67,6710365.03],[437812.3,6710366.65],[437811.89,6710368.23],[437811.53,6710369.91],[437811.21,6710371.5],[437810.98,6710373.09],[437810.87,6710374.1],[437810.82,6710375.51],[437810.74,6710377.33],[437810.7,6710378.87],[437810.7,6710380.32],[437810.71,6710382.07],[437810.74,6710383.51],[437810.86,6710384.28],[437810.95,6710385.32],[437811.2,6710386.99],[437811.49,6710388.83],[437811.77,6710390.84],[437812.12,6710393.17],[437812.16,6710393.43],[437814.89,6710398.41],[437814.74,6710397.68],[437814.32,6710396.1],[437814.02,6710394.72],[437813.77,6710393.59],[437813.52,6710392.21],[437813.33,6710391.31],[437813.11,6710389.77],[437812.94,6710388.26],[437812.73,6710386.89],[437812.57,6710385.62],[437812.46,6710384.52],[437812.42,6710383.6],[437812.33,6710381.56],[437812.28,6710380.14],[437812.25,6710379.02],[437812.31,6710377.62],[437812.42,6710376.23],[437812.53,6710374.93],[437812.67,6710373.62],[437812.94,6710372.19],[437813.15,6710370.74],[437813.46,6710369.26],[437813.72,6710367.99],[437814.11,6710366.51],[437814.5,6710365.02],[437814.85,6710363.62],[437815.29,6710362.38],[437815.69,6710361.18],[437816.19,6710360.06],[437816.67,6710358.85],[437817.22,6710357.42],[437817.88,6710355.89],[437818.36,6710354.69],[437818.91,6710353.47],[437819.38,6710352.46],[437820.01,6710351.26],[437821.06,6710349.26],[437822.01,6710347.6],[437822.89,6710346.09],[437823.82,6710344.58],[437824.66,6710343.09],[437825.27,6710342.01],[437826.03,6710341.01],[437826.87,6710339.78],[437827.88,6710338.39],[437828.86,6710337.09],[437829.85,6710335.78],[437831.0,6710334.18],[437831.9,6710332.91],[437832.6,6710331.98],[437833.28,6710331.03],[437833.92,6710330.24],[437835.03,6710328.98],[437836.33,6710327.51],[437837.28,6710326.46],[437838.33,6710325.25],[437839.08,6710324.39],[437840.29,6710323.24],[437841.34,6710322.4],[437842.36,6710321.49],[437843.48,6710320.52],[437844.77,6710319.4],[437845.84,6710318.47],[437847.36,6710317.35],[437848.7,6710316.41],[437849.69,6710315.77],[437850.67,6710315.18],[437851.96,6710314.51],[437853.58,6710313.69],[437855.2,6710312.88],[437856.88,6710312.04],[437858.71,6710311.15],[437860.08,6710310.43],[437861.34,6710309.86],[437862.25,6710309.43],[437863.33,6710309.02],[437864.56,6710308.56],[437866.09,6710308.02],[437867.86,6710307.37],[437869.6,6710306.76],[437870.9,6710306.3],[437872.38,6710305.83],[437873.73,6710305.4],[437874.95,6710305.02],[437875.95,6710304.72],[437877.04,6710304.43],[437878.0,6710304.23],[437879.04,6710304.01],[437880.03,6710303.83],[437880.91,6710303.67],[437881.85,6710303.54],[437882.82,6710303.41],[437884.16,6710303.3],[437885.79,6710303.15],[437886.92,6710303.03],[437888.23,6710303.03],[437889.49,6710303.01],[437890.68,6710303.06],[437891.67,6710303.1],[437893.38,6710303.14],[437895.21,6710303.23],[437897.43,6710303.36],[437901.09,6710303.56],[437907.82,6710303.94],[437913.31,6710304.24],[437918.12,6710304.56],[437921.92,6710304.75],[437925.94,6710305.01],[437932.18,6710305.38],[437938.02,6710305.72],[437943.82,6710306.05],[437952.18,6710306.61],[437959.88,6710307.11],[437966.33,6710307.55],[437972.16,6710307.87],[437978.06,6710308.24],[437983.76,6710308.67],[437985.94,6710308.78],[437991.95,6710309.11],[437997.5,6710309.43],[438004.26,6710309.89],[438007.66,6710310.09],[438007.74,6710308.59],[438005.81,6710308.46],[437997.52,6710307.89],[437990.18,6710307.43],[437980.86,6710306.88],[437975.41,6710306.54],[437969.05,6710306.12],[437961.75,6710305.67],[437954.46,6710305.2],[437946.08,6710304.75],[437937.83,6710304.18],[437932.53,6710303.88],[437927.91,6710303.6],[437922.08,6710303.26],[437913.37,6710302.8],[437904.19,6710302.28],[437897.94,6710301.9],[437893.79,6710301.69],[437890.86,6710301.56],[437889.51,6710301.54],[437888.63,6710301.54],[437887.28,6710301.59]]]]}},{"type":"Feature","properties":{"idu":"49353000AY0176","section":"AY","numero":"0176","libelle":"AY 0176","code_insee":"49353","commune":"Trélazé","contenance":21547},"geometry":{"type":"MultiPolygon","coordinates":[[[[437889.9,6710169.9],[437883.21,6710171.76],[437879.55,6710173.53],[437874.22,6710176.06],[437868.96,6710178.64],[437861.34,6710186.83],[437855.11,6710193.58],[437848.76,6710200.39],[437843.77,6710205.76],[437840.26,6710209.8],[437831.98,6710219.21],[437823.35,6710229.03],[437813.37,6710240.53],[437800.39,6710255.43],[437791.28,6710265.77],[437782.35,6710275.83],[437773.72,6710285.6],[437765.39,6710294.99],[437755.87,6710305.71],[437748.96,6710313.48],[437748.52,6710313.97],[437807.52,6710384.52],[437812.12,6710393.17],[437811.77,6710390.84],[437811.49,6710388.83],[437811.2,6710386.99],[437810.95,6710385.32],[437810.86,6710384.28],[437810.74,6710383.51],[437810.71,6710382.07],[437810.7,6710380.32],[437810.7,6710378.87],[437810.74,6710377.33],[437810.82,6710375.51],[437810.87,6710374.1],[437810.98,6710373.09],[437811.21,6710371.5],[437811.53,6710369.91],[437811.89,6710368.23],[437812.3,6710366.65],[437812.67,6710365.03],[437813.03,6710363.68],[437813.47,6710362.59],[437813.96,6710361.13],[437814.58,6710359.47],[437815.23,6710357.75],[437816.04,6710355.94],[437816.75,6710354.29],[437817.8,6710352.14],[437818.52,6710350.71],[437819.45,6710348.77],[437820.72,6710346.56],[437821.73,6710344.96],[437822.68,6710343.23],[437823.62,6710341.78],[437824.79,6710340.1],[437825.77,6710338.69],[437826.98,6710336.86],[437828.38,6710335.03],[437829.65,6710333.35],[437830.59,6710332.06],[437831.8,6710330.57],[437832.91,6710329.1],[437833.94,6710327.84],[437834.74,6710326.9],[437835.61,6710325.98],[437836.48,6710325.0],[437837.57,6710323.83],[437838.57,6710322.75],[437839.84,6710321.52],[437840.98,6710320.48],[437842.08,6710319.53],[437843.06,6710318.66],[437844.1,6710317.75],[437844.97,6710317.03],[437845.81,6710316.47],[437846.74,6710315.78],[437847.82,6710315.11],[437849.05,6710314.34],[437850.21,6710313.67],[437851.59,6710312.91],[437853.11,6710312.06],[437854.46,6710311.29],[437855.96,6710310.53],[437857.32,6710309.88],[437859.03,6710309.1],[437860.95,6710308.32],[437862.86,6710307.62],[437865.06,6710306.72],[437866.83,6710306.02],[437868.46,6710305.43],[437869.74,6710304.92],[437870.98,6710304.49],[437872.51,6710303.98],[437873.81,6710303.57],[437875.0,6710303.23],[437876.57,6710302.84],[437877.82,6710302.6],[437878.97,6710302.41],[437881.56,6710302.02],[437882.65,6710301.91],[437884.01,6710301.8],[437885.69,6710301.65],[437887.28,6710301.59],[437888.63,6710301.54],[437889.51,6710301.54],[437890.86,6710301.56],[437893.79,6710301.69],[437897.94,6710301.9],[437904.19,6710302.28],[437913.37,6710302.8],[437922.08,6710303.26],[437927.91,6710303.6],[437932.53,6710303.88],[437937.83,6710304.18],[437946.08,6710304.75],[437954.46,6710305.2],[437961.75,6710305.67],[437969.05,6710306.12],[437975.41,6710306.54],[437980.86,6710306.88],[437990.18,6710307.43],[437997.52,6710307.89],[438005.81,6710308.46],[438007.74,6710308.59],[438007.8,6710307.61],[437991.02,6710306.32],[437990.22,6710290.91],[437984.4,6710293.78],[437977.43,6710297.27],[437973.49,6710299.3],[437971.88,6710296.49],[437970.52,6710293.99],[437969.5,6710292.17],[437968.82,6710291.08],[437967.99,6710289.76],[437967.28,6710288.66],[437966.47,6710287.22],[437965.37,6710285.18],[437963.47,6710281.57],[437962.26,6710279.19],[437961.05,6710276.86],[437960.38,6710275.53],[437959.8,6710274.32],[437959.45,6710273.68],[437959.02,6710272.8],[437958.72,6710272.05],[437958.44,6710271.19],[437958.25,6710270.27],[437958.13,6710269.44],[437958.05,6710268.41],[437958.04,6710267.59],[437958.13,6710266.74],[437958.33,6710265.75],[437958.55,6710264.9],[437959.0,6710263.79],[437959.32,6710262.99],[437959.74,6710262.17],[437960.25,6710261.24],[437960.85,6710260.39],[437961.4,6710259.63],[437962.03,6710258.72],[437962.53,6710258.11],[437963.1,6710257.43],[437963.91,6710256.62],[437965.11,6710255.48],[437966.38,6710254.38],[437967.43,6710253.46],[437968.81,6710252.29],[437970.79,6710250.75],[437969.96,6710250.43],[437910.22,6710186.8],[437895.82,6710180.14],[437893.27,6710169.02],[437889.9,6710169.9]]]]}},{"type":"Feature","properties":{"idu":"49353000AY0186","section":"AY","numero":"0186","libelle":"AY 0186","code_insee":"49353","commune":"Trélazé","contenance":63339},"geometry":{"type":"MultiPolygon","coordinates":[[[[438006.89,6710323.36],[438003.67,6710324.87],[438000.48,6710326.41],[437997.29,6710327.99],[437994.13,6710329.6],[437990.97,6710331.25],[437987.84,6710332.93],[437984.73,6710334.65],[437981.64,6710336.39],[437975.51,6710339.99],[437972.47,6710341.84],[437969.45,6710343.71],[437966.46,6710345.63],[437963.49,6710347.57],[437960.54,6710349.55],[437955.62,6710352.89],[437953.66,6710354.26],[437951.72,6710355.66],[437949.81,6710357.09],[437946.06,6710360.03],[437944.22,6710361.55],[437940.61,6710364.68],[437938.84,6710366.29],[437937.1,6710367.92],[437935.38,6710369.59],[437933.7,6710371.28],[437932.04,6710373.0],[437930.41,6710374.75],[437928.81,6710376.51],[437927.23,6710378.31],[437925.69,6710380.14],[437924.18,6710381.99],[437922.69,6710383.86],[437921.25,6710385.75],[437919.83,6710387.67],[437918.44,6710389.62],[437917.08,6710391.58],[437915.76,6710393.57],[437914.46,6710395.57],[437913.2,6710397.6],[437911.97,6710399.65],[437910.78,6710401.72],[437881.49,6710464.57],[437874.76,6710476.56],[437868.07,6710488.57],[437861.41,6710500.59],[437854.77,6710512.61],[437848.16,6710524.67],[437848.11,6710524.76],[437896.49,6710540.62],[437928.78,6710551.13],[437955.93,6710559.93],[437960.69,6710547.52],[437976.8,6710552.65],[437977.53,6710550.61],[437980.76,6710541.63],[437983.9,6710532.83],[437985.85,6710527.38],[437989.49,6710516.35],[437993.21,6710504.88],[437997.35,6710492.56],[438006.55,6710495.51],[438017.14,6710498.97],[438030.76,6710503.38],[438044.02,6710507.7],[438054.83,6710511.25],[438060.42,6710544.75],[438063.29,6710545.7],[438072.78,6710548.85],[438080.97,6710551.59],[438084.95,6710539.53],[438089.25,6710526.74],[438094.43,6710511.07],[438121.29,6710519.95],[438143.63,6710527.22],[438167.05,6710534.84],[438165.89,6710538.24],[438188.12,6710540.18],[438204.29,6710541.65],[438205.7,6710541.79],[438226.06,6710543.67],[438234.08,6710544.41],[438234.12,6710547.13],[438234.14,6710549.24],[438234.12,6710550.82],[438233.96,6710553.52],[438233.77,6710556.99],[438233.55,6710561.37],[438233.29,6710565.25],[438233.17,6710567.62],[438233.05,6710570.55],[438232.88,6710573.2],[438232.73,6710576.04],[438232.49,6710580.95],[438232.19,6710586.62],[438231.95,6710591.07],[438231.8,6710593.68],[438231.3,6710603.38],[438230.98,6710609.75],[438230.65,6710615.35],[438230.51,6710619.03],[438230.38,6710621.48],[438230.27,6710624.8],[438230.14,6710627.67],[438230.07,6710629.49],[438230.07,6710630.77],[438230.05,6710632.1],[438230.11,6710633.82],[438230.15,6710635.32],[438230.19,6710636.28],[438230.25,6710637.07],[438230.38,6710638.16],[438230.55,6710639.52],[438230.78,6710641.25],[438231.17,6710643.59],[438231.82,6710647.4],[438232.48,6710651.31],[438234.29,6710651.88],[438233.42,6710647.33],[438232.82,6710643.85],[438232.34,6710641.17],[438232.13,6710639.9],[438231.97,6710638.4],[438231.85,6710637.16],[438231.77,6710636.48],[438231.71,6710635.42],[438231.65,6710634.04],[438231.65,6710632.26],[438231.6,6710630.89],[438231.59,6710629.61],[438231.64,6710627.75],[438231.77,6710625.18],[438231.87,6710621.86],[438231.93,6710619.4],[438232.07,6710616.74],[438232.23,6710613.65],[438232.46,6710609.12],[438232.63,6710605.76],[438232.81,6710602.54],[438232.94,6710599.46],[438233.13,6710596.19],[438233.28,6710592.96],[438233.57,6710589.19],[438233.87,6710583.85],[438234.23,6710577.38],[438234.75,6710567.72],[438234.99,6710563.39],[438235.28,6710558.63],[438235.62,6710553.3],[438236.01,6710546.78],[438236.3,6710542.32],[438236.56,6710536.03],[438236.94,6710526.76],[438237.29,6710516.72],[438237.44,6710513.78],[438237.51,6710512.17],[438237.82,6710504.55],[438238.02,6710498.66],[438238.29,6710492.97],[438238.56,6710485.15],[438238.83,6710477.51],[438239.09,6710473.04],[438179.24,6710383.98],[438152.02,6710349.16],[438148.63,6710347.22],[438147.87,6710327.6],[438147.62,6710327.38],[438146.8,6710326.66],[438146.02,6710326.07],[438145.06,6710325.33],[438143.76,6710324.48],[438142.88,6710323.95],[438141.73,6710323.23],[438140.88,6710322.71],[438139.5,6710321.94],[438138.29,6710321.35],[438137.09,6710320.73],[438135.79,6710320.25],[438134.89,6710319.95],[438133.56,6710319.61],[438132.08,6710319.24],[438130.84,6710319.04],[438128.29,6710318.61],[438126.46,6710318.28],[438123.68,6710317.95],[438121.0,6710317.65],[438118.0,6710317.28],[438114.5,6710317.02],[438111.72,6710316.86],[438108.49,6710316.68],[438105.03,6710316.42],[438101.45,6710316.2],[438097.22,6710315.87],[438093.75,6710315.69],[438089.56,6710315.39],[438084.57,6710315.08],[438078.62,6710314.68],[438072.88,6710314.23],[438067.84,6710313.9],[438060.68,6710313.47],[438054.36,6710313.02],[438048.15,6710312.63],[438041.49,6710312.2],[438034.59,6710311.76],[438027.16,6710311.34],[438020.47,6710310.95],[438013.15,6710310.42],[438007.66,6710310.09],[438006.89,6710323.36]]]]}},{"type":"Feature","properties":{"idu":"49353000AY0189","section":"AY","numero":"0189","libelle":"AY 0189","code_insee":"49353","commune":"Trélazé","contenance":837},"geometry":{"type":"MultiPolygon","coordinates":[[[[438204.45,6710616.52],[438206.67,6710617.16],[438205.46,6710621.43],[438204.79,6710621.24],[438204.0,6710624.38],[438202.29,6710623.85],[438197.57,6710639.88],[438215.61,6710645.79],[438219.53,6710647.09],[438219.83,6710646.14],[438225.35,6710602.8],[438209.12,6710600.73],[438204.45,6710616.52]]]]}},{"type":"Feature","properties":{"idu":"49353000AY0190","section":"AY","numero":"0190","libelle":"AY 0190","code_insee":"49353","commune":"Trélazé","contenance":384},"geometry":{"type":"MultiPolygon","coordinates":[[[[438219.53,6710647.09],[438226.58,6710649.43],[438232.48,6710651.31],[438231.82,6710647.4],[438231.17,6710643.59],[438230.78,6710641.25],[438230.55,6710639.52],[438230.38,6710638.16],[438230.25,6710637.07],[438230.19,6710636.28],[438230.15,6710635.32],[438230.11,6710633.82],[438230.05,6710632.1],[438230.07,6710630.77],[438230.07,6710629.49],[438230.14,6710627.67],[438230.27,6710624.8],[438230.38,6710621.48],[438230.51,6710619.03],[438230.65,6710615.35],[438230.98,6710609.75],[438231.3,6710603.38],[438227.18,6710603.04],[438225.35,6710602.8],[438219.83,6710646.14],[438219.53,6710647.09]]]]}},{"type":"Feature","properties":{"idu":"49353000AY0191","section":"AY","numero":"0191","libelle":"AY 0191","code_insee":"49353","commune":"Trélazé","contenance":15},"geometry":{"type":"MultiPolygon","coordinates":[[[[438202.29,6710623.85],[438204.0,6710624.38],[438204.79,6710621.24],[438205.46,6710621.43],[438206.67,6710617.16],[438204.45,6710616.52],[438202.29,6710623.85]]]]}},{"type":"Feature","properties":{"idu":"49353000AZ0007","section":"AZ","numero":"0007","libelle":"AZ 0007","code_insee":"49353","commune":"Trélazé","contenance":1667},"geometry":{"type":"MultiPolygon","coordinates":[[[[438262.98,6710718.09],[438269.16,6710699.09],[438275.06,6710680.99],[438274.26,6710678.83],[438269.22,6710677.23],[438267.21,6710676.59],[438263.89,6710675.52],[438263.37,6710675.35],[438260.83,6710674.52],[438259.45,6710674.07],[438254.9,6710672.53],[438249.24,6710670.66],[438246.84,6710669.86],[438243.65,6710668.8],[438238.63,6710667.16],[438237.41,6710666.76],[438236.04,6710666.33],[438232.99,6710665.35],[438232.22,6710672.03],[438232.01,6710673.88],[438231.49,6710678.66],[438230.86,6710683.66],[438230.08,6710691.27],[438229.38,6710698.17],[438228.82,6710703.78],[438228.43,6710707.56],[438246.16,6710712.97],[438256.77,6710716.2],[438262.98,6710718.09]]]]}},{"type":"Feature","properties":{"idu":"49353000AZ0009","section":"AZ","numero":"0009","libelle":"AZ 0009","code_insee":"49353","commune":"Trélazé","contenance":758},"geometry":{"type":"MultiPolygon","coordinates":[[[[438124.86,6710747.49],[438124.9,6710751.97],[438125.01,6710758.18],[438125.06,6710761.04],[438125.46,6710766.95],[438145.74,6710765.55],[438145.67,6710764.71],[438145.58,6710763.35],[438145.5,6710761.95],[438145.49,6710760.9],[438145.48,6710760.07],[438145.55,6710759.03],[438145.63,6710758.09],[438145.72,6710757.1],[438145.8,6710756.43],[438145.92,6710755.61],[438146.11,6710754.81],[438146.34,6710753.92],[438146.6,6710753.02],[438146.89,6710752.22],[438147.16,6710751.48],[438147.5,6710750.88],[438148.01,6710750.04],[438148.47,6710749.31],[438148.88,6710748.85],[438149.55,6710748.22],[438150.85,6710747.04],[438149.39,6710732.61],[438138.32,6710733.3],[438124.72,6710734.1],[438124.86,6710747.49]]]]}},{"type":"Feature","properties":{"idu":"49353000AZ0031","section":"AZ","numero":"0031","libelle":"AZ 0031","code_insee":"49353","commune":"Trélazé","contenance":9},"geometry":{"type":"MultiPolygon","coordinates":[[[[438245.63,6710785.96],[438245.29,6710783.29],[438242.47,6710783.64],[438242.77,6710786.26],[438245.63,6710785.96]]]]}},{"type":"Feature","properties":{"idu":"49353000AZ0064","section":"AZ","numero":"0064","libelle":"AZ 0064","code_insee":"49353","commune":"Trélazé","contenance":617},"geometry":{"type":"MultiPolygon","coordinates":[[[[438145.74,6710765.55],[438125.46,6710766.95],[438125.06,6710761.04],[438125.01,6710758.18],[438122.26,6710758.4],[438122.37,6710760.84],[438121.2,6710763.08],[438121.44,6710768.66],[438116.45,6710774.99],[438115.41,6710775.04],[438115.01,6710779.36],[438113.15,6710779.38],[438117.28,6710784.48],[438148.87,6710782.1],[438148.65,6710778.23],[438150.94,6710778.1],[438153.09,6710772.51],[438152.8,6710765.05],[438149.43,6710765.26],[438145.74,6710765.55]]]]}},{"type":"Feature","properties":{"idu":"49353000AZ0065","section":"AZ","numero":"0065","libelle":"AZ 0065","code_insee":"49353","commune":"Trélazé","contenance":10},"geometry":{"type":"MultiPolygon","coordinates":[[[[438124.9,6710751.97],[438124.86,6710747.49],[438122.54,6710747.53],[438122.6,6710752.07],[438124.9,6710751.97]]]]}},{"type":"Feature","properties":{"idu":"49353000AZ0070","section":"AZ","numero":"0070","libelle":"AZ 0070","code_insee":"49353","commune":"Trélazé","contenance":222},"geometry":{"type":"MultiPolygon","coordinates":[[[[438212.84,6710878.49],[438214.06,6710874.24],[438223.27,6710841.96],[438218.36,6710842.55],[438205.99,6710874.36],[438212.84,6710878.49]]]]}},{"type":"Feature","properties":{"idu":"49353000AZ0071","section":"AZ","numero":"0071","libelle":"AZ 0071","code_insee":"49353","commune":"Trélazé","contenance":104},"geometry":{"type":"MultiPolygon","coordinates":[[[[438218.36,6710842.55],[438223.27,6710841.96],[438236.14,6710796.83],[438218.36,6710842.55]]]]}},{"type":"Feature","properties":{"idu":"49353000AZ0072","section":"AZ","numero":"0072","libelle":"AZ 0072","code_insee":"49353","commune":"Trélazé","contenance":815},"geometry":{"type":"MultiPolygon","coordinates":[[[[438236.14,6710796.83],[438223.27,6710841.96],[438224.82,6710841.78],[438227.08,6710834.98],[438256.44,6710838.08],[438254.24,6710827.81],[438252.36,6710819.65],[438250.21,6710810.1],[438249.09,6710805.44],[438248.66,6710803.46],[438247.41,6710797.81],[438243.11,6710798.11],[438236.14,6710796.83]]]]}},{"type":"Feature","properties":{"idu":"49353000AZ0075","section":"AZ","numero":"0075","libelle":"AZ 0075","code_insee":"49353","commune":"Trélazé","contenance":107},"geometry":{"type":"MultiPolygon","coordinates":[[[[438256.44,6710838.08],[438227.08,6710834.98],[438224.82,6710841.78],[438256.44,6710838.08]]]]}},{"type":"Feature","properties":{"idu":"49353000AZ0076","section":"AZ","numero":"0076","libelle":"AZ 0076","code_insee":"49353","commune":"Trélazé","contenance":313},"geometry":{"type":"MultiPolygon","coordinates":[[[[438244.54,6710775.26],[438246.92,6710768.0],[438248.91,6710761.74],[438251.31,6710754.21],[438250.48,6710753.93],[438237.85,6710749.75],[438233.91,6710749.47],[438233.74,6710752.02],[438234.16,6710756.39],[438234.57,6710760.19],[438234.97,6710764.38],[438235.32,6710768.45],[438235.84,6710773.07],[438237.13,6710772.95],[438237.47,6710775.9],[438244.54,6710775.26]]]]}},{"type":"Feature","properties":{"idu":"49353000AZ0077","section":"AZ","numero":"0077","libelle":"AZ 0077","code_insee":"49353","commune":"Trélazé","contenance":373},"geometry":{"type":"MultiPolygon","coordinates":[[[[438257.03,6710736.5],[438256.89,6710736.46],[438235.46,6710729.39],[438235.16,6710732.98],[438234.86,6710737.44],[438234.48,6710742.65],[438233.92,6710749.34],[438233.91,6710749.47],[438237.85,6710749.75],[438250.48,6710753.93],[438251.31,6710754.21],[438252.17,6710751.48],[438255.05,6710742.64],[438257.03,6710736.5]]]]}},{"type":"Feature","properties":{"idu":"49353000AZ0078","section":"AZ","numero":"0078","libelle":"AZ 0078","code_insee":"49353","commune":"Trélazé","contenance":66},"geometry":{"type":"MultiPolygon","coordinates":[[[[438257.03,6710736.5],[438257.93,6710733.73],[438248.13,6710730.67],[438242.85,6710728.94],[438235.68,6710726.73],[438235.46,6710729.39],[438256.89,6710736.46],[438257.03,6710736.5]]]]}},{"type":"Feature","properties":{"idu":"49353000AZ0079","section":"AZ","numero":"0079","libelle":"AZ 0079","code_insee":"49353","commune":"Trélazé","contenance":158},"geometry":{"type":"MultiPolygon","coordinates":[[[[438226.65,6710748.99],[438230.3,6710749.22],[438233.26,6710749.42],[438233.91,6710749.47],[438233.92,6710749.34],[438234.48,6710742.65],[438234.86,6710737.44],[438235.16,6710732.98],[438235.46,6710729.39],[438228.73,6710727.18],[438228.07,6710726.97],[438228.04,6710727.3],[438227.97,6710729.0],[438227.81,6710731.46],[438227.7,6710734.18],[438227.62,6710734.96],[438227.46,6710736.08],[438227.28,6710738.28],[438227.18,6710739.23],[438227.08,6710740.19],[438226.91,6710742.15],[438226.75,6710744.59],[438226.63,6710746.36],[438226.6,6710747.21],[438226.59,6710747.94],[438226.65,6710748.99]]]]}},{"type":"Feature","properties":{"idu":"49353000AZ0080","section":"AZ","numero":"0080","libelle":"AZ 0080","code_insee":"49353","commune":"Trélazé","contenance":137},"geometry":{"type":"MultiPolygon","coordinates":[[[[438237.47,6710775.9],[438237.13,6710772.95],[438235.84,6710773.07],[438235.32,6710768.45],[438234.97,6710764.38],[438234.57,6710760.19],[438234.16,6710756.39],[438233.74,6710752.02],[438233.91,6710749.47],[438233.26,6710749.42],[438230.3,6710749.22],[438226.65,6710748.99],[438226.67,6710750.2],[438226.72,6710751.16],[438226.81,6710752.41],[438226.89,6710753.71],[438227.24,6710757.1],[438227.41,6710758.79],[438229.11,6710758.59],[438230.16,6710758.46],[438230.66,6710762.59],[438231.29,6710767.42],[438232.02,6710773.52],[438232.36,6710776.35],[438237.47,6710775.9]]]]}},{"type":"Feature","properties":{"idu":"49353000AZ0081","section":"AZ","numero":"0081","libelle":"AZ 0081","code_insee":"49353","commune":"Trélazé","contenance":572},"geometry":{"type":"MultiPolygon","coordinates":[[[[438262.98,6710718.09],[438256.77,6710716.2],[438246.16,6710712.97],[438228.43,6710707.56],[438228.09,6710711.46],[438227.96,6710712.85],[438227.89,6710714.19],[438227.91,6710715.53],[438227.92,6710716.79],[438227.94,6710718.0],[438227.97,6710719.6],[438228.07,6710721.38],[438228.13,6710723.47],[438228.15,6710725.13],[438228.13,6710726.17],[438228.07,6710726.97],[438228.73,6710727.18],[438235.46,6710729.39],[438235.68,6710726.73],[438242.85,6710728.94],[438248.13,6710730.67],[438257.93,6710733.73],[438260.36,6710726.19],[438262.98,6710718.09]]]]}},{"type":"Feature","properties":{"idu":"49353000AZ0083","section":"AZ","numero":"0083","libelle":"AZ 0083","code_insee":"49353","commune":"Trélazé","contenance":915},"geometry":{"type":"MultiPolygon","coordinates":[[[[438256.57,6710895.34],[438256.57,6710895.32],[438257.01,6710888.99],[438257.1,6710887.63],[438257.34,6710883.97],[438257.58,6710880.45],[438257.83,6710876.66],[438258.35,6710870.43],[438258.76,6710864.65],[438259.15,6710858.84],[438259.23,6710857.39],[438259.18,6710855.04],[438259.18,6710854.66],[438244.22,6710853.94],[438229.08,6710877.61],[438230.66,6710884.56],[438246.66,6710894.4],[438256.57,6710895.34]]]]}},{"type":"Feature","properties":{"idu":"49353000AZ0084","section":"AZ","numero":"0084","libelle":"AZ 0084","code_insee":"49353","commune":"Trélazé","contenance":1227},"geometry":{"type":"MultiPolygon","coordinates":[[[[438255.88,6710904.39],[438256.14,6710900.96],[438256.57,6710895.34],[438246.66,6710894.4],[438230.66,6710884.56],[438229.08,6710877.61],[438244.22,6710853.94],[438259.18,6710854.66],[438259.14,6710852.5],[438259.05,6710851.94],[438258.92,6710850.99],[438258.71,6710849.69],[438258.44,6710848.2],[438258.05,6710846.02],[438257.68,6710844.23],[438256.44,6710838.08],[438224.82,6710841.78],[438223.27,6710841.96],[438214.06,6710874.24],[438212.84,6710878.49],[438255.88,6710904.39]]]]}},{"type":"Feature","properties":{"idu":"49353000AZ0086","section":"AZ","numero":"0086","libelle":"AZ 0086","code_insee":"49353","commune":"Trélazé","contenance":4881},"geometry":{"type":"MultiPolygon","coordinates":[[[[438221.42,6710739.87],[438221.49,6710738.35],[438221.71,6710732.01],[438221.95,6710727.25],[438222.2,6710722.54],[438222.38,6710718.59],[438222.55,6710715.38],[438222.73,6710712.25],[438223.02,6710707.87],[438223.43,6710702.73],[438223.76,6710698.6],[438224.23,6710694.56],[438224.59,6710691.14],[438225.0,6710688.19],[438225.47,6710684.77],[438226.07,6710681.19],[438226.85,6710676.46],[438227.81,6710670.6],[438229.07,6710664.02],[438225.88,6710662.96],[438222.44,6710661.79],[438217.92,6710660.3],[438213.19,6710658.77],[438208.06,6710657.17],[438200.06,6710654.49],[438195.76,6710653.06],[438192.73,6710652.07],[438182.9,6710648.79],[438172.41,6710645.3],[438169.62,6710644.36],[438163.4,6710642.28],[438152.32,6710638.48],[438144.35,6710635.83],[438154.34,6710661.03],[438162.88,6710679.1],[438168.34,6710693.49],[438168.01,6710708.74],[438178.95,6710713.92],[438197.2,6710722.56],[438187.57,6710743.29],[438188.18,6710743.57],[438221.42,6710739.87]]]]}},{"type":"Feature","properties":{"idu":"49353000AZ0087","section":"AZ","numero":"0087","libelle":"AZ 0087","code_insee":"49353","commune":"Trélazé","contenance":177},"geometry":{"type":"MultiPolygon","coordinates":[[[[438227.18,6710739.23],[438227.28,6710738.28],[438227.46,6710736.08],[438227.62,6710734.96],[438227.7,6710734.18],[438227.81,6710731.46],[438227.97,6710729.0],[438228.04,6710727.3],[438228.07,6710726.97],[438228.13,6710726.17],[438228.15,6710725.13],[438228.13,6710723.47],[438228.07,6710721.38],[438227.97,6710719.6],[438227.94,6710718.0],[438227.92,6710716.79],[438227.91,6710715.53],[438227.89,6710714.19],[438227.96,6710712.85],[438228.09,6710711.46],[438228.43,6710707.56],[438228.82,6710703.78],[438229.38,6710698.17],[438230.08,6710691.27],[438230.86,6710683.66],[438231.49,6710678.66],[438232.01,6710673.88],[438232.22,6710672.03],[438232.99,6710665.35],[438231.51,6710664.82],[438229.92,6710675.42],[438229.0,6710681.88],[438228.16,6710687.73],[438227.65,6710691.64],[438227.35,6710694.57],[438227.01,6710697.95],[438226.59,6710702.26],[438226.2,6710706.66],[438225.77,6710711.66],[438225.58,6710715.04],[438225.46,6710717.9],[438225.32,6710721.13],[438225.09,6710725.74],[438224.93,6710729.67],[438224.79,6710731.88],[438224.65,6710734.44],[438224.57,6710737.05],[438224.55,6710738.58],[438224.54,6710739.52],[438227.18,6710739.23]]]]}},{"type":"Feature","properties":{"idu":"49353000AZ0093","section":"AZ","numero":"0093","libelle":"AZ 0093","code_insee":"49353","commune":"Trélazé","contenance":236},"geometry":{"type":"MultiPolygon","coordinates":[[[[438002.14,6710595.41],[437996.86,6710611.49],[438001.4,6710612.98],[438001.66,6710613.92],[438001.98,6710614.84],[438002.37,6710615.73],[438002.82,6710616.59],[438003.33,6710617.41],[438003.9,6710618.2],[438004.53,6710618.94],[438005.2,6710619.64],[438005.92,6710620.29],[438006.69,6710620.88],[438013.8,6710599.24],[438002.14,6710595.41]]]]}},{"type":"Feature","properties":{"idu":"49353000AZ0094","section":"AZ","numero":"0094","libelle":"AZ 0094","code_insee":"49353","commune":"Trélazé","contenance":269},"geometry":{"type":"MultiPolygon","coordinates":[[[[438013.8,6710599.24],[438006.69,6710620.88],[438008.07,6710621.87],[438009.4,6710622.92],[438010.69,6710624.04],[438011.94,6710625.21],[438013.12,6710626.43],[438014.26,6710627.7],[438015.34,6710629.02],[438024.02,6710602.61],[438013.8,6710599.24]]]]}},{"type":"Feature","properties":{"idu":"49353000AZ0095","section":"AZ","numero":"0095","libelle":"AZ 0095","code_insee":"49353","commune":"Trélazé","contenance":275},"geometry":{"type":"MultiPolygon","coordinates":[[[[438024.02,6710602.61],[438015.34,6710629.02],[438015.91,6710629.84],[438016.45,6710630.68],[438017.03,6710631.52],[438017.66,6710632.32],[438018.34,6710633.06],[438019.09,6710633.75],[438019.88,6710634.39],[438020.73,6710634.96],[438021.61,6710635.46],[438022.53,6710635.89],[438032.55,6710605.42],[438024.02,6710602.61]]]]}},{"type":"Feature","properties":{"idu":"49353000AZ0096","section":"AZ","numero":"0096","libelle":"AZ 0096","code_insee":"49353","commune":"Trélazé","contenance":240},"geometry":{"type":"MultiPolygon","coordinates":[[[[438032.55,6710605.42],[438022.53,6710635.89],[438029.61,6710638.22],[438039.65,6710607.75],[438032.55,6710605.42]]]]}},{"type":"Feature","properties":{"idu":"49353000AZ0097","section":"AZ","numero":"0097","libelle":"AZ 0097","code_insee":"49353","commune":"Trélazé","contenance":241},"geometry":{"type":"MultiPolygon","coordinates":[[[[438042.49,6710608.69],[438032.46,6710639.16],[438039.58,6710641.5],[438049.6,6710611.03],[438042.49,6710608.69]]]]}},{"type":"Feature","properties":{"idu":"49353000AZ0098","section":"AZ","numero":"0098","libelle":"AZ 0098","code_insee":"49353","commune":"Trélazé","contenance":288},"geometry":{"type":"MultiPolygon","coordinates":[[[[438049.6,6710611.03],[438039.58,6710641.5],[438048.09,6710644.3],[438058.11,6710613.82],[438049.6,6710611.03]]]]}},{"type":"Feature","properties":{"idu":"49353000AZ0099","section":"AZ","numero":"0099","libelle":"AZ 0099","code_insee":"49353","commune":"Trélazé","contenance":289},"geometry":{"type":"MultiPolygon","coordinates":[[[[438058.11,6710613.82],[438048.09,6710644.3],[438056.62,6710647.1],[438066.64,6710616.63],[438058.11,6710613.82]]]]}},{"type":"Feature","properties":{"idu":"49353000AZ0100","section":"AZ","numero":"0100","libelle":"AZ 0100","code_insee":"49353","commune":"Trélazé","contenance":295},"geometry":{"type":"MultiPolygon","coordinates":[[[[438066.64,6710616.63],[438056.62,6710647.1],[438058.02,6710647.72],[438059.39,6710648.4],[438060.74,6710649.14],[438062.04,6710649.94],[438063.3,6710650.8],[438064.53,6710651.72],[438075.16,6710619.43],[438066.64,6710616.63]]]]}},{"type":"Feature","properties":{"idu":"49353000AZ0101","section":"AZ","numero":"0101","libelle":"AZ 0101","code_insee":"49353","commune":"Trélazé","contenance":321},"geometry":{"type":"MultiPolygon","coordinates":[[[[438075.16,6710619.43],[438064.53,6710651.72],[438065.67,6710652.64],[438066.76,6710653.62],[438067.8,6710654.65],[438068.8,6710655.73],[438072.3,6710656.88],[438083.69,6710622.24],[438075.16,6710619.43]]]]}},{"type":"Feature","properties":{"idu":"49353000AZ0102","section":"AZ","numero":"0102","libelle":"AZ 0102","code_insee":"49353","commune":"Trélazé","contenance":291},"geometry":{"type":"MultiPolygon","coordinates":[[[[438083.69,6710622.24],[438072.3,6710656.88],[438071.53,6710659.19],[438078.62,6710661.52],[438090.77,6710624.57],[438083.69,6710622.24]]]]}},{"type":"Feature","properties":{"idu":"49353000AZ0103","section":"AZ","numero":"0103","libelle":"AZ 0103","code_insee":"49353","commune":"Trélazé","contenance":944},"geometry":{"type":"MultiPolygon","coordinates":[[[[438094.41,6710625.77],[438082.26,6710662.72],[438079.51,6710671.04],[438080.81,6710672.49],[438082.15,6710673.91],[438083.54,6710675.27],[438084.98,6710676.59],[438086.46,6710677.86],[438087.98,6710679.08],[438089.53,6710680.25],[438091.13,6710681.37],[438092.76,6710682.43],[438098.13,6710678.94],[438110.02,6710642.99],[438110.1,6710642.65],[438110.11,6710642.31],[438110.05,6710641.97],[438109.92,6710641.65],[438109.73,6710641.35],[438109.49,6710641.1],[438108.56,6710640.54],[438107.67,6710639.93],[438106.82,6710639.25],[438106.03,6710638.52],[438105.27,6710637.74],[438104.57,6710636.91],[438103.93,6710636.04],[438103.35,6710635.12],[438102.82,6710634.17],[438102.36,6710633.19],[438101.96,6710632.32],[438101.49,6710631.49],[438100.96,6710630.69],[438100.38,6710629.93],[438099.75,6710629.22],[438099.07,6710628.55],[438098.35,6710627.93],[438097.58,6710627.36],[438096.77,6710626.85],[438095.93,6710626.4],[438095.06,6710626.01],[438094.41,6710625.77]]]]}},{"type":"Feature","properties":{"idu":"49353000AZ0107","section":"AZ","numero":"0107","libelle":"AZ 0107","code_insee":"49353","commune":"Trélazé","contenance":97},"geometry":{"type":"MultiPolygon","coordinates":[[[[438039.65,6710607.75],[438029.61,6710638.22],[438032.46,6710639.16],[438042.49,6710608.69],[438039.65,6710607.75]]]]}},{"type":"Feature","properties":{"idu":"49353000AZ0108","section":"AZ","numero":"0108","libelle":"AZ 0108","code_insee":"49353","commune":"Trélazé","contenance":149},"geometry":{"type":"MultiPolygon","coordinates":[[[[438090.77,6710624.57],[438078.62,6710661.52],[438082.26,6710662.72],[438094.41,6710625.77],[438094.16,6710625.68],[438090.77,6710624.57]]]]}},{"type":"Feature","properties":{"idu":"49353000AZ0109","section":"AZ","numero":"0109","libelle":"AZ 0109","code_insee":"49353","commune":"Trélazé","contenance":1489},"geometry":{"type":"MultiPolygon","coordinates":[[[[438092.76,6710682.43],[438091.13,6710681.37],[438089.53,6710680.25],[438087.98,6710679.08],[438086.46,6710677.86],[438084.98,6710676.59],[438083.54,6710675.27],[438082.15,6710673.91],[438080.81,6710672.49],[438079.51,6710671.04],[438082.26,6710662.72],[438078.62,6710661.52],[438071.53,6710659.19],[438072.3,6710656.88],[438068.8,6710655.73],[438067.8,6710654.65],[438066.76,6710653.62],[438065.67,6710652.64],[438064.53,6710651.72],[438063.3,6710650.8],[438062.04,6710649.94],[438060.74,6710649.14],[438059.39,6710648.4],[438058.02,6710647.72],[438056.62,6710647.1],[438048.09,6710644.3],[438039.58,6710641.5],[438032.46,6710639.16],[438029.61,6710638.22],[438022.53,6710635.89],[438021.61,6710635.46],[438020.73,6710634.96],[438019.88,6710634.39],[438019.09,6710633.75],[438018.34,6710633.06],[438017.66,6710632.32],[438017.03,6710631.52],[438016.45,6710630.68],[438015.91,6710629.84],[438015.34,6710629.02],[438014.26,6710627.7],[438013.12,6710626.43],[438011.94,6710625.21],[438010.69,6710624.04],[438009.4,6710622.92],[438008.07,6710621.87],[438006.69,6710620.88],[438005.92,6710620.29],[438005.2,6710619.64],[438004.53,6710618.94],[438003.9,6710618.2],[438003.33,6710617.41],[438002.82,6710616.59],[438002.37,6710615.73],[438001.98,6710614.84],[438001.66,6710613.92],[438001.4,6710612.98],[437996.86,6710611.49],[437985.45,6710607.74],[437979.76,6710605.87],[437979.47,6710605.73],[437979.21,6710605.54],[437979.0,6710605.3],[437978.85,6710605.01],[437978.76,6710604.7],[437978.73,6710604.38],[437978.78,6710604.06],[437976.23,6710603.22],[437974.91,6710607.22],[437979.28,6710609.4],[437981.4,6710611.78],[437983.57,6710614.1],[437985.8,6710616.37],[437988.07,6710618.59],[437990.41,6710620.74],[437992.8,6710622.84],[437995.23,6710624.88],[437997.71,6710626.86],[438000.25,6710628.78],[438002.83,6710630.64],[438005.45,6710632.43],[438008.12,6710634.16],[438010.84,6710635.82],[438013.59,6710637.4],[438016.37,6710638.93],[438019.2,6710640.38],[438017.57,6710645.32],[438051.56,6710656.5],[438051.41,6710657.33],[438051.34,6710658.18],[438051.35,6710659.02],[438051.43,6710659.86],[438051.58,6710660.7],[438051.81,6710661.51],[438052.11,6710662.3],[438052.48,6710663.06],[438052.92,6710663.79],[438053.42,6710664.47],[438053.98,6710665.1],[438054.59,6710665.69],[438055.25,6710666.21],[438055.96,6710666.67],[438056.7,6710667.07],[438057.48,6710667.4],[438058.29,6710667.66],[438059.12,6710667.84],[438059.96,6710667.95],[438060.8,6710667.99],[438061.65,6710667.94],[438062.48,6710667.83],[438063.31,6710667.63],[438064.11,6710667.37],[438065.31,6710669.37],[438066.57,6710671.32],[438067.9,6710673.23],[438069.29,6710675.1],[438070.75,6710676.9],[438072.26,6710678.67],[438073.84,6710680.39],[438075.46,6710682.05],[438077.15,6710683.65],[438078.89,6710685.2],[438080.68,6710686.68],[438082.52,6710688.11],[438085.51,6710684.11],[438087.72,6710685.69],[438092.76,6710682.43]]]]}},{"type":"Feature","properties":{"idu":"49353000AZ0113","section":"AZ","numero":"0113","libelle":"AZ 0113","code_insee":"49353","commune":"Trélazé","contenance":303041},"geometry":{"type":"MultiPolygon","coordinates":[[[[437784.06,6710539.62],[437782.1,6710544.61],[437776.58,6710545.23],[437767.56,6710546.8],[437758.02,6710548.85],[437756.97,6710545.81],[437757.98,6710542.18],[437750.4,6710539.15],[437747.49,6710538.01],[437741.39,6710535.6],[437739.25,6710537.28],[437732.88,6710542.09],[437725.79,6710547.41],[437718.12,6710553.2],[437725.37,6710561.06],[437733.71,6710569.81],[437736.42,6710575.58],[437739.31,6710582.04],[437739.69,6710584.88],[437741.74,6710595.65],[437736.01,6710596.91],[437740.89,6710596.87],[437745.67,6710617.06],[437745.52,6710617.09],[437738.97,6710623.96],[437737.54,6710625.05],[437738.15,6710629.81],[437728.51,6710633.68],[437723.53,6710635.69],[437719.78,6710638.54],[437693.88,6710658.86],[437693.16,6710662.13],[437681.11,6710661.23],[437673.78,6710660.64],[437667.43,6710660.23],[437666.97,6710665.28],[437649.69,6710663.06],[437634.75,6710661.1],[437627.05,6710660.1],[437626.17,6710664.25],[437625.6,6710666.83],[437625.34,6710668.27],[437624.65,6710672.6],[437624.28,6710675.19],[437623.64,6710679.05],[437622.95,6710683.59],[437622.28,6710687.95],[437621.67,6710692.03],[437620.87,6710697.21],[437620.25,6710701.12],[437619.46,6710706.07],[437618.69,6710710.77],[437618.44,6710712.45],[437618.09,6710714.51],[437617.77,6710716.35],[437617.45,6710717.86],[437617.05,6710719.61],[437616.61,6710721.19],[437616.16,6710722.91],[437615.57,6710724.88],[437615.05,6710726.57],[437614.45,6710728.58],[437613.56,6710731.27],[437613.2,6710732.49],[437612.57,6710734.32],[437612.0,6710735.98],[437611.36,6710737.8],[437610.61,6710739.77],[437609.95,6710741.59],[437609.43,6710743.0],[437608.7,6710744.73],[437608.08,6710746.3],[437606.98,6710748.8],[437605.71,6710751.63],[437604.45,6710754.56],[437602.99,6710758.0],[437601.48,6710761.5],[437599.61,6710765.9],[437598.2,6710769.13],[437596.78,6710772.42],[437595.34,6710775.87],[437593.84,6710779.39],[437591.84,6710784.06],[437589.82,6710788.81],[437587.77,6710793.65],[437585.99,6710797.91],[437584.32,6710801.97],[437582.98,6710805.17],[437581.93,6710807.8],[437581.29,6710809.55],[437580.63,6710811.44],[437580.03,6710813.26],[437579.39,6710815.38],[437578.96,6710816.83],[437578.59,6710818.24],[437578.35,6710819.25],[437578.18,6710820.43],[437577.91,6710822.2],[437577.64,6710824.1],[437577.38,6710825.86],[437577.21,6710827.66],[437577.08,6710829.35],[437576.96,6710831.67],[437576.66,6710836.58],[437576.5,6710840.1],[437576.57,6710841.67],[437576.66,6710844.45],[437576.78,6710847.48],[437577.01,6710852.44],[437577.15,6710856.57],[437577.38,6710860.07],[437578.36,6710863.37],[437579.42,6710867.33],[437580.52,6710870.95],[437581.25,6710873.3],[437582.26,6710876.12],[437583.52,6710879.86],[437585.33,6710885.34],[437587.26,6710890.89],[437588.38,6710894.34],[437590.32,6710900.0],[437592.1,6710905.28],[437593.79,6710910.35],[437595.64,6710915.74],[437597.12,6710920.35],[437598.71,6710925.18],[437600.0,6710929.1],[437601.76,6710934.38],[437603.65,6710939.86],[437605.63,6710945.74],[437606.89,6710949.53],[437602.32,6710964.29],[437586.78,6710977.09],[437568.97,6710992.0],[437556.59,6711001.99],[437566.14,6711006.63],[437571.03,6711006.77],[437577.01,6711006.97],[437582.57,6711007.12],[437595.58,6711007.49],[437609.52,6711007.81],[437621.88,6711008.17],[437628.93,6711008.44],[437636.58,6711008.64],[437646.32,6711008.96],[437654.14,6711009.26],[437661.75,6711009.63],[437664.63,6711009.76],[437666.4,6711009.82],[437668.18,6711009.94],[437669.86,6711010.13],[437671.45,6711010.42],[437672.72,6711010.66],[437674.47,6711011.21],[437675.43,6711011.58],[437676.34,6711011.99],[437678.69,6711013.15],[437681.49,6711014.59],[437685.88,6711016.9],[437690.43,6711019.35],[437694.23,6711021.36],[437697.19,6711022.96],[437701.24,6711025.2],[437704.95,6711027.32],[437707.18,6711028.55],[437711.81,6711031.17],[437714.66,6711032.81],[437718.11,6711034.75],[437721.13,6711036.5],[437722.73,6711037.48],[437723.52,6711038.04],[437726.76,6711040.23],[437729.21,6711041.9],[437731.43,6711043.44],[437732.27,6711044.01],[437733.81,6711045.12],[437734.73,6711045.88],[437735.17,6711046.26],[437735.69,6711046.78],[437736.13,6711047.35],[437736.73,6711048.29],[437737.26,6711049.15],[437737.71,6711050.35],[437738.37,6711052.38],[437739.12,6711055.14],[437739.83,6711057.4],[437740.52,6711059.55],[437741.48,6711062.14],[437742.47,6711064.72],[437743.18,6711066.34],[437743.9,6711067.89],[437744.52,6711068.97],[437745.26,6711070.04],[437746.05,6711071.15],[437746.99,6711072.33],[437747.78,6711073.27],[437748.91,6711074.36],[437749.25,6711074.7],[437750.65,6711076.04],[437751.56,6711076.78],[437753.0,6711077.86],[437755.4,6711079.6],[437757.28,6711080.9],[437758.84,6711081.97],[437760.32,6711082.95],[437761.68,6711083.72],[437763.22,6711084.6],[437764.23,6711085.16],[437765.39,6711085.76],[437766.83,6711086.48],[437768.15,6711087.0],[437769.69,6711087.64],[437771.0,6711088.12],[437773.35,6711089.01],[437776.46,6711090.16],[437778.7,6711090.92],[437780.81,6711091.61],[437782.53,6711092.14],[437784.03,6711092.57],[437785.11,6711092.81],[437785.89,6711092.99],[437786.97,6711093.15],[437788.02,6711093.31],[437788.33,6711093.33],[437789.29,6711093.37],[437790.18,6711093.39],[437791.05,6711093.39],[437792.24,6711093.26],[437793.57,6711093.06],[437794.88,6711092.87],[437796.17,6711092.64],[437796.98,6711092.43],[437797.99,6711092.16],[437799.17,6711091.74],[437800.59,6711091.11],[437803.08,6711089.7],[437805.54,6711088.28],[437807.25,6711087.3],[437810.83,6711085.17],[437812.75,6711084.0],[437816.52,6711081.82],[437819.27,6711080.19],[437822.56,6711078.2],[437826.11,6711076.04],[437829.83,6711073.73],[437832.5,6711072.17],[437834.73,6711070.69],[437837.12,6711069.23],[437841.61,6711066.49],[437845.1,6711064.27],[437847.1,6711062.98],[437849.18,6711061.64],[437853.05,6711059.17],[437857.56,6711056.23],[437860.52,6711054.32],[437865.15,6711051.36],[437868.36,6711049.34],[437874.74,6711045.31],[437880.75,6711041.47],[437886.84,6711050.56],[437893.19,6711060.03],[437901.49,6711072.39],[437911.69,6711087.68],[437910.9,6711088.73],[437910.33,6711089.66],[437909.81,6711090.57],[437909.4,6711091.39],[437909.08,6711092.06],[437908.72,6711092.91],[437908.41,6711093.88],[437908.18,6711094.91],[437908.01,6711095.83],[437907.95,6711096.41],[437907.9,6711097.34],[437907.88,6711098.2],[437907.92,6711099.0],[437908.0,6711099.73],[437908.08,6711100.24],[437908.23,6711101.24],[437908.51,6711102.32],[437908.76,6711103.19],[437909.08,6711103.93],[437909.53,6711104.95],[437910.1,6711105.97],[437910.89,6711107.3],[437911.53,6711108.26],[437912.38,6711109.54],[437914.61,6711112.66],[437917.77,6711117.19],[437921.9,6711122.95],[437925.38,6711127.93],[437928.1,6711131.88],[437931.24,6711136.48],[437934.38,6711140.9],[437937.39,6711145.16],[437940.5,6711149.6],[437943.11,6711153.27],[437944.95,6711155.92],[437946.27,6711158.14],[437946.45,6711158.51],[437946.71,6711158.95],[437948.0,6711161.56],[437951.23,6711168.26],[437953.45,6711172.8],[437955.23,6711176.36],[437957.45,6711180.67],[437959.65,6711184.84],[437961.92,6711189.13],[437963.41,6711191.81],[437966.66,6711197.74],[437970.03,6711203.82],[437970.78,6711205.2],[437972.49,6711208.23],[437973.65,6711210.24],[437974.25,6711211.25],[437974.65,6711211.83],[437975.24,6711212.57],[437975.81,6711213.05],[437976.39,6711213.39],[437977.09,6711213.72],[437977.6,6711213.93],[437978.09,6711214.09],[437978.42,6711214.16],[437978.87,6711214.27],[437979.56,6711214.36],[437980.17,6711214.34],[437980.75,6711214.27],[437981.4,6711214.13],[437982.25,6711213.78],[437983.33,6711213.31],[437984.21,6711212.89],[437985.18,6711212.34],[437986.23,6711211.71],[437987.67,6711210.8],[437990.5,6711209.09],[437994.73,6711206.48],[437998.08,6711204.44],[438002.46,6711201.78],[438006.78,6711199.11],[438010.87,6711196.6],[438016.82,6711192.98],[438019.49,6711191.33],[438023.46,6711188.91],[438026.7,6711186.92],[438028.28,6711185.93],[438032.99,6711183.02],[438036.81,6711180.66],[438038.28,6711179.72],[438040.67,6711178.16],[438044.67,6711175.61],[438049.69,6711172.43],[438052.13,6711170.9],[438054.48,6711169.31],[438057.23,6711167.56],[438060.31,6711165.67],[438063.9,6711163.4],[438067.48,6711161.11],[438078.64,6711154.07],[438094.92,6711143.7],[438111.79,6711133.07],[438123.8,6711125.46],[438131.74,6711120.42],[438139.53,6711115.52],[438146.82,6711110.94],[438165.23,6711099.32],[438193.05,6711081.78],[438210.14,6711071.02],[438220.75,6711064.35],[438244.78,6711049.1],[438247.27,6711047.5],[438247.51,6711046.65],[438247.57,6711044.71],[438247.77,6711040.2],[438248.19,6711031.52],[438248.44,6711024.93],[438248.73,6711019.36],[438249.11,6711012.79],[438249.51,6711004.82],[438249.93,6710997.29],[438250.29,6710990.63],[438250.84,6710982.34],[438251.23,6710975.46],[438251.56,6710969.05],[438251.97,6710962.96],[438252.31,6710957.3],[438252.72,6710950.22],[438253.08,6710944.46],[438253.45,6710938.54],[438253.84,6710932.2],[438254.36,6710924.42],[438254.39,6710924.01],[438254.92,6710916.4],[438255.32,6710911.57],[438255.55,6710908.67],[438255.88,6710904.39],[438212.84,6710878.49],[438205.99,6710874.36],[438218.36,6710842.55],[438236.14,6710796.83],[438243.11,6710798.11],[438247.41,6710797.81],[438246.6,6710794.16],[438246.39,6710793.19],[438246.28,6710792.27],[438246.1,6710790.74],[438245.63,6710785.96],[438242.77,6710786.26],[438242.47,6710783.64],[438245.29,6710783.29],[438245.12,6710781.75],[438244.9,6710779.62],[438244.69,6710777.14],[438244.54,6710775.26],[438237.47,6710775.9],[438232.36,6710776.35],[438232.02,6710773.52],[438231.29,6710767.42],[438230.66,6710762.59],[438230.16,6710758.46],[438229.11,6710758.59],[438227.41,6710758.79],[438227.24,6710757.1],[438226.89,6710753.71],[438226.81,6710752.41],[438226.72,6710751.16],[438226.67,6710750.2],[438226.65,6710748.99],[438226.59,6710747.94],[438226.6,6710747.21],[438226.63,6710746.36],[438226.75,6710744.59],[438226.91,6710742.15],[438227.08,6710740.19],[438227.18,6710739.23],[438224.54,6710739.52],[438224.52,6710740.63],[438224.57,6710742.93],[438224.6,6710745.45],[438224.64,6710748.06],[438224.76,6710751.09],[438224.86,6710754.19],[438224.92,6710758.45],[438225.06,6710762.6],[438225.13,6710764.25],[438222.17,6710764.51],[438221.81,6710757.31],[438221.51,6710752.34],[438221.36,6710749.48],[438221.3,6710747.04],[438221.22,6710745.7],[438221.26,6710744.24],[438221.31,6710742.05],[438221.42,6710739.87],[438188.18,6710743.57],[438187.57,6710743.29],[438197.2,6710722.56],[438178.95,6710713.92],[438168.01,6710708.74],[438168.34,6710693.49],[438162.88,6710679.1],[438154.34,6710661.03],[438144.35,6710635.83],[438143.56,6710635.57],[438134.88,6710632.69],[438123.04,6710628.78],[438091.74,6710618.55],[438072.02,6710612.03],[438055.27,6710606.42],[438037.36,6710600.49],[438028.06,6710597.34],[438018.91,6710594.33],[438008.15,6710590.75],[437998.3,6710587.49],[437991.26,6710585.21],[437990.77,6710586.74],[437986.84,6710585.44],[437987.3,6710583.91],[437977.98,6710580.88],[437958.53,6710574.39],[437933.54,6710566.14],[437916.12,6710560.29],[437907.51,6710557.38],[437897.99,6710554.21],[437888.0,6710550.91],[437878.75,6710547.8],[437866.11,6710543.65],[437851.57,6710538.86],[437835.74,6710533.72],[437837.67,6710527.53],[437839.59,6710521.97],[437838.57,6710521.63],[437837.08,6710521.15],[437836.16,6710520.83],[437834.34,6710526.43],[437832.43,6710532.65],[437811.55,6710525.77],[437792.52,6710519.57],[437784.06,6710539.62]],[[437738.31,6711016.91],[437740.81,6711020.08],[437735.37,6711028.5],[437733.71,6711030.59],[437732.58,6711031.98],[437731.57,6711032.79],[437731.13,6711033.09],[437730.71,6711033.25],[437730.42,6711033.29],[437730.04,6711033.3],[437729.74,6711033.23],[437729.34,6711033.03],[437728.85,6711032.74],[437728.24,6711032.15],[437725.55,6711032.27],[437723.83,6711032.5],[437723.39,6711033.99],[437723.13,6711034.71],[437722.97,6711034.99],[437722.75,6711035.22],[437722.48,6711035.3],[437722.2,6711035.45],[437721.99,6711035.46],[437721.74,6711035.45],[437721.45,6711035.4],[437721.22,6711035.26],[437720.93,6711035.05],[437720.45,6711034.72],[437718.55,6711032.33],[437714.59,6711027.1],[437714.8,6711025.06],[437713.29,6711023.16],[437710.84,6711022.49],[437705.6,6711015.65],[437702.83,6711012.03],[437697.2,6711004.67],[437720.55,6711001.09],[437723.3,6711006.18],[437731.84,6710999.74],[437736.21,6711005.47],[437732.02,6711008.78],[437738.31,6711016.91]],[[438124.86,6710747.49],[438124.72,6710734.1],[438138.32,6710733.3],[438149.39,6710732.61],[438150.85,6710747.04],[438149.55,6710748.22],[438148.88,6710748.85],[438148.47,6710749.31],[438148.01,6710750.04],[438147.5,6710750.88],[438147.16,6710751.48],[438146.89,6710752.22],[438146.6,6710753.02],[438146.34,6710753.92],[438146.11,6710754.81],[438145.92,6710755.61],[438145.8,6710756.43],[438145.72,6710757.1],[438145.63,6710758.09],[438145.55,6710759.03],[438145.48,6710760.07],[438145.49,6710760.9],[438145.5,6710761.95],[438145.58,6710763.35],[438145.67,6710764.71],[438145.74,6710765.55],[438149.43,6710765.26],[438152.8,6710765.05],[438153.09,6710772.51],[438150.94,6710778.1],[438148.65,6710778.23],[438148.87,6710782.1],[438117.28,6710784.48],[438113.15,6710779.38],[438115.01,6710779.36],[438115.41,6710775.04],[438116.45,6710774.99],[438121.44,6710768.66],[438121.2,6710763.08],[438122.37,6710760.84],[438122.26,6710758.4],[438125.01,6710758.18],[438124.9,6710751.97],[438122.6,6710752.07],[438122.54,6710747.53],[438124.86,6710747.49]],[[437974.91,6710607.22],[437960.65,6710600.12],[437966.33,6710583.63],[437978.06,6710587.49],[437990.74,6710591.66],[438002.14,6710595.41],[438013.8,6710599.24],[438024.02,6710602.61],[438032.55,6710605.42],[438039.65,6710607.75],[438042.49,6710608.69],[438049.6,6710611.03],[438058.11,6710613.82],[438066.64,6710616.63],[438075.16,6710619.43],[438083.69,6710622.24],[438090.77,6710624.57],[438094.16,6710625.68],[438094.41,6710625.77],[438095.06,6710626.01],[438095.93,6710626.4],[438096.77,6710626.85],[438097.58,6710627.36],[438098.35,6710627.93],[438099.07,6710628.55],[438099.75,6710629.22],[438100.38,6710629.93],[438100.96,6710630.69],[438101.49,6710631.49],[438101.96,6710632.32],[438102.36,6710633.19],[438102.82,6710634.17],[438103.35,6710635.12],[438103.93,6710636.04],[438104.57,6710636.91],[438105.27,6710637.74],[438106.03,6710638.52],[438106.82,6710639.25],[438107.67,6710639.93],[438108.56,6710640.54],[438109.49,6710641.1],[438109.73,6710641.35],[438109.92,6710641.65],[438110.05,6710641.97],[438110.11,6710642.31],[438110.1,6710642.65],[438110.02,6710642.99],[438098.13,6710678.94],[438092.76,6710682.43],[438087.72,6710685.69],[438085.51,6710684.11],[438082.52,6710688.11],[438080.68,6710686.68],[438078.89,6710685.2],[438077.15,6710683.65],[438075.46,6710682.05],[438073.84,6710680.39],[438072.26,6710678.67],[438070.75,6710676.9],[438069.29,6710675.1],[438067.9,6710673.23],[438066.57,6710671.32],[438065.31,6710669.37],[438064.11,6710667.37],[438063.31,6710667.63],[438062.48,6710667.83],[438061.65,6710667.94],[438060.8,6710667.99],[438059.96,6710667.95],[438059.12,6710667.84],[438058.29,6710667.66],[438057.48,6710667.4],[438056.7,6710667.07],[438055.96,6710666.67],[438055.25,6710666.21],[438054.59,6710665.69],[438053.98,6710665.1],[438053.42,6710664.47],[438052.92,6710663.79],[438052.48,6710663.06],[438052.11,6710662.3],[438051.81,6710661.51],[438051.58,6710660.7],[438051.43,6710659.86],[438051.35,6710659.02],[438051.34,6710658.18],[438051.41,6710657.33],[438051.56,6710656.5],[438017.57,6710645.32],[438019.2,6710640.38],[438016.37,6710638.93],[438013.59,6710637.4],[438010.84,6710635.82],[438008.12,6710634.16],[438005.45,6710632.43],[438002.83,6710630.64],[438000.25,6710628.78],[437997.71,6710626.86],[437995.23,6710624.88],[437992.8,6710622.84],[437990.41,6710620.74],[437988.07,6710618.59],[437985.8,6710616.37],[437983.57,6710614.1],[437981.4,6710611.78],[437979.28,6710609.4],[437974.91,6710607.22]]]]}}]}
